tag,sample_idx,cosine_similarity,bertscore_precision,bertscore_recall,bertscore_f1,reference,candidate
budget=1024_info_density_delay0_thumbattn,0,1.0,1.0,1.0,1.0,The number displayed above the entrance is 27B.,The number displayed above the entrance is 27B.
budget=1024_info_density_delay0_thumbattn,1,1.0000001192092896,1.0000004768371582,1.0000004768371582,1.0000004768371582,The mailbox is blue.,The mailbox is blue.
budget=1024_info_density_delay0_thumbattn,2,0.97650146484375,0.9935876131057739,0.9935876131057739,0.9935876131057739,The mailbox is on the left side of the woman.,The mailbox is on the right side of the woman.
budget=1024_info_density_delay0_thumbattn,3,0.8627966642379761,0.944355845451355,0.9140462875366211,0.9289538860321045,"The white board in front of the girl in purple shorts has the text ""Elevate"" written on it.","The white board in front of the girl in purple shorts has the text ""Ele"" written on it."
budget=1024_info_density_delay0_thumbattn,4,0.7786773443222046,0.927722156047821,0.9276937246322632,0.9277079701423645,"The text on the blue golf ball holder reads ""Mizuno"".","The text written on the blue golf ball holder is ""Callaway."""
budget=1024_info_density_delay0_thumbattn,5,1.0,0.9999997615814209,0.9999997615814209,0.9999997615814209,The golf ball holder is blue.,The golf ball holder is blue.
budget=1024_info_density_delay0_thumbattn,6,0.5413691401481628,0.5604622960090637,0.6550671458244324,0.6040831804275513,The license plate number of the car is RK 879.,"The image shows a white SUV with a person sitting on top of it, but the license plate is not clearly visible. Therefore, I can't determine the license plate number."
budget=1024_info_density_delay0_thumbattn,7,0.8000966906547546,0.9184890985488892,0.9167275428771973,0.9176074862480164,The person is sitting on the driver's side of the car.,The person is sitting on the right side of the car.
budget=1024_info_density_delay0_thumbattn,8,0.9769500494003296,0.9101969599723816,0.8235687613487244,0.8647186160087585,"The water bottle is placed on a small table or surface in front of the person, to their right side (on the left side of the image).","The water bottle is placed on a small table or ledge in front of the person, to their right side."
budget=1024_info_density_delay0_thumbattn,9,0.8848336935043335,0.9476391673088074,0.9317595362663269,0.93963223695755,"The brand mentioned on the black rectangular device located at the left of the image is ""INsignia.""","The brand mentioned on the black rectangular device located at the left of the image is ""SONY."""
budget=1024_info_density_delay0_thumbattn,10,0.7374981045722961,0.9215444326400757,0.9231996536254883,0.9223713278770447,"The text written above the logo on the jacket's sleeve is ""epic"".","The text written above the logo on the jacket's sleeve is ""SCOTT."""
budget=1024_info_density_delay0_thumbattn,11,0.9338688850402832,0.9133606553077698,0.6495529413223267,0.7591924071311951,"The person in the background is wearing white gloves. They appear to be a type of work or utility gloves, possibly designed for grip and protection.",The person in the background is wearing white gloves.
budget=1024_info_density_delay0_thumbattn,12,0.8845319747924805,0.8970711827278137,0.940400242805481,0.9182248115539551,The person is standing behind the recycle bin.,The person is standing to the left of the recycle bin.
budget=1024_info_density_delay0_thumbattn,13,0.6631099581718445,0.6790066957473755,0.8323012590408325,0.7478795051574707,"The number written on the sign in the background is ""08-26"".","The number written on the sign in the background is **21**. The sign reads ""06-21,"" which likely indicates a runway or taxiway designation at the airport."
budget=1024_info_density_delay0_thumbattn,14,0.5981535911560059,0.7830008864402771,0.7405790686607361,0.7611993551254272,The sign in the image is yellow.,There is no sign visible in the image.
budget=1024_info_density_delay0_thumbattn,15,0.5567583441734314,0.5845162272453308,0.7399932742118835,0.6531293988227844,The umbrella is blue.,"The image doesn't show an umbrella, so I can't determine its color."
budget=1024_info_density_delay0_thumbattn,16,0.6376790404319763,0.4815029203891754,0.6345788240432739,0.5475433468818665,"The title of the framed poster visible in the image is ""The Book of Kells.""","The image shows the interior of a large, empty church with wooden pews arranged in rows. There is no framed poster visible in the image. Therefore, I cannot provide the title of a framed poster.

However, if you have more details or another image where a framed poster is visible, I'd be happy to help with that!"
budget=1024_info_density_delay0_thumbattn,17,0.6820396780967712,0.5106697678565979,0.6995254755020142,0.5903617739677429,"The barge on the left side of the image is named ""Peter Lind.""","The barge on the left side of the image appears to be a flat-bottomed vessel, likely used for transporting goods along the waterway. However, the name of the barge is not visible in the image. Typically, the name of a barge would be displayed on its side or rear, but it is not legible here. If you have more specific details or a clearer image, I might be able to help further!"
budget=1024_info_density_delay0_thumbattn,18,0.7094313502311707,0.9929764866828918,0.9929764866828918,0.9929764866828918,"The neon ""OPEN"" sign hanging above the items for sale is blue.","The neon ""OPEN"" sign hanging above the items for sale is green."
budget=1024_info_density_delay0_thumbattn,19,1.0,0.9999999403953552,0.9999999403953552,0.9999999403953552,"The road sign directly below the American flag reads ""ONE WAY.""","The road sign directly below the American flag reads ""ONE WAY."""
budget=1024_info_density_delay0_thumbattn,20,0.9037823677062988,0.9449562430381775,0.958759605884552,0.9518079161643982,"The number written on the front of the train is ""460 112-6"".","The number written on the front of the train is ""303 016-0""."
budget=1024_info_density_delay0_thumbattn,21,0.6127638816833496,0.8589380979537964,0.5811853408813477,0.6932770013809204,"In the image, there are three dogs being walked. They are all on leashes and being led by a person dressed in a red jacket. The setting appears to be a park or a similar outdoor area with a hedge in the background and a clear blue sky above. The autumn foliage adds a nice touch to the scene, with the grass and fallen leaves indicating the season.",There are two dogs being walked in the image.
budget=1024_info_density_delay0_thumbattn,22,0.6556506752967834,0.650442361831665,0.861473798751831,0.741230309009552,There isn't a bike visible in the image.,"There is no bike visible in the image. The image shows a river with buildings along the bank, including a tall cylindrical green building."
budget=1024_info_density_delay0_thumbattn,23,0.7903996109962463,0.6558123826980591,0.5807607769966125,0.616008996963501,"The image shows a tall, cylindrical building with a distinctive geometric pattern on its facade, situated next to a river. The building appears to be part of a modern architectural complex that includes a lower structure with a sloped roof.

Regarding the signboard attached to the building, there is no clearly visible signboard on the part of the building that is prominently displayed in the image. If the signboard is present but not easily noticeable due to the angle or distance, it might be difficult to determine its shape accurately. However, based on the visible portion of the building, no distinct signboard shape can be identified.","The image shows a tall, cylindrical green building near a river. There is no signboard visibly attached to this building or any other structure in the image. If you're referring to a different image or need further details, please provide more information!"
budget=1024_info_density_delay0_thumbattn,24,0.7413609027862549,0.824953556060791,0.7957589030265808,0.8100932836532593,The text on the signboard is not clearly visible in the image.,There is no signboard visible in the image.
budget=1024_info_density_delay0_thumbattn,25,0.9815266132354736,0.9314459562301636,0.9463313221931458,0.9388296008110046,"The orange building is located to the left of the cylindrical green building when facing the image. The cylindrical green building stands prominently on the right side, while the orange building is positioned further back and to the left, closer to the water's edge.","The orange building is located to the left of the cylindrical green building when facing the image. The cylindrical green building stands prominently on the right side, while the orange building is positioned further back and to the left, partially obscured by other structures."
budget=1024_info_density_delay0_thumbattn,26,0.6320985555648804,0.5042476058006287,0.7289273738861084,0.5961195826530457,"The signboard above the left door reads ""Abri de Patoud.""","The signboard above the left door reads ""pinatour."" This suggests that the place is likely associated with a location or establishment named ""pinatour."" It could be a local business, a landmark, or a point of interest within the area depicted in the image."
budget=1024_info_density_delay0_thumbattn,27,1.0,0.9999998807907104,0.9999998807907104,0.9999998807907104,The man wearing a yellow shirt is carrying a black backpack.,The man wearing a yellow shirt is carrying a black backpack.
budget=1024_info_density_delay0_thumbattn,28,0.5969582796096802,0.5084437131881714,0.7466286420822144,0.6049350500106812,The girl wearing a blue top is sitting on the left side of the man wearing a yellow shirt.,"The girl wearing a blue top is sitting on the left side of the man wearing a yellow shirt. 

To break it down:
1. The man in the yellow shirt is positioned towards the right side of the image.
2. The girl in the blue top is sitting on a stone ledge to the left of the man in the yellow shirt.
3. Both are facing away from the camera, and the girl is closer to the foreground compared to the man.

This spatial arrangement places the girl to the left of the man when viewed from the perspective of the image."
budget=1024_info_density_delay0_thumbattn,29,0.6907885074615479,0.877701997756958,0.7997385263442993,0.8369084596633911,The clock shows a time of approximately 6:10.,The clock shows 1:45.
budget=1024_info_density_delay0_thumbattn,30,0.9974998235702515,0.9606021046638489,0.9606021046638489,0.9606020450592041,The river is flowing from the bottom right to the top left relative to the clock tower.,The river is flowing from the bottom left to the bottom right relative to the clock tower.
budget=1024_info_density_delay0_thumbattn,31,0.755752444267273,0.7251487374305725,0.6681450605392456,0.6954807639122009,"In the middle of the water, there is a small island with a tree and a decorative structure. The structure appears to be a small, illuminated gazebo or亭子, which is a type of open-air pavilion often found in parks. It is surrounded by water and has a light source that makes it stand out against the darker background. The island is also adorned with some greenery, contributing to the serene and picturesque setting.","In the middle of the water, there is a small, circular island with a tree. The island is surrounded by a low, circular fence and has some lighting, which illuminates the area. The tree on the island appears to be a central feature, and the lighting creates a warm, inviting glow on the island and its surroundings."
budget=1024_info_density_delay0_thumbattn,32,0.7842389345169067,0.5888241529464722,0.8523979187011719,0.6965095400810242,The speed limit indicated by the sign in the image is 20 km/h.,"The speed limit sign in the image indicates a limit of 20 kilometers per hour (km/h). This is a common speed limit for areas where there is heavy military presence or where safety is a priority, such as near bases, training grounds, or areas with restricted access. The low speed limit helps ensure the safety of both personnel and vehicles in the vicinity."
budget=1024_info_density_delay0_thumbattn,33,0.6002771258354187,0.541771411895752,0.6851413249969482,0.6050796508789062,The year inscribed on the sundial is 1762.,"The image shows the front of a large Gothic-style cathedral with intricate architectural details, but there is no visible sundial in the image. Therefore, I cannot determine the year inscribed on a sundial from this image."
budget=1024_info_density_delay0_thumbattn,34,0.5090770125389099,0.7878785133361816,0.4214591979980469,0.5491578578948975,"The message on the sign reads ""KHU VỰC NGUY HIỂM KHÔNG NHẤY,"" which translates to ""Dangerous Area, Do Not Enter"" in English.","The sign in the image reads ""Private Property."""
budget=1024_info_density_delay0_thumbattn,35,0.8455091118812561,0.4385518431663513,0.715978741645813,0.5439333319664001,"The hazard numbers on the left side storage container's label are ""1"" and ""8"".","The left side storage container has a label with the following hazard numbers:

- **2**: This indicates flammability.
- **3**: This indicates that the substance is a health hazard.
- **5**: This indicates that the substance is an oxidizer.
- **8**: This indicates that the substance is corrosive.

Thus, the hazard numbers are:

\[
\boxed{2, 3, 5, 8}
\]"
budget=1024_info_density_delay0_thumbattn,36,0.807970404624939,0.9447841644287109,0.9383742213249207,0.9415682554244995,"The ""1"" on the left side hazard label of the storage container is black.","The ""1"" on the left side of the hazard label on the storage container is white."
budget=1024_info_density_delay0_thumbattn,37,0.6520400047302246,0.9683675765991211,0.9683675765991211,0.9683675765991211,The surveillance camera is silver.,The surveillance camera is green.
budget=1024_info_density_delay0_thumbattn,38,0.7574276924133301,0.886177659034729,0.9370316863059998,0.9108955264091492,"The text on the sign attached to the wall of the building reads ""Saint-Paul.""","The text on the sign attached to the wall of the building reads ""Rue Saint-Laurent."""
budget=1024_info_density_delay0_thumbattn,39,0.6838023066520691,0.9085332155227661,0.7005703449249268,0.7911130785942078,"There isn't a car clearly visible in the image. The focus is on the town, buildings, and bridge reflected in the water.",There isn't a car visible in the image.
budget=1024_info_density_delay0_thumbattn,40,0.9728540182113647,0.8843988180160522,0.8827832341194153,0.8835902810096741,The girl is wearing a pink shirt.,The girl's shirt is pink.
budget=1024_info_density_delay0_thumbattn,41,0.6493163108825684,0.63544762134552,0.7401822209358215,0.683827817440033,The car in the image appears to be white.,"The image doesn't show a car. It depicts a scenic view with a lake, trees, and a traditional building."
budget=1024_info_density_delay0_thumbattn,42,0.44716858863830566,0.6098768711090088,0.7117252349853516,0.6568766236305237,The person in the image is wearing dark clothing.,"There is no person visible in the image. The image shows a landscape of terraced rice fields with green and yellow hues, mountains in the background, and a partly cloudy sky."
budget=1024_info_density_delay0_thumbattn,43,0.7018671035766602,0.5686967372894287,0.8210704326629639,0.6719687581062317,There is no flag visible in the image.,"The image shows a cityscape with a large Ferris wheel and several buildings, but there isn't a flag prominently visible in the image. If you're referring to a specific flag, it might be difficult to identify its color without a clearer view."
budget=1024_info_density_delay0_thumbattn,44,0.6159860491752625,0.6995410919189453,0.8101286888122559,0.7507843971252441,"The street sign on the pole near the center bottom of the image indicates ""Michigan Ave.""","The street indicated by the sign on the pole near the center bottom of the image is ""ONE WAY."" The sign also shows an arrow pointing to the left, indicating the direction of traffic."
budget=1024_info_density_delay0_thumbattn,45,0.5902564525604248,0.9751408696174622,0.9751408696174622,0.9751408696174622,The number written on the boat is 4.,The number written on the boat is 50.
budget=1024_info_density_delay0_thumbattn,46,0.3741896450519562,0.6978835463523865,0.7414466142654419,0.7190058827400208,The person in the image is wearing a blue shirt.,There is no person visible in the image. It shows a waterfall and surrounding forest.
budget=1024_info_density_delay0_thumbattn,47,0.8054879903793335,0.8033691644668579,0.6093275547027588,0.6930220127105713,"The flag in the image is white. It is located near the top right section of the image, attached to a pole on the side of a building. The flag stands out against the darker background of the surrounding buildings and street.",The flag in the image is white with black text.
budget=1024_info_density_delay0_thumbattn,48,0.7254096269607544,0.9799121022224426,0.9799121022224426,0.9799121022224426,The figurine on the shelf is wearing a red uniform.,The figurine on the shelf is wearing a golden uniform.
budget=1024_info_density_delay0_thumbattn,49,0.979205310344696,0.9359453916549683,0.938564658164978,0.9372531771659851,The visible vehicle in the image is white.,The vehicle in the image is white.
budget=1024_info_density_delay0_thumbattn,50,0.5589138865470886,0.9860318899154663,0.9860318899154663,0.9860318899154663,The climber's hat is red.,The climber's hat is yellow.
budget=1024_info_density_delay0_thumbattn,51,0.7390613555908203,0.9790369272232056,0.9790369272232056,0.9790369272232056,The trailer in the image is orange.,The trailer in the image is white.
budget=1024_info_density_delay0_thumbattn,52,0.9353727102279663,0.8094567060470581,0.8322364091873169,0.8206884860992432,The phone number on the boat is 0905 87 38 38.,The phone number written on the boat is 772-222-4444.
budget=1024_info_density_delay0_thumbattn,53,0.4442291259765625,0.6755998134613037,0.6836848855018616,0.6796182990074158,The motorcycle is red.,There is no motorcycle in the image.
budget=1024_info_density_delay0_thumbattn,54,0.775570809841156,0.5094975233078003,0.7772822976112366,0.6155262589454651,"The title of the book displayed prominently on the stand is ""Holy Bible.""","The description does not specify the exact title of the book displayed prominently on the stand. However, given the context of a grand cathedral interior with a large pipe organ and an altar, it is plausible that the book could be a religious text such as:

- The Bible
- A missal
- A lectionary
- An antiphonal book

Without more specific details, the exact title cannot be determined."
budget=1024_info_density_delay0_thumbattn,55,0.649477481842041,0.5632944703102112,0.7123502492904663,0.6291139721870422,The flowers in the image are purple. They are placed on the bed near the center.,"The flowers on the canopy and the walls are a rich, vibrant pink color. This color matches the overall color scheme of the room, creating a cohesive and elegant look. The pink flowers complement the pink fabric of the canopy and the bedding, enhancing the luxurious feel of the space."
budget=1024_info_density_delay0_thumbattn,56,0.5166419744491577,0.7181987762451172,0.6223798990249634,0.6668649911880493,The phone number listed on the building in the foreground is 415-555-0199.,The image does not show any phone numbers on the buildings in the foreground.
budget=1024_info_density_delay0_thumbattn,57,0.8460851907730103,0.9868502020835876,0.9868502020835876,0.9868502020835876,The number written on the blue tag is 20.,The number written on the blue tag is 12.
budget=1024_info_density_delay0_thumbattn,58,0.8037755489349365,0.8913007378578186,0.8588901162147522,0.8747953176498413,The registration number of the boat is TN-01-00026.,"The registration number of the boat is ""BA 212""."
budget=1024_info_density_delay0_thumbattn,59,0.7604487538337708,0.9094204902648926,0.6681489944458008,0.7703348994255066,"The flag flying on the top of the boat appears to have three horizontal stripes. The top stripe is yellow, the middle stripe is blue, and the bottom stripe is red.",The flag flying on the top of the boat appears to be red.
budget=1024_info_density_delay0_thumbattn,60,1.0000001192092896,1.000000238418579,1.000000238418579,1.000000238418579,The model number of the train shown in the image is 2001.,The model number of the train shown in the image is 2001.
budget=1024_info_density_delay0_thumbattn,61,1.0,1.0,1.0,1.0,The person in the image is wearing a blue shirt.,The person in the image is wearing a blue shirt.
budget=1024_info_density_delay0_thumbattn,62,0.8023141622543335,0.6568201780319214,0.8030530214309692,0.7226126194000244,"The sign reads ""Public Parking.""","The sign above the parking garage entrance reads ""PARKING"" in large white letters on a black background."
budget=1024_info_density_delay0_thumbattn,63,0.6896705627441406,0.5576145052909851,0.615093469619751,0.5849453210830688,"The license plate number of the vehicle in the image is ""W-22-14.""","The image shows a ship with a Dutch flag, docked at a port. There is a vehicle visible near the ship, but the license plate number is not clearly readable due to the resolution and angle of the photo. Therefore, I can't determine the license plate number of the vehicle."
budget=1024_info_density_delay0_thumbattn,64,0.6898386478424072,0.748491644859314,0.5020453929901123,0.6009846329689026,"In the image, the person is positioned to the left of the car. The car is parked on the brick-paved area near the building, and the person appears to be standing close to the front of the car, slightly behind it. The person is wearing a yellow shirt and seems to be engaged in an activity near the boat, possibly related to the equipment or the docking process. The car is situated further back on the right side of the image, near the building with a sloped roof.",The person is to the left of the car.
budget=1024_info_density_delay0_thumbattn,65,0.6173648834228516,0.6512820720672607,0.7924370169639587,0.7149590849876404,There is no car visible in the image.,The image does not show a car. It depicts a large building with a statue of a lion in front of it.
budget=1024_info_density_delay0_thumbattn,66,1.0000001192092896,0.9999998807907104,0.9999998211860657,0.9999998211860657,The person in the image is wearing blue pants.,The person in the image is wearing blue pants.
budget=1024_info_density_delay0_thumbattn,67,0.7780008316040039,0.6912676095962524,0.6031026840209961,0.6441825032234192,"The flag in the image is the flag of Chile. It features a blue field with a white square in the upper left corner. Inside the white square, there is a yellow sun with 28 rays, and below the sun, there are eight five-pointed stars arranged in a semicircle. The flagpole is red. So, the colors of the flag are blue, white, yellow, and red.","The flag in the image appears to have multiple colors. The visible part of the flag shows horizontal stripes with colors that seem to include green, white, and yellow."
budget=1024_info_density_delay0_thumbattn,68,0.5792617797851562,0.8329583406448364,0.9346374273300171,0.8808733820915222,The trash can is black.,The trash can in the image is white.
budget=1024_info_density_delay0_thumbattn,69,1.0000001192092896,1.0000001192092896,1.0000001192092896,1.0000001192092896,There isn't a dog visible in the image.,There isn't a dog visible in the image.
budget=1024_info_density_delay0_thumbattn,70,0.6764764189720154,0.7702391147613525,0.7285019159317017,0.748789370059967,"The letters on the green trash bin are ""P,"" ""B,"" and ""A.""","The letters on the green trash bin are ""RESTAURANT."""
budget=1024_info_density_delay0_thumbattn,71,0.7164953947067261,0.6304700374603271,0.7385584712028503,0.6802473068237305,The black sign shows a right-pointing arrow.,The image doesn't show a black sign with arrows. It depicts a stone wall and an ancient archway.
budget=1024_info_density_delay0_thumbattn,72,0.6222306489944458,0.5777254104614258,0.45767927169799805,0.5107432007789612,"The text written at the center of the black sign reads ""ARHEOLSKI MUZEJ"" on the top line and ""ISTORIJA PLAČA"" on the bottom line. This translates from Croatian to ""Archaeological Museum"" and ""History of the Town"" respectively.","The image does not show any text on a black sign at the center. The focus is on an ancient stone archway with columns, surrounded by a stone wall and trees."
budget=1024_info_density_delay0_thumbattn,73,0.6095114350318909,0.5601391196250916,0.6789276003837585,0.6138392686843872,The number on the rectangular white sign is 3.,The image doesn't show a rectangular white sign with a number on it. The main focus is on an ancient stone archway and surrounding greenery.
budget=1024_info_density_delay0_thumbattn,74,0.758062481880188,0.8367753028869629,0.9360387921333313,0.8836280703544617,"The text on the white building reads ""DB"".","The text on the white building reads ""Commerzbank."""
budget=1024_info_density_delay0_thumbattn,75,0.9521604776382446,0.7027618885040283,0.7851146459579468,0.7416591644287109,The building with a red and white striped antenna on its top is the one located towards the right side of the image. This distinctive antenna helps in identifying the building amidst the skyline. The antenna is part of a structure that stands out due to its contrasting colors against the predominantly blue and gray buildings around it.,"The building with a red and white striped antenna on its top is the one located towards the right side of the image, slightly to the center. It's a tall skyscraper with a blue reflective glass facade. The antenna stands out prominently against the clear blue sky, making it easily identifiable. This building is part of the modern skyline that contrasts with the more traditional architecture visible to its right. The red and white stripes on the antenna are typically used for aviation safety, making the building more visible to aircraft. This detail adds a distinctive character to the building, helping it stand out among the other structures in the cityscape."
budget=1024_info_density_delay0_thumbattn,76,1.0,1.0,1.0,1.0,The ceiling beams in the room are made of wood.,The ceiling beams in the room are made of wood.
budget=1024_info_density_delay0_thumbattn,77,0.7584432363510132,0.8201583623886108,0.7522290945053101,0.7847264409065247,"The small stone cairn is located in the foreground, to the right side of the waterfall. It's positioned on a rock near the bottom of the image, close to the stream that flows from the waterfall.","The small stone cairn is located at the bottom center of the waterfall, near the pool of water that collects at the base."
budget=1024_info_density_delay0_thumbattn,78,0.7918120622634888,0.7654585242271423,0.6562853455543518,0.7066802978515625,"In the image, there is a piece of cloth hanging on the wall inside the house, to the right of the doorway. It appears to be draped over a hook or a nail, and it hangs loosely, suggesting it might be used for practical purposes, such as holding items or for drying purposes. The wall itself is painted in a dark green color, and the doorway is open, allowing a view into the interior space. The overall setting gives a rustic and traditional feel to the scene.","In the image, there is a cloth hanging on the wall inside the house. The setting appears to be traditional, with the elderly man sitting outside on a wooden bench. The overall atmosphere suggests a cultural or historical context."
budget=1024_info_density_delay0_thumbattn,79,0.9298586845397949,0.7036985158920288,0.7027908563613892,0.7032443881034851,"The object mounted on the wall in the background appears to be a small informational plaque or sign. These plaques are often found in historical buildings to provide visitors with information about the site, its history, or specific architectural features. Given the context of the image, which shows an interior space with historical architectural elements, the plaque likely serves an educational purpose for visitors.","The object mounted on the wall in the background appears to be a small, rectangular plaque or sign. It is positioned near the center of the far wall, slightly to the left. The plaque is light in color, which makes it somewhat noticeable against the darker background of the wall. Given the context of the architecture, it might be an informational sign or a marker indicating something about the location."
budget=1024_info_density_delay0_thumbattn,80,0.605567991733551,0.8142778873443604,0.9101735353469849,0.8595593571662903,The cup is white.,The cup in the image is red.
budget=1024_info_density_delay0_thumbattn,81,0.72035813331604,0.5773009657859802,0.6475006341934204,0.6103891134262085,"The cup lying on the ground appears to be made of ceramic or porcelain, as suggested by its white color and glossy finish.","The primary material of the cup lying on the ground is likely plastic. This inference is based on the observation that the cup is described as a ""crumpled piece of plastic"" and is found among other litter on the ground. Plastic is a common material for disposable cups and is lightweight, which aligns with the description of the cup being crumpled and lying on the ground."
budget=1024_info_density_delay0_thumbattn,82,0.9552769064903259,0.8380308151245117,0.8078275918960571,0.8226521015167236,"The object located in the center of the grassy area is a statue. It appears to depict a robed figure, possibly a classical or historical character, standing on a pedestal. The statue is positioned prominently in front of the grand building, adding to the aesthetic and historical ambiance of the scene.","The object located in the center of the grassy area is a statue. It appears to be a prominent feature in the foreground of the image, standing on a pedestal. The statue is likely of historical or artistic significance, given its placement in front of the grand building."
budget=1024_info_density_delay0_thumbattn,83,0.7595677375793457,0.6755905747413635,0.4139890968799591,0.5133853554725647,"The sign on the bridge indicates the direction towards Zaragoza. Given the context of the image, which shows a bridge spanning a body of water with a landscape in the background, the sign is likely providing directional guidance for travelers.

To determine the direction:

1. **Observation of the Sign**: The sign is positioned on the right side of the bridge, pointing towards Zaragoza.
2. **Geographical Context**: Zaragoza is a city in northeastern Spain. If we assume this bridge is part of a major route leading towards Zaragoza, the sign would be pointing in the general direction of the city.

Considering these points, the direction indicated on the sign towards Zaragoza is likely to the **left** if you are facing towards the city in the image. This is because signs typically point in the direction you need to go to reach the destination, and given the positioning of the sign on the bridge, it would be pointing left for someone traveling towards Zaragoza.

Therefore, the direction indicated on the sign towards Zaragoza is **left**.",The sign pointing towards Zaragoza indicates the direction to the **left**.
budget=1024_info_density_delay0_thumbattn,84,1.0,1.0,1.0,1.0,The sign pointing towards Alocén indicates the direction to the left.,The sign pointing towards Alocén indicates the direction to the left.
budget=1024_info_density_delay0_thumbattn,85,0.7997300624847412,0.8750600218772888,0.8895300626754761,0.8822357654571533,There isn't a car visible in the image. The scene shows a desert landscape with a leafless tree and some bushes.,There is no car in the image. The scene shows a barren landscape with a tree and some rocks under a clear blue sky.
budget=1024_info_density_delay0_thumbattn,86,0.7272459864616394,0.6212429404258728,0.7305611371994019,0.6714819073677063,The speed limit sign in the image indicates a limit of 30.,"The image does not show a speed limit sign. Therefore, I cannot determine the speed limit from this image."
budget=1024_info_density_delay0_thumbattn,87,0.8140816688537598,0.8296265602111816,0.8156088590621948,0.8225579857826233,The flag is red with a yellow star.,The flag in the image is red.
budget=1024_info_density_delay0_thumbattn,88,1.0,0.9999997615814209,0.9999997615814209,0.9999997615814209,"The name written on the boat is ""Gondola.""","The name written on the boat is ""Gondola."""
budget=1024_info_density_delay0_thumbattn,89,0.6748210191726685,0.6124396324157715,0.6908602118492126,0.6492906212806702,The speed limit indicated by the sign is 30.,"The image doesn't show a speed limit sign, so I can't determine the speed limit from this view."
budget=1024_info_density_delay0_thumbattn,90,1.0,0.9999997615814209,0.9999998807907104,0.9999998211860657,"The name written on the front of the boat is ""Freedom.""","The name written on the front of the boat is ""Freedom."""
budget=1024_info_density_delay0_thumbattn,91,0.7380582094192505,0.8495453596115112,0.6425023078918457,0.7316586971282959,"The flag in the image appears to have three horizontal stripes. The top stripe is red, the middle stripe is white, and the bottom stripe is green. This is the flag of Tunisia.",The flag in the image appears to be red and white.
budget=1024_info_density_delay0_thumbattn,92,0.7658008337020874,0.7648106813430786,0.5897378921508789,0.6659603714942932,"The Royal Albert Hall is located to the left of the bus in the image. The bus is on the right side of the frame, while the Royal Albert Hall dominates the center and left side of the image.",The Royal Albert Hall is positioned to the left of the bus.
budget=1024_info_density_delay0_thumbattn,93,0.9225894212722778,0.7733514308929443,0.7567068934440613,0.7649385929107666,"The houses are located in the background, nestled among the trees and slightly elevated compared to the tea fields in the foreground. They appear to be situated further back in the valley, beyond the expanse of the tea fields.","The houses are located in the distance, beyond the expanse of the tea fields. They appear to be nestled among the trees and rolling hills, providing a picturesque backdrop to the lush greenery of the tea plantation."
budget=1024_info_density_delay0_thumbattn,94,0.7765846848487854,0.5740362405776978,0.687200665473938,0.625541627407074,The white truck is positioned to the right of the trams in the image.,"The image provided does not show any white truck or trams. It depicts a large, historic building with a group of people walking along a bridge in front of it. There is no visible truck or tram in the scene."
budget=1024_info_density_delay0_thumbattn,95,0.9312194585800171,0.9529035091400146,0.8872454166412354,0.918903112411499,"In the image, the red car is positioned to the left of the black car.",The red car is to the left of the black car.
budget=1024_info_density_delay0_thumbattn,96,0.9965548515319824,0.9947417974472046,0.9947418570518494,0.9947418570518494,The pink banner is to the right of the green trash bin.,The pink banner is to the left of the green trash bin.
budget=1024_info_density_delay0_thumbattn,97,0.7912240624427795,0.7807097434997559,0.5856387615203857,0.6692492961883545,"In the image, the person wearing a light brown hat is positioned to the right and slightly behind the person wearing a pink shirt. The person in the light brown hat appears to be standing closer to the stone structures, while the person in the pink shirt is further to the left and in front of them, closer to the grassy area.",The person in the light brown hat is to the right of the person wearing the pink shirt.
budget=1024_info_density_delay0_thumbattn,98,0.9253998398780823,0.7185229063034058,0.6926006078720093,0.7053236365318298,"The white car is positioned to the left of the large white building when facing the building. It appears to be further back, near the base of the building, and is partially obscured by some structures or elements in the foreground.","The white car is positioned in front of the large white building. It is located at the bottom of the image, while the building rises above it, occupying the central and upper portions of the image."
budget=1024_info_density_delay0_thumbattn,99,0.7159932255744934,0.5393958687782288,0.5346212983131409,0.5369979739189148,"In the image, the black motorcycle is positioned to the left of the silver car. The silver car is parked on the right side near the building by the river, while the black motorcycle is slightly further back and to the left, closer to the water's edge.","The image you provided does not contain a black motorcycle or a silver car. It shows a cityscape with a bridge over a river, buildings, and boats. If you have another image in mind, please provide it, and I'll be happy to help!"
budget=1024_info_density_delay0_thumbattn,100,0.9491396546363831,0.883646547794342,0.8138470649719238,0.847311794757843,"The flag on the left side has three horizontal stripes. From top to bottom, the colors are black, red, and yellow. This is the flag of Germany.","The flag on the left side is the German flag, which consists of three horizontal bands of black, red, and yellow."
budget=1024_info_density_delay0_thumbattn,101,0.8702155351638794,0.6833953261375427,0.6636745929718018,0.6733905673027039,"The small white building is situated between the large industrial structure with the colorful mural and the body of water. It is positioned on the dock area, closer to the water's edge than the main industrial buildings. The building appears to be at a similar elevation to the water, as it is directly adjacent to the dock where a boat is also present. This placement suggests that the building might be used for purposes related to the waterfront activities, such as storage, maintenance, or operational support for the dock and boat facilities.","The small white building is situated on the dock, which is adjacent to the water. It is positioned such that the water is directly in front of it, with the building's back facing the industrial structures. The building appears to be at a similar elevation to the dock, which is just above the water level. The water surrounds the dock on multiple sides, but the building itself is clearly above the waterline, indicating that it is relatively close to the water but not directly in it."
budget=1024_info_density_delay0_thumbattn,102,0.9134498834609985,0.9945935010910034,0.9945935010910034,0.9945935010910034,There are four computers visible on the table.,There are five computers visible on the table.
budget=1024_info_density_delay0_thumbattn,103,0.8984346389770508,0.7433576583862305,0.778634250164032,0.7605870962142944,"The American flag is positioned on the left side of the image. It is hanging vertically, with the stars on the top left corner and stripes running horizontally. The flag is attached to a pole that is leaning against some of the items near the entrance of the shop.","The American flag is positioned on the left side of the image. It is attached to a pole and is located among the logs and other items in front of the rustic shop. The flag is partially visible, with its distinctive red, white, and blue colors standing out against the surrounding greenery and wooden items."
budget=1024_info_density_delay0_thumbattn,104,0.811012327671051,0.8212154507637024,0.6671276688575745,0.7361952066421509,"The ""OPEN"" sign is located above the shop entrance, hanging from the wooden structure of the building. It is positioned towards the right side of the image, just above the various items displayed outside the store. The sign is illuminated with red neon lights, making it stand out against the rustic background of the shop.","The ""OPEN"" sign is located on the right side of the image, attached to a large wooden bear statue."
budget=1024_info_density_delay0_thumbattn,105,0.9473817348480225,0.9770368337631226,0.9034976959228516,0.9388293623924255,The totem pole is positioned behind and slightly to the left of the bear statue.,The totem pole is positioned to the left of the bear statue.
budget=1024_info_density_delay0_thumbattn,106,0.9661415219306946,0.889714241027832,0.8756955862045288,0.8826492428779602,"The overhead electric wires are running parallel to the train and are positioned above the train tracks. They are angled slightly downwards towards the front of the train, indicating that they are likely part of the overhead power supply system for the electric locomotive.","The overhead electric wires are running parallel to the train and are positioned above the train tracks. They are angled slightly downwards towards the rear of the train, indicating they are likely connected to the train's pantograph at the front."
budget=1024_info_density_delay0_thumbattn,107,0.8224808573722839,0.8751795291900635,0.7125083804130554,0.7855104804039001,"The person in the red jacket is positioned to the right of the large tree. They are walking along the hedge, while the large tree is prominently displayed on the left side of the image.",The person in the red jacket is positioned to the right of the large tree.
budget=1024_info_density_delay0_thumbattn,108,0.7699508666992188,0.7351101636886597,0.7561391592025757,0.7454763650894165,"To the right of the image, there is a statue of an elephant. The elephant statue appears to be made of stone or a similar material and is positioned near the edge of the waterfall. It has a notable feature where water is flowing from its trunk into the pool below. The statue adds an interesting cultural or artistic element to the natural scenery of the waterfall and the surrounding forest.","To the right of the image, there is a stone structure that appears to be a statue or sculpture. It is partially obscured by foliage but seems to depict an animal or mythical creature, possibly a lion or dragon, with water flowing from its mouth into the stream below. This structure is likely part of a garden or park designed to enhance the natural beauty of the waterfall area."
budget=1024_info_density_delay0_thumbattn,109,1.0000001192092896,0.9999999403953552,0.9999998807907104,0.9999999403953552,There are three people standing in front of the entrance of the building.,There are three people standing in front of the entrance of the building.
budget=1024_info_density_delay0_thumbattn,110,0.830420732498169,0.5486689805984497,0.8238003253936768,0.6586576104164124,The left tower is closer to the viewer than the right tower.,"The left tower is closer to the viewer than the right tower. The perspective in the image shows the left tower prominently in the foreground, while the right tower is positioned further back, creating a sense of depth. The left tower appears larger and more detailed, indicating its proximity, whereas the right tower seems smaller and less detailed due to the distance. This spatial arrangement effectively draws the viewer's eye along the stone wall, emphasizing the length and continuity of the structure."
budget=1024_info_density_delay0_thumbattn,111,0.9226678609848022,0.6990643739700317,0.6839684247970581,0.6914340257644653,"The building behind the statue is the ""District of Columbia Court of Appeals."" This is indicated by the inscription on the building's facade. The architectural style, featuring large columns and a pediment, is reminiscent of classical courthouse designs, often intended to convey a sense of justice and permanence. The presence of the statue of Abraham Lincoln further suggests a connection to American history and governance.","The building behind the statue is the District of Columbia Court of Appeals. The words ""District of Columbia Court of Appeals"" are clearly visible on the facade of the building. This courthouse is a significant judicial institution in Washington, D.C., handling appeals from lower courts within the district. The statue in front of it is of Abraham Lincoln, a prominent historical figure in the United States."
budget=1024_info_density_delay0_thumbattn,112,0.951961874961853,0.8584678769111633,0.8482499718666077,0.8533283472061157,"The statue is located on the right side of the image. It depicts a figure on horseback and is positioned on a pedestal near a row of large columns. The statue is part of an outdoor setting, likely a courtyard or a public square, with classical architecture in the background.","The statue is located on the right side of the image. It depicts a figure on horseback and is positioned on a pedestal. The statue is situated in an open area with large columns lining the walkway, and there is a building with a green dome visible in the background."
budget=1024_info_density_delay0_thumbattn,113,0.6590589284896851,0.5997939109802246,0.8291991353034973,0.6960826516151428,The object directly to the right of the main entrance of the church is a wooden awning or canopy.,"The object directly to the right of the main entrance of the church is a small wooden structure resembling a kiosk or a guard post. It has a slanted roof and appears to be situated on the edge of the waterfront, near the pilings that extend into the water. This structure likely serves as a shelter or a place for a guard or attendant, given its proximity to the water and the church entrance."
budget=1024_info_density_delay0_thumbattn,114,1.0000001192092896,0.9999998211860657,0.9999998211860657,0.9999998211860657,The child in the foreground is running towards the camera on the bridge.,The child in the foreground is running towards the camera on the bridge.
budget=1024_info_density_delay0_thumbattn,115,0.7957272529602051,0.6255060434341431,0.6265790462493896,0.6260420680046082,"In the image, the person is located on the right side, while the building is situated on the left side. The person appears to be standing in a grassy area near the water's edge, whereas the building is positioned further back, amidst some trees. The person is also closer to the foreground compared to the building, which is set back more in the scene.","In the image, there is no person visible. However, a building can be seen in the background, reflected in the water. The building appears to be situated on the far side of the water body, with some trees and grassy areas in between. The foreground primarily consists of calm water reflecting the sky and surrounding landscape."
budget=1024_info_density_delay0_thumbattn,116,0.9267013669013977,0.8670726418495178,0.8475183248519897,0.8571839332580566,"To the right of the main house in the image, there is a smaller wooden structure. It appears to be a shed or a small outbuilding, situated near the trees and the shoreline.","To the right of the main house, there is a smaller structure, possibly a shed or a boathouse. It is situated near the shoreline, surrounded by trees and rocks."
budget=1024_info_density_delay0_thumbattn,117,0.9294031858444214,0.7776820063591003,0.8252679109573364,0.8007686734199524,"The clock is located on the wall to the right side of the room, near the back wall which also features a large framed historical display. The clock is mounted above a wooden cabinet or console.","The clock is located on the wall to the right side of the room, near the ceiling. It is positioned above a wooden cabinet or desk, and it is set within a round frame. The clock shows a time around 10:10."
budget=1024_info_density_delay0_thumbattn,118,0.8462474346160889,0.7161741256713867,0.7458993196487427,0.7307345867156982,"The component labeled ""Sony"" is positioned to the right of the component labeled ""Mavica."" The ""Sony"" component is a part of the camera body, while the ""Mavica"" component is a separate box, likely a battery or external storage unit, situated to the left of the camera body.","The component labeled ""Sony"" is positioned to the right of the component labeled ""Mavica."" The ""Sony"" component is a black, rectangular part with a protruding section that includes buttons and a display, resembling a hand-held electronic device. In contrast, the ""Mavica"" component is a larger, black box with a hinged lid, which is open to reveal its interior."
budget=1024_info_density_delay0_thumbattn,119,1.0,0.9846885204315186,0.9630223512649536,0.9737349152565002,"The word ""Swing"" is written on the parachute.","The word ""swing"" is written on the parachute."
budget=1024_info_density_delay0_thumbattn,120,1.000000238418579,0.9999999403953552,0.9999999403953552,0.9999999403953552,"The word ""SWIRL"" is written on the parachute.","The word ""SWIRL"" is written on the parachute."
budget=1024_info_density_delay0_thumbattn,121,1.0,1.0,1.0,1.0,"The word ""SWOOP"" is written on the parachute.","The word ""SWOOP"" is written on the parachute."
budget=1024_info_density_delay0_thumbattn,122,1.0,1.0000001192092896,1.0,1.0000001192092896,"The word ""SPRING"" is written on the parachute.","The word ""SPRING"" is written on the parachute."
budget=1024_info_density_delay0_thumbattn,123,1.0,1.0,1.0,1.0,"The word ""Dally"" is visible on the suitcase.","The word ""Dally"" is visible on the suitcase."
budget=1024_info_density_delay0_thumbattn,124,1.0,1.0,0.9999999403953552,0.9999999403953552,"The word ""Dolly"" is visible on the suitcase.","The word ""Dolly"" is visible on the suitcase."
budget=1024_info_density_delay0_thumbattn,125,0.7133238911628723,0.8383838534355164,0.816280722618103,0.8271846771240234,"The word ""NORTH"" is written on the hang glider.","The hang glider has the word ""Fly"" written on it."
budget=1024_info_density_delay0_thumbattn,126,0.6974853873252869,0.845504879951477,0.8632410168647766,0.8542808890342712,"The word ""Cloudy"" is written on the hang glider.","The hang glider has the word ""DOR"" written on it."
budget=1024_info_density_delay0_thumbattn,127,0.737384021282196,0.8503756523132324,0.8324187994003296,0.841301441192627,"The word ""Sunny"" is written on the hang glider.","The hang glider has the word ""Fly"" written on it."
budget=1024_info_density_delay0_thumbattn,128,0.7490440607070923,0.8754631280899048,0.8687630891799927,0.8721002340316772,"The word ""Storff"" is written on the hang glider.","The hang glider has the word ""DOR"" written on it."
budget=1024_info_density_delay0_thumbattn,129,1.0,1.000000238418579,1.0000001192092896,1.0000001192092896,The license plate number of the car is 217722 ROMA.,The license plate number of the car is 217722 ROMA.
budget=1024_info_density_delay0_thumbattn,130,0.8607819080352783,0.867220938205719,0.6767318248748779,0.7602254152297974,"The bird is positioned on the cobblestone pavement in front of the car, to the left side of the image when facing the car. It appears to be a small bird, possibly a sparrow, standing on the ground near the front left wheel of the car.","The bird is positioned to the left of the car, on the cobblestone pavement."
budget=1024_info_density_delay0_thumbattn,131,0.7923086881637573,0.7501580119132996,0.7302954196929932,0.740093469619751,"The red rectangle on the sign reads ""Muzium Tekstil Negara,"" which translates to ""National Textile Museum.""","The text inside the red rectangle on the sign reads ""MUSEUM NEGARA"" at the top and ""National Museum"" at the bottom."
budget=1024_info_density_delay0_thumbattn,132,0.724197506904602,0.818618655204773,0.7818734645843506,0.7998242378234863,"The red rectangle on the sign contains the text ""BANK"" along with a logo.","The text inside the red rectangle on the sign reads ""OCBC."""
budget=1024_info_density_delay0_thumbattn,133,1.0000001192092896,0.9999999403953552,1.0,0.9999999403953552,The taller white building is to the right of the National Textile Museum.,The taller white building is to the right of the National Textile Museum.
budget=1024_info_density_delay0_thumbattn,134,0.6663295030593872,0.8813779950141907,0.891468346118927,0.8863944411277771,"The word ""family"" is written on the building to the left in the image.","The word written on the building to the left in the image is "" inn."""
budget=1024_info_density_delay0_thumbattn,135,1.0,1.0,1.0,1.0,The car located to the right of the orange car is yellow.,The car located to the right of the orange car is yellow.
budget=1024_info_density_delay0_thumbattn,136,0.699290931224823,0.9417349100112915,0.9678664207458496,0.9546218514442444,The object placed directly in front of the bench on the left side of the image is a bicycle.,The object placed directly in front of the bench on the left side of the image is a palm tree.
budget=1024_info_density_delay0_thumbattn,137,0.7225861549377441,0.8508622050285339,0.6529353857040405,0.7388734221458435,"In the image, there is a table on the right side where a woman in a striped shirt is standing. At this table, there are three people seated. The setting appears to be an outdoor café or restaurant area with several other tables and chairs nearby, under the shade of large umbrellas. The atmosphere is lively with people walking and enjoying the area, which is lined with tall palm trees.","In the image, there are three people seated at the table on the right side where a woman in a striped shirt is standing."
budget=1024_info_density_delay0_thumbattn,138,1.0,0.9999997615814209,0.9999997615814209,0.9999997615814209,"Inside the partially built brick structure, there is a wooden box.","Inside the partially built brick structure, there is a wooden box."
budget=1024_info_density_delay0_thumbattn,139,0.9422822594642639,0.9757765531539917,0.9757765531539917,0.9757765531539917,The chairs are positioned to the left of the bicycles.,The chair is positioned to the left of the bicycles.
budget=1024_info_density_delay0_thumbattn,140,0.8101234436035156,0.9279347658157349,0.8134644627571106,0.8669372797012329,There are three bicycles parked near the building's entrance on the right side of the image.,There are five bicycles visible near the building's entrance.
budget=1024_info_density_delay0_thumbattn,141,0.8406933546066284,0.8455711007118225,0.8663989305496216,0.8558582663536072,"The car is positioned to the left of the statue of the lion, behind the red rope barrier.",The car is positioned to the left of the statue of the lion when facing the building.
budget=1024_info_density_delay0_thumbattn,142,0.9820419549942017,0.9735687971115112,0.9894294142723083,0.9814350605010986,The car is to the left of the central tower of the building.,The car is positioned to the left of the central tower of the building.
budget=1024_info_density_delay0_thumbattn,143,0.9738847017288208,0.9285126328468323,0.9409500956535339,0.934689998626709,The primary function of the object in the red circle—a plastic water bottle—is to hold and transport drinking water.,"The primary function of the object in the red circle, which is a water bottle, is to hold and dispense drinking water."
budget=1024_info_density_delay0_thumbattn,144,0.9173346757888794,0.7645938992500305,0.7734736204147339,0.7690081000328064,"The label in the red circle on the water bottle says ""CASH REFUND."" This label typically indicates that the bottle is a deposit returnable for cash. In many places, such labels are used to encourage recycling by offering a small refund when the bottle is returned to a designated recycling center or store.","The label in the red circle indicates a ""Cash Refund"" policy. This means that the bottled water is eligible for a refund if the bottle is returned in a condition that allows it to be reused or recycled. Such labels are often used to encourage recycling and to manage waste effectively."
budget=1024_info_density_delay0_thumbattn,145,0.5876062512397766,0.5807142853736877,0.6041849255561829,0.5922171473503113,"The label in the red circle on the water bottle says ""Cash Refund."" This typically indicates that the bottle is a deposit returnable for cash when recycled. It's a common practice in many places to encourage recycling by offering a small refund for returned bottles.","The label in the red circle on the water bottle is the ""Evian"" logo. Evian is a brand of natural mineral water that originates from the Evian springs in France. The logo typically features a red circle with white text inside it, along with an image of a mountain or spring, symbolizing the natural source of the water."
budget=1024_info_density_delay0_thumbattn,146,0.8147520422935486,0.6915661096572876,0.740358293056488,0.7151309251785278,"The Chinese text in the red rectangle reads ""饶货南福同"". This phrase can be broken down as follows:

- 饶货 (ráo huò): This can be interpreted as ""abundant goods"" or ""rich products.""
- 南福 (nán fú): This means ""South Blessing"" or ""Southern Fortune.""
- 同 (tóng): This means ""together"" or ""same.""

So, the entire phrase roughly translates to ""Abundant Goods South Blessing Together"" or ""Rich Products, South Fortune Together."" It likely refers to a market or area known for its variety and prosperity of goods.","The Chinese text in the red rectangle reads ""饶货南福冈"" (Ráo huò nán fú gāng). Let's break down the translation:

1. ���货 (Ráo huò): This can be interpreted as ""excess goods"" or ""surplus merchandise."" It often refers to items that are in abundance or not in high demand.
2. �� (Nán): This character means ""south.""
3. ���冈 (Fú gāng): This is the name of a city, Fukuoka, in China.

So, the text ""饶货南福冈"" can be translated to ""Excess Goods South Fukuoka"" or ""Surplus Merchandise South Fukuoka."" This likely refers to a market or area known for selling surplus or less popular goods in the southern part of Fukuoka."
budget=1024_info_density_delay0_thumbattn,147,0.8686978816986084,0.7116378545761108,0.730391263961792,0.720892608165741,"The two numbered locations that belong to the same country are:

- Location 1 and Location 2, which are both in China.",The two numbered locations that belong to the same country are both in Myanmar (Burma). They are marked as 1243 and 1244.
budget=1024_info_density_delay0_thumbattn,148,0.840065598487854,0.700563907623291,0.5430598258972168,0.6118379831314087,"The two numbered locations that belong to the same country are:

- Location 1: This is in Myanmar (Burma).
- Location 2: This is also in Myanmar (Burma).

Both are located in the same country, Myanmar, in Southeast Asia.",The two numbered locations that belong to the same country are both in China. They are marked as 1 and 3.
budget=1024_info_density_delay0_thumbattn,149,0.8553097248077393,0.6562207937240601,0.7511154413223267,0.7004688382148743,The two numbered locations that belong to the same country are ③ and ④. Both are located in Japan.,"The two numbered locations that belong to the same country are both in China. Location ""1"" is in the Tibet Autonomous Region, and the other locations are in the provinces of Shandong and Fujian."
budget=1024_info_density_delay0_thumbattn,150,0.8973714113235474,0.6938343048095703,0.7884806394577026,0.7381358742713928,The two numbered locations that belong to the same country are ① and ②. Both are located in China.,"The two numbered locations that belong to the same country are both in China. Location 1 is in the Xinjiang region in the northwest, and location 2 is in the Tibet region in the southwest."
budget=1024_info_density_delay0_thumbattn,151,0.7315894961357117,0.6942014694213867,0.7878997325897217,0.7380887866020203,"The numbered locations 2 and 4 belong to the same country, Japan.",The two numbered locations on the map that belong to the same country are both in China. They are marked as 11 and 12.
budget=1024_info_density_delay0_thumbattn,152,0.7575197219848633,0.7664682865142822,0.7917067408561707,0.7788830399513245,"The two numbered locations that belong to the same country are ③ and ④, both of which are in Japan.",The two numbered locations that belong to the same country are both in Egypt. They are marked as Egypt 1 and Egypt 2 on the map.
budget=1024_info_density_delay0_thumbattn,153,0.9338858127593994,0.8219567537307739,0.8924905061721802,0.8557726740837097,The two numbered locations that belong to the same country are numbers 2 and 3. Both are located in Japan.,The two numbered locations that belong to the same country are both in Japan. They are marked as numbers 1 and 2 on the map.
budget=1024_info_density_delay0_thumbattn,154,0.7715244293212891,0.5801412463188171,0.5823220014572144,0.5812296271324158,"The two numbered locations that belong to the same country are:

- Location 2 (Iceland)
- Location 3 (Faroe Islands)

Both are part of Denmark.","The two numbered locations that belong to the same country are both in Russia. They are marked as 106.0°E, 43.9°N and 106.0°E, 43.9°N."
budget=1024_info_density_delay0_thumbattn,155,0.7798982858657837,0.6706147193908691,0.6135839819908142,0.6408329606056213,"The two numbered locations that belong to the same country are:

- Location 3: This is in Central America, specifically in Nicaragua.
- Location 2: This is also in Central America, specifically in Costa Rica.

Both locations are in the Central American region, which is part of the Americas.","The two numbered locations that belong to the same country are both in Russia. Specifically, number 2 is located in the eastern part of Russia, near the Kamchatka Peninsula, and number 3 is situated in the western part of Russia, near the border with Europe."
budget=1024_info_density_delay0_thumbattn,156,0.8284281492233276,0.8566210269927979,0.742424726486206,0.7954451441764832,"The two numbered locations that belong to the same country are:

- Location 1 and Location 3, both of which are in Mexico.","The two numbered locations that belong to the same country are numbers 2 and 3, both located in Russia."
budget=1024_info_density_delay0_thumbattn,157,0.9040880799293518,0.7227619886398315,0.7092363238334656,0.7159353494644165,"The two numbered locations that belong to the same country are:

- Location 3 (central part of the country with a large lake)
- Location 4 (eastern part of the country, near the coast)

Both of these locations are in Canada.","The two numbered locations that belong to the same country are both in Canada. Specifically:

- Location 1 is in the province of Alberta.
- Location 2 is in the province of British Columbia.

Both are in Canada."
budget=1024_info_density_delay0_thumbattn,158,0.9123261570930481,0.7169301509857178,0.6842482686042786,0.7002080678939819,"The two numbered locations that belong to the same country are:

- Location 3 (Alaska) and Location 2 (Northern Canada)

Both are in Canada.","The two numbered locations that belong to the same country are both in Canada. Specifically, number 1 is in the province of Alberta, and number 2 is in the province of British Columbia."
budget=1024_info_density_delay0_thumbattn,159,0.8204861879348755,0.6231361031532288,0.8645745515823364,0.7242639064788818,The red rectangle highlights the face of George Washington on Mount Rushmore.,"The red rectangle on Mount Rushmore highlights the face of George Washington. Mount Rushmore features the carved faces of four U.S. presidents: George Washington, Thomas Jefferson, Theodore Roosevelt, and Abraham Lincoln. George Washington's face is on the left side of the monument."
budget=1024_info_density_delay0_thumbattn,160,0.843381404876709,0.9130246639251709,0.9458920359611511,0.9291678071022034,The red rectangle highlights the face of Thomas Jefferson on Mount Rushmore.,The red rectangle on Mount Rushmore highlights the face of President George Washington.
budget=1024_info_density_delay0_thumbattn,161,0.8302780389785767,0.9799280166625977,0.9799280166625977,0.9799280166625977,The red rectangle on Mount Rushmore highlights the face of George Washington.,The red rectangle on Mount Rushmore highlights the face of Thomas Jefferson.
budget=1024_info_density_delay0_thumbattn,162,0.7418626546859741,0.5555572509765625,0.8684678077697754,0.6776335835456848,The red rectangle highlights the face of George Washington on Mount Rushmore.,"The red rectangle on Mount Rushmore highlights the face of **Abraham Lincoln**, the 16th President of the United States. Lincoln's face is positioned to the right of George Washington's on the mountain. He was the 16th President, serving from 1861 until his assassination in 1865. His presidency is significant for leading the nation through the Civil War and preserving the Union."
budget=1024_info_density_delay0_thumbattn,163,0.979606568813324,0.9303911328315735,0.9626790285110474,0.9462596774101257,The red rectangle highlights the face of George Washington on Mount Rushmore.,The red rectangle on Mount Rushmore highlights the face of President George Washington.
budget=1024_info_density_delay0_thumbattn,164,0.8109710216522217,0.8841937780380249,0.9402422904968262,0.9113571047782898,The red rectangle highlights the face of Thomas Jefferson on Mount Rushmore.,The red rectangle on Mount Rushmore highlights the face of President Franklin D. Roosevelt.
budget=1024_info_density_delay0_thumbattn,165,0.9179823994636536,0.8091534376144409,0.867678701877594,0.8373947143554688,The red rectangle highlights the face of Thomas Jefferson on Mount Rushmore.,The president's face highlighted in the red rectangle on Mount Rushmore is Thomas Jefferson.
budget=1024_info_density_delay0_thumbattn,166,0.9920884966850281,0.9776972532272339,0.9757264852523804,0.9767109155654907,The red rectangle on Mount Rushmore highlights the face of Thomas Jefferson.,The red rectangle on Mount Rushmore highlights the face of President Thomas Jefferson.
budget=1024_info_density_delay0_thumbattn,167,0.6534994840621948,0.7652410864830017,0.7652410864830017,0.7652410864830017,97,100
budget=1024_info_density_delay0_thumbattn,168,0.46423619985580444,0.5048015117645264,0.6349767446517944,0.5624553561210632,47,66.5
budget=1024_info_density_delay0_thumbattn,169,0.6534994840621948,0.7652410864830017,0.7652410864830017,0.7652410864830017,97,100
budget=1024_info_density_delay0_thumbattn,170,0.653725266456604,0.5569392442703247,0.7816319465637207,0.6504271030426025,60,60.5
budget=1024_info_density_delay0_thumbattn,171,0.8463168144226074,0.8785293102264404,0.8785293102264404,0.8785293102264404,97,99
budget=1024_info_density_delay0_thumbattn,172,0.9999999403953552,0.9999997019767761,0.9999997019767761,0.9999997019767761,50,50
budget=1024_info_density_delay0_thumbattn,173,0.4704803228378296,0.7655282616615295,0.7655282616615295,0.7655282616615295,97,174
budget=1024_info_density_delay0_thumbattn,174,0.5297378301620483,0.5301497578620911,0.6955875754356384,0.6017041206359863,40,46.5
budget=1024_info_density_delay0_thumbattn,175,0.5523219704627991,0.7940215468406677,0.7940215468406677,0.7940215468406677,97,182
budget=1024_info_density_delay0_thumbattn,176,0.3888680338859558,0.48562949895858765,0.6005851626396179,0.5370243191719055,49,90.5
budget=1024_info_density_delay0_thumbattn,177,1.0,1.0,1.0,1.0,"The flag in the image is red, white, and blue.","The flag in the image is red, white, and blue."
budget=1024_info_density_delay0_thumbattn,178,1.000000238418579,0.9999999403953552,0.9999999403953552,0.9999999403953552,The car is red.,The car is red.
budget=1024_info_density_delay0_thumbattn,179,0.9283198118209839,0.8436660170555115,0.8521528244018555,0.847888171672821,"There is no house visible in the image. The landscape features rocky terrain, patches of water, and distant mountains.","There is no house in the image. The landscape features rocky terrain and patches of snow, but no buildings are visible."
budget=1024_info_density_delay0_thumbattn,180,0.9716894626617432,0.9548088312149048,0.9684521555900574,0.9615821242332458,There are three people on the boat.,There are three people in the boat.
budget=1024_info_density_delay0_thumbattn,181,0.9562947154045105,0.8604434132575989,0.8471373319625854,0.8537384867668152,There isn't a car visible in the image. The picture shows a rocky island in a body of water with some distant land and floating objects.,There is no car in the image. The picture shows a rocky island in a body of water with a clear blue sky in the background.
budget=1024_info_density_delay0_thumbattn,182,0.8055835962295532,0.7193901538848877,0.7278784513473511,0.7236093878746033,"The most prominently visible piece of equipment in the person's possession is the golf club, which is partially visible in their right hand. The club has a black grip and a silver head, indicating it is likely a driver or a wood, which are common clubs used for long-distance shots on a golf course. The club is attached to a golf bag, which is also a piece of equipment essential for carrying multiple clubs during a game of golf.","The most prominently visible piece of equipment in the person's possession is the golf bag. The bag is large and has multiple pockets and compartments, designed to carry various golf clubs and accessories. The person is holding the bag with one hand while gripping a golf club with the other. The bag features a mix of red and black colors with white accents, and it has several straps and a logo that reads ""Titleist"" on the side. Additionally, there is a towel hanging from the bag, and a blue marker is attached to one of the straps."
budget=1024_info_density_delay0_thumbattn,183,0.9828418493270874,0.9933484792709351,0.9933485388755798,0.9933485388755798,"The flag on the left is the flag of Germany. It features three horizontal stripes of black, red, and yellow.","The flag on the left is the flag of Germany. It features three horizontal bands of black, red, and yellow."
budget=1024_info_density_delay0_thumbattn,184,0.7747295498847961,0.6451953649520874,0.7092428803443909,0.6757047772407532,"The flag on the right is the flag of Bavaria, representing the German federal state of Bavaria (Bayern). The blue and white stripes are characteristic of the Bavarian flag.","The flag on the right in the image is the flag of Berlin. The flag has a light blue field with a red stripe along the hoist side. Berlin is the capital city and a federal state of Germany. The building in the image is the Reichstag building, which is located in Berlin and serves as the meeting place of the German parliament."
budget=1024_info_density_delay0_thumbattn,185,0.9163994789123535,0.775303840637207,0.7068771719932556,0.7395109534263611,"The ship in the image displays the flag of the Netherlands. The flag features horizontal stripes of red, white, and blue, with a red circle in the top left corner (known as the ""Prinsentros"" or ""Prince's Circle""). This flag is commonly associated with the Royal Netherlands Navy. Therefore, the naval ship depicted is from the Netherlands.","The flag shown in the image is the national flag of the Netherlands. It consists of three horizontal stripes of equal size, with the top stripe being red, the middle stripe white, and the bottom stripe blue. Therefore, the naval ship depicted in the image belongs to the Netherlands."
budget=1024_info_density_delay0_thumbattn,186,0.9028909802436829,0.7978506088256836,0.7858376502990723,0.7917985320091248,"The license plate on the vehicle in the image indicates that it is registered in Iceland. The license plate format and the ""ER"" prefix are characteristic of Icelandic vehicle registration plates. Additionally, the setting of the image, featuring a rugged and volcanic landscape, is consistent with Iceland's distinctive geographical features.","The license plate on the vehicle in the image appears to be from Iceland. The design and format of the plate, along with the distinctive landscape in the background, support this conclusion. The setting, featuring volcanic terrain and a cloudy sky, is characteristic of Iceland's dramatic and rugged natural scenery."
budget=1024_info_density_delay0_thumbattn,187,0.9244601726531982,0.8867546916007996,0.8372434377670288,0.8612881302833557,"The square white adapter in the image is an Apple USB power adapter. Steve Jobs, along with Steve Wozniak, co-founded Apple Inc., the company that manufactures Apple products.","The square white adapter in the image is an Apple USB power adapter. Apple Inc. was founded by Steve Jobs, Steve Wozniak, and Ronald Wayne."
budget=1024_info_density_delay0_thumbattn,188,0.801668107509613,0.7796539664268494,0.6308509111404419,0.6974034309387207,"The image shows a large industrial building with a colorful mural on one side, situated next to a body of water. There is no blue backpack or airplane visible in the image. Therefore, I can't determine the position of a blue backpack relative to an airplane as these objects are not present in the photograph.","The blue backpack is not in the image, so I can't determine its position relative to the airplane."
budget=1024_info_density_delay0_thumbattn,189,0.9788542985916138,0.9572471380233765,0.9673707485198975,0.9622822999954224,The blue backpack is to the right of the umbrella.,The blue backpack is to the left of the umbrella.
budget=1024_info_density_delay0_thumbattn,190,1.0,0.9999997615814209,0.9999997615814209,0.9999997615814209,The blue backpack is positioned to the right of the wooden box.,The blue backpack is positioned to the right of the wooden box.
budget=1024_info_density_delay0_thumbattn,191,0.886281430721283,0.9062414169311523,0.8423686027526855,0.873138427734375,The wooden jewelry box is to the right of the clock when facing the fireplace.,The wooden jewelry box is positioned to the left of the clock.
budget=1024_info_density_delay0_thumbattn,192,1.0,1.0,1.0,1.0,There are two chairs in the image.,There are two chairs in the image.
budget=1024_info_density_delay0_thumbattn,193,0.8105233907699585,0.8633496761322021,0.8253153562545776,0.8439041972160339,"The chairs are facing away from the viewer, towards the window.",The chairs in the image are facing towards the window.
budget=1024_info_density_delay0_thumbattn,194,1.0,0.9999998807907104,0.9999998807907104,0.9999998807907104,The blue backpack is positioned to the left of the warning sign.,The blue backpack is positioned to the left of the warning sign.
budget=1024_info_density_delay0_thumbattn,195,0.8085988759994507,0.8401343822479248,0.8229095935821533,0.8314327597618103,"The black car is ahead of the tram, further up the street.",The black car is positioned to the left of the tram.
budget=1024_info_density_delay0_thumbattn,196,0.30021220445632935,0.6130943298339844,0.8014873266220093,0.6947457790374756,There are three people in the image.,"There are no people in the image. It features a serene landscape with a forest, a lake, and mountains in the background."
budget=1024_info_density_delay0_thumbattn,197,1.0,0.9999997615814209,0.9999997615814209,0.9999997615814209,There are five people in the image.,There are five people in the image.
budget=1024_info_density_delay0_thumbattn,198,0.7168946862220764,0.9610323905944824,0.9315064549446106,0.9460391402244568,"There are two people in the image. One person is prominently featured in the foreground, wearing a brown outfit and a hat, while the other person is partially visible in the background.","There are two people in the image. One person is prominently featured in the foreground, sitting and smiling, while the other person is partially visible in the background."
budget=1024_info_density_delay0_thumbattn,199,0.7643365859985352,0.7965735793113708,0.6537438631057739,0.7181257009506226,"The boat is positioned on the left side of the image, while the buildings are on the right side. The boat is further away from the shore compared to the buildings.",The boat is positioned to the left of the buildings.
budget=2048_info_density_delay0_thumbattn,0,1.0,1.0,1.0,1.0,The number displayed above the entrance is 27B.,The number displayed above the entrance is 27B.
budget=2048_info_density_delay0_thumbattn,1,1.0000001192092896,1.0000004768371582,1.0000004768371582,1.0000004768371582,The mailbox is blue.,The mailbox is blue.
budget=2048_info_density_delay0_thumbattn,2,0.97650146484375,0.9935876131057739,0.9935876131057739,0.9935876131057739,The mailbox is on the left side of the woman.,The mailbox is on the right side of the woman.
budget=2048_info_density_delay0_thumbattn,3,0.9949910640716553,0.9875649809837341,0.9823727607727051,0.984961986541748,"The white board in front of the girl in purple shorts has the text ""Elevate"" written on it.","The white board in front of the girl in purple shorts has the word ""Elevate"" written on it."
budget=2048_info_density_delay0_thumbattn,4,0.7813055515289307,0.9620357751846313,0.9450461864471436,0.9534652829170227,"The text on the blue golf ball holder reads ""Mizuno"".","The text on the blue golf ball holder reads ""Callaway."""
budget=2048_info_density_delay0_thumbattn,5,1.0,0.9999998807907104,0.9999998807907104,0.9999998807907104,The golf ball holder is blue.,The golf ball holder is blue.
budget=2048_info_density_delay0_thumbattn,6,0.9999998807907104,1.0,1.0,1.0,The license plate number of the car is RK 879.,The license plate number of the car is RK 879.
budget=2048_info_density_delay0_thumbattn,7,0.8000966906547546,0.9184890985488892,0.9167275428771973,0.9176074862480164,The person is sitting on the driver's side of the car.,The person is sitting on the right side of the car.
budget=2048_info_density_delay0_thumbattn,8,0.9783020615577698,0.9266825914382935,0.8364002704620361,0.8792299032211304,"The water bottle is placed on a small table or surface in front of the person, to their right side (on the left side of the image).","The water bottle is placed on a small table or surface in front of the person, to their right side."
budget=2048_info_density_delay0_thumbattn,9,1.0,0.9719789028167725,0.9719789028167725,0.9719789028167725,"The brand mentioned on the black rectangular device located at the left of the image is ""INsignia.""","The brand mentioned on the black rectangular device located at the left of the image is ""INSIGNIA."""
budget=2048_info_density_delay0_thumbattn,10,0.9999999403953552,0.9999998807907104,0.9999998807907104,0.9999998807907104,"The text written above the logo on the jacket's sleeve is ""epic"".","The text written above the logo on the jacket's sleeve is ""epic""."
budget=2048_info_density_delay0_thumbattn,11,0.9899563193321228,0.9876681566238403,0.9900826215744019,0.9888738989830017,"The person in the background is wearing white gloves. They appear to be a type of work or utility gloves, possibly designed for grip and protection.","The person in the background is wearing white gloves. They appear to be a type of work or outdoor gloves, possibly designed for grip and protection."
budget=2048_info_density_delay0_thumbattn,12,0.8845319747924805,0.8970711827278137,0.940400242805481,0.9182248115539551,The person is standing behind the recycle bin.,The person is standing to the left of the recycle bin.
budget=2048_info_density_delay0_thumbattn,13,0.8773723840713501,0.9663643836975098,0.9116333723068237,0.9382013082504272,"The number written on the sign in the background is ""08-26"".","The number written on the sign in the background is ""08""."
budget=2048_info_density_delay0_thumbattn,14,0.5981535911560059,0.7830008864402771,0.7405790686607361,0.7611993551254272,The sign in the image is yellow.,There is no sign visible in the image.
budget=2048_info_density_delay0_thumbattn,15,0.9599730968475342,0.8292834758758545,0.9416499137878418,0.8819018006324768,The umbrella is blue.,The umbrella in the image is blue.
budget=2048_info_density_delay0_thumbattn,16,0.49178892374038696,0.6102224588394165,0.6716850996017456,0.6394803524017334,"The title of the framed poster visible in the image is ""The Book of Kells.""","The image shows the interior of a large, ornate cathedral with stained glass windows and wooden pews. There is no framed poster visible in the image."
budget=2048_info_density_delay0_thumbattn,17,1.0,1.0,1.0,1.0,"The barge on the left side of the image is named ""Peter Lind.""","The barge on the left side of the image is named ""Peter Lind."""
budget=2048_info_density_delay0_thumbattn,18,0.6135274171829224,0.9915573596954346,0.9915573596954346,0.9915573596954346,"The neon ""OPEN"" sign hanging above the items for sale is blue.","The neon ""OPEN"" sign hanging above the items for sale is red."
budget=2048_info_density_delay0_thumbattn,19,1.0000001192092896,0.9999999403953552,0.9999999403953552,0.9999999403953552,"The road sign directly below the American flag reads ""ONE WAY.""","The road sign directly below the American flag reads ""ONE WAY."""
budget=2048_info_density_delay0_thumbattn,20,1.0,0.9999999403953552,0.9999999403953552,0.9999999403953552,"The number written on the front of the train is ""460 112-6"".","The number written on the front of the train is ""460 112-6""."
budget=2048_info_density_delay0_thumbattn,21,0.9046834707260132,0.7947840690612793,0.7708004713058472,0.7826085686683655,"In the image, there are three dogs being walked. They are all on leashes and being led by a person dressed in a red jacket. The setting appears to be a park or a similar outdoor area with a hedge in the background and a clear blue sky above. The autumn foliage adds a nice touch to the scene, with the grass and fallen leaves indicating the season.","In the image, there are three dogs being walked. The person is walking along a path with a group of dogs on leashes. The dogs appear to be of different sizes and colors, adding variety to the scene. The setting seems to be a park or a similar outdoor area with autumn foliage in the background."
budget=2048_info_density_delay0_thumbattn,22,1.0,1.000000238418579,1.000000238418579,1.000000238418579,There isn't a bike visible in the image.,There isn't a bike visible in the image.
budget=2048_info_density_delay0_thumbattn,23,0.8472055196762085,0.7486979365348816,0.6709225177764893,0.7076796889305115,"The image shows a tall, cylindrical building with a distinctive geometric pattern on its facade, situated next to a river. The building appears to be part of a modern architectural complex that includes a lower structure with a sloped roof.

Regarding the signboard attached to the building, there is no clearly visible signboard on the part of the building that is prominently displayed in the image. If the signboard is present but not easily noticeable due to the angle or distance, it might be difficult to determine its shape accurately. However, based on the visible portion of the building, no distinct signboard shape can be identified.","The image shows a tall, cylindrical green building near a body of water. There is a smaller structure adjacent to it with a curved, wave-like roof. However, there isn't a visible signboard attached to the building in this image. If you're referring to a specific signboard that isn't easily noticeable, please provide more details!"
budget=2048_info_density_delay0_thumbattn,24,0.8147433996200562,0.7694538831710815,0.7898015975952148,0.7794950008392334,The text on the signboard is not clearly visible in the image.,The image does not show any signboard with visible text.
budget=2048_info_density_delay0_thumbattn,25,0.9815267324447632,0.9314459562301636,0.9463314414024353,0.9388297200202942,"The orange building is located to the left of the cylindrical green building when facing the image. The cylindrical green building stands prominently on the right side, while the orange building is positioned further back and to the left, closer to the water's edge.","The orange building is located to the left of the cylindrical green building when facing the image. The cylindrical green building stands prominently on the right side, while the orange building is positioned further back and to the left, partially obscured by other structures."
budget=2048_info_density_delay0_thumbattn,26,0.7066739201545715,0.8752948641777039,0.8424659967422485,0.8585667014122009,"The signboard above the left door reads ""Abri de Patoud.""","The signboard above the left door reads ""pinatubo."""
budget=2048_info_density_delay0_thumbattn,27,1.0,0.9999998807907104,0.9999998807907104,0.9999998807907104,The man wearing a yellow shirt is carrying a black backpack.,The man wearing a yellow shirt is carrying a black backpack.
budget=2048_info_density_delay0_thumbattn,28,0.6622754335403442,0.5049920082092285,0.7603137493133545,0.6068926453590393,The girl wearing a blue top is sitting on the left side of the man wearing a yellow shirt.,"The girl wearing a blue top is sitting on the left side of the man wearing a yellow shirt. 

To break it down logically:
1. The man in the yellow shirt is positioned further back in the image, near the center.
2. The girl in the blue top is sitting on a stone ledge closer to the foreground.
3. If you look at their relative positions, the girl in the blue top is to the left of the man in the yellow shirt as you face the image."
budget=2048_info_density_delay0_thumbattn,29,0.9713531732559204,0.9618178606033325,0.9618178606033325,0.9618178606033325,The clock shows a time of approximately 6:10.,The clock shows a time of approximately 6:00.
budget=2048_info_density_delay0_thumbattn,30,0.9974998235702515,0.9606021642684937,0.9606021642684937,0.9606021642684937,The river is flowing from the bottom right to the top left relative to the clock tower.,The river is flowing from the bottom left to the bottom right relative to the clock tower.
budget=2048_info_density_delay0_thumbattn,31,0.7327818870544434,0.7544766664505005,0.6918895840644836,0.7218289971351624,"In the middle of the water, there is a small island with a tree and a decorative structure. The structure appears to be a small, illuminated gazebo or亭子, which is a type of open-air pavilion often found in parks. It is surrounded by water and has a light source that makes it stand out against the darker background. The island is also adorned with some greenery, contributing to the serene and picturesque setting.","In the middle of the water, there is a small, circular island with a weeping willow tree. The island is illuminated by lights, which highlight its features against the darker water. The tree's branches hang down, creating a picturesque and serene scene. The island appears to be a focal point in the image, adding to the tranquil ambiance of the setting."
budget=2048_info_density_delay0_thumbattn,32,0.8581295013427734,0.5827974677085876,0.7889365553855896,0.6703780889511108,The speed limit indicated by the sign in the image is 20 km/h.,"The speed limit indicated by the sign in the image is 20. This can be determined by the circular sign with a red border and a white center, which displays the number ""20"". Such signs are commonly used to denote speed limits in various regions, typically indicating the maximum speed that vehicles are allowed to travel within the area where the sign is posted."
budget=2048_info_density_delay0_thumbattn,33,1.0000001192092896,0.9999997615814209,0.9999997615814209,0.9999997615814209,The year inscribed on the sundial is 1762.,The year inscribed on the sundial is 1762.
budget=2048_info_density_delay0_thumbattn,34,0.8829245567321777,0.8469690084457397,0.9432963132858276,0.8925411701202393,"The message on the sign reads ""KHU VỰC NGUY HIỂM KHÔNG NHẤY,"" which translates to ""Dangerous Area, Do Not Enter"" in English.","The message on the sign reads ""KHU VỰC NGUY HIỂM KHÔNG NHAY,"" which translates to ""Dangerous Area, Do Not Enter"" in English. This indicates that the area around the waterfall is hazardous and visitors are advised not to enter."
budget=2048_info_density_delay0_thumbattn,35,0.8206331729888916,0.7099670171737671,0.7874453067779541,0.7467017769813538,"The hazard numbers on the left side storage container's label are ""1"" and ""8"".","The hazard number displayed on the left side storage container's label is ""1"". This indicates that the substance is classified as a flammable gas."
budget=2048_info_density_delay0_thumbattn,36,1.0,0.9999999403953552,0.9999999403953552,0.9999999403953552,"The ""1"" on the left side hazard label of the storage container is black.","The ""1"" on the left side hazard label of the storage container is black."
budget=2048_info_density_delay0_thumbattn,37,0.5828593969345093,0.9680476188659668,0.9680476188659668,0.9680476188659668,The surveillance camera is silver.,The surveillance camera is black.
budget=2048_info_density_delay0_thumbattn,38,1.0,1.0,1.0,1.0,"The text on the sign attached to the wall of the building reads ""Saint-Paul.""","The text on the sign attached to the wall of the building reads ""Saint-Paul."""
budget=2048_info_density_delay0_thumbattn,39,0.7524720430374146,0.6538737416267395,0.7016177773475647,0.6769049167633057,"There isn't a car clearly visible in the image. The focus is on the town, buildings, and bridge reflected in the water.","The image shows a scene with a lot of lights reflected on the water, but the details of any cars are not clear or prominent. Therefore, I can't determine the color of a car in this image."
budget=2048_info_density_delay0_thumbattn,40,0.9728540182113647,0.8843976259231567,0.8827832341194153,0.8835896253585815,The girl is wearing a pink shirt.,The girl's shirt is pink.
budget=2048_info_density_delay0_thumbattn,41,0.6488362550735474,0.6075891256332397,0.7561615109443665,0.6737822890281677,The car in the image appears to be white.,"There isn't a car visible in the image. The scene shows a traditional building near a body of water, surrounded by trees and mountains."
budget=2048_info_density_delay0_thumbattn,42,0.6251917481422424,0.7933176755905151,0.8422505855560303,0.8170521855354309,The person in the image is wearing dark clothing.,The primary color of the person's clothing in the image is blue.
budget=2048_info_density_delay0_thumbattn,43,0.9999999403953552,1.0000001192092896,1.0000001192092896,1.0000001192092896,There is no flag visible in the image.,There is no flag visible in the image.
budget=2048_info_density_delay0_thumbattn,44,0.9999999403953552,1.000000238418579,1.000000238418579,1.000000238418579,"The street sign on the pole near the center bottom of the image indicates ""Michigan Ave.""","The street sign on the pole near the center bottom of the image indicates ""Michigan Ave."""
budget=2048_info_density_delay0_thumbattn,45,0.5902564525604248,0.9751408696174622,0.9751408696174622,0.9751408696174622,The number written on the boat is 4.,The number written on the boat is 50.
budget=2048_info_density_delay0_thumbattn,46,0.332291841506958,0.6756578683853149,0.746781051158905,0.7094414234161377,The person in the image is wearing a blue shirt.,There is no person visible in the image. It features a waterfall surrounded by trees and rocky terrain.
budget=2048_info_density_delay0_thumbattn,47,0.7177597284317017,0.5724974870681763,0.6275278329849243,0.5987508893013,"The flag in the image is white. It is located near the top right section of the image, attached to a pole on the side of a building. The flag stands out against the darker background of the surrounding buildings and street.","The image shows a street scene with buildings on both sides. There are various signs and flags visible, but the specific color of a particular flag isn't clear due to the angle and lighting. If you're referring to a specific flag, could you provide more details?"
budget=2048_info_density_delay0_thumbattn,48,0.9999999403953552,1.0,1.0,1.0,The figurine on the shelf is wearing a red uniform.,The figurine on the shelf is wearing a red uniform.
budget=2048_info_density_delay0_thumbattn,49,1.0,1.0000001192092896,1.0000001192092896,1.0000001192092896,The visible vehicle in the image is white.,The visible vehicle in the image is white.
budget=2048_info_density_delay0_thumbattn,50,0.5589138865470886,0.9860317707061768,0.9860317707061768,0.9860317707061768,The climber's hat is red.,The climber's hat is yellow.
budget=2048_info_density_delay0_thumbattn,51,1.0000001192092896,1.0,1.0,1.0,The trailer in the image is orange.,The trailer in the image is orange.
budget=2048_info_density_delay0_thumbattn,52,0.5816597938537598,0.49240565299987793,0.5462201237678528,0.5179187655448914,The phone number on the boat is 0905 87 38 38.,"The image shows a beach scene with a swing set on the sand, and two boats in the water. However, the resolution and angle of the photo do not clearly reveal any phone numbers on the boats. The details on the boats are not distinct enough to confidently identify a phone number."
budget=2048_info_density_delay0_thumbattn,53,0.9656009674072266,0.839123547077179,0.9487197995185852,0.8905624747276306,The motorcycle is red.,The motorcycle in the image is red.
budget=2048_info_density_delay0_thumbattn,54,0.7760464549064636,0.8804682493209839,0.9377902746200562,0.9082257151603699,"The title of the book displayed prominently on the stand is ""Holy Bible.""","The title of the book displayed prominently on the stand is ""The Book of Kells."""
budget=2048_info_density_delay0_thumbattn,55,0.8195352554321289,0.9427917003631592,0.7781897783279419,0.8526191711425781,The flowers in the image are purple. They are placed on the bed near the center.,The flowers in the image are purple.
budget=2048_info_density_delay0_thumbattn,56,0.639363706111908,0.5880845785140991,0.5975000858306885,0.5927549600601196,The phone number listed on the building in the foreground is 415-555-0199.,"The image provided does not show any phone numbers on the buildings in the foreground. Therefore, I cannot provide a phone number based on this image."
budget=2048_info_density_delay0_thumbattn,57,0.8030712008476257,0.9795268774032593,0.9795268774032593,0.9795268774032593,The number written on the blue tag is 20.,The number written on the blue tag is 3.
budget=2048_info_density_delay0_thumbattn,58,0.7699807286262512,0.8562246561050415,0.8566108345985413,0.8564176559448242,The registration number of the boat is TN-01-00026.,"The registration number of the boat is ""P 17 TNT."""
budget=2048_info_density_delay0_thumbattn,59,0.760448694229126,0.9094204902648926,0.6681491136550903,0.7703349590301514,"The flag flying on the top of the boat appears to have three horizontal stripes. The top stripe is yellow, the middle stripe is blue, and the bottom stripe is red.",The flag flying on the top of the boat appears to be red.
budget=2048_info_density_delay0_thumbattn,60,1.0000001192092896,1.0000003576278687,1.0000003576278687,1.0000003576278687,The model number of the train shown in the image is 2001.,The model number of the train shown in the image is 2001.
budget=2048_info_density_delay0_thumbattn,61,1.0,1.000000238418579,1.000000238418579,1.000000238418579,The person in the image is wearing a blue shirt.,The person in the image is wearing a blue shirt.
budget=2048_info_density_delay0_thumbattn,62,0.8089238405227661,0.700892448425293,0.8133025169372559,0.7529249787330627,"The sign reads ""Public Parking.""","The black and white sign above the parking garage entrance reads ""PARKING."""
budget=2048_info_density_delay0_thumbattn,63,0.6944567561149597,0.6971617341041565,0.5695985555648804,0.6269572973251343,"The license plate number of the vehicle in the image is ""W-22-14.""",The image does not clearly show a license plate on any vehicle.
budget=2048_info_density_delay0_thumbattn,64,0.8349625468254089,0.63275146484375,0.6555663347244263,0.6439568996429443,"In the image, the person is positioned to the left of the car. The car is parked on the brick-paved area near the building, and the person appears to be standing close to the front of the car, slightly behind it. The person is wearing a yellow shirt and seems to be engaged in an activity near the boat, possibly related to the equipment or the docking process. The car is situated further back on the right side of the image, near the building with a sloped roof.","In the image, the person is standing on the dock beside the large boat, while a car is parked further down the dock, closer to the right side of the image. The person appears to be closer to the boat and is positioned to the left of the car when facing the image. The person is also near some equipment and hoses on the dock.

To summarize, the person is positioned to the left and in front of the car when viewing the image. The person is engaged in an activity near the boat, while the car is parked further back on the dock."
budget=2048_info_density_delay0_thumbattn,65,0.6017528772354126,0.6012176871299744,0.7673299312591553,0.6741925477981567,There is no car visible in the image.,"The car in the image is dark-colored, likely black or dark blue."
budget=2048_info_density_delay0_thumbattn,66,1.0000001192092896,0.9999997615814209,0.9999998211860657,0.9999998211860657,The person in the image is wearing blue pants.,The person in the image is wearing blue pants.
budget=2048_info_density_delay0_thumbattn,67,0.8284084796905518,0.6004618406295776,0.6445039510726929,0.6217038631439209,"The flag in the image is the flag of Chile. It features a blue field with a white square in the upper left corner. Inside the white square, there is a yellow sun with 28 rays, and below the sun, there are eight five-pointed stars arranged in a semicircle. The flagpole is red. So, the colors of the flag are blue, white, yellow, and red.","The flag in the image appears to have multiple colors. It looks like it might be the Mexican flag, which typically features green, white, and red vertical stripes with an emblem in the center. The specific colors visible in the image are:

1. Green on the left side.
2. White in the middle with some detail (possibly the national emblem).
3. Red on the right side.

These colors are consistent with the Mexican flag."
budget=2048_info_density_delay0_thumbattn,68,0.5792617797851562,0.8329583406448364,0.9346373677253723,0.8808733224868774,The trash can is black.,The trash can in the image is white.
budget=2048_info_density_delay0_thumbattn,69,1.0000001192092896,1.0000001192092896,1.0000001192092896,1.0000001192092896,There isn't a dog visible in the image.,There isn't a dog visible in the image.
budget=2048_info_density_delay0_thumbattn,70,0.6764764189720154,0.7702392339706421,0.7285020351409912,0.7487894892692566,"The letters on the green trash bin are ""P,"" ""B,"" and ""A.""","The letters on the green trash bin are ""RESTAURANT."""
budget=2048_info_density_delay0_thumbattn,71,0.7253037095069885,0.6028792858123779,0.7441730499267578,0.666115939617157,The black sign shows a right-pointing arrow.,The image doesn't show a black sign with arrows. It depicts an ancient stone archway with a bollard and chain in the foreground.
budget=2048_info_density_delay0_thumbattn,72,0.6152386665344238,0.5571074485778809,0.4551565945148468,0.5009980201721191,"The text written at the center of the black sign reads ""ARHEOLSKI MUZEJ"" on the top line and ""ISTORIJA PLAČA"" on the bottom line. This translates from Croatian to ""Archaeological Museum"" and ""History of the Town"" respectively.","The image does not contain a black sign with text at the center. The main focus is on an ancient stone archway with columns, a stone wall, and some trees in the background. There is no visible text in the image."
budget=2048_info_density_delay0_thumbattn,73,0.6231546401977539,0.5104799270629883,0.698648989200592,0.5899227261543274,The number on the rectangular white sign is 3.,The image does not show a rectangular white sign with a number on it. The main focus is on an ancient stone archway and a stone wall. There is no visible sign with a number in the image.
budget=2048_info_density_delay0_thumbattn,74,1.0,1.000000238418579,1.000000238418579,1.000000238418579,"The text on the white building reads ""DB"".","The text on the white building reads ""DB""."
budget=2048_info_density_delay0_thumbattn,75,0.9121875166893005,0.7373184561729431,0.7893623113632202,0.7624533176422119,The building with a red and white striped antenna on its top is the one located towards the right side of the image. This distinctive antenna helps in identifying the building amidst the skyline. The antenna is part of a structure that stands out due to its contrasting colors against the predominantly blue and gray buildings around it.,"The building with a red and white striped antenna on its top is the one located towards the right side of the image, slightly behind the cluster of taller skyscrapers. This distinctive antenna helps in identifying the building amidst the modern skyline. The red and white stripes are often used for aviation safety, making the antenna more visible. The building itself appears to be a significant structure, possibly serving an important function within the city's infrastructure."
budget=2048_info_density_delay0_thumbattn,76,1.0,1.0,1.0,1.0,The ceiling beams in the room are made of wood.,The ceiling beams in the room are made of wood.
budget=2048_info_density_delay0_thumbattn,77,0.9288357496261597,0.8183755874633789,0.8610987067222595,0.8391937017440796,"The small stone cairn is located in the foreground, to the right side of the waterfall. It's positioned on a rock near the bottom of the image, close to the stream that flows from the waterfall.","The small stone cairn is located in the foreground of the image, to the right side relative to the main flow of the waterfall. It sits on the moss-covered rocks at the base of the falls, near the edge of the stream that collects the water from the cascade."
budget=2048_info_density_delay0_thumbattn,78,0.7773257493972778,0.8205592036247253,0.5384969711303711,0.6502580642700195,"In the image, there is a piece of cloth hanging on the wall inside the house, to the right of the doorway. It appears to be draped over a hook or a nail, and it hangs loosely, suggesting it might be used for practical purposes, such as holding items or for drying purposes. The wall itself is painted in a dark green color, and the doorway is open, allowing a view into the interior space. The overall setting gives a rustic and traditional feel to the scene.",A cloth is hanging on the wall inside the house.
budget=2048_info_density_delay0_thumbattn,79,0.9026797413825989,0.6569854021072388,0.6309049725532532,0.6436810493469238,"The object mounted on the wall in the background appears to be a small informational plaque or sign. These plaques are often found in historical buildings to provide visitors with information about the site, its history, or specific architectural features. Given the context of the image, which shows an interior space with historical architectural elements, the plaque likely serves an educational purpose for visitors.","The object mounted on the wall in the background appears to be a small, rectangular plaque or sign. It is positioned near the center of the far wall, slightly to the left. The plaque is light in color, which makes it somewhat noticeable against the darker stone wall. It could potentially be an informational sign or a marker, but the details on it are not discernible from this image."
budget=2048_info_density_delay0_thumbattn,80,0.9502871036529541,0.831969141960144,0.9413122534751892,0.8832696080207825,The cup is white.,The cup in the image is white.
budget=2048_info_density_delay0_thumbattn,81,0.6870636940002441,0.6149358749389648,0.6472745537757874,0.6306909918785095,"The cup lying on the ground appears to be made of ceramic or porcelain, as suggested by its white color and glossy finish.","The image shows a cobblestone path with some greenery and a mural on a wall. There is a small piece of trash near the bottom right corner, which appears to be a plastic cup. Based on this observation, the primary material of the cup lying on the ground is likely plastic."
budget=2048_info_density_delay0_thumbattn,82,0.9845180511474609,0.9234828948974609,0.9145731329917908,0.91900634765625,"The object located in the center of the grassy area is a statue. It appears to depict a robed figure, possibly a classical or historical character, standing on a pedestal. The statue is positioned prominently in front of the grand building, adding to the aesthetic and historical ambiance of the scene.","The object located in the center of the grassy area is a statue. It appears to depict a robed figure, possibly a classical or historical figure, standing on a pedestal. The statue is positioned prominently in front of the grand building, serving as a focal point in the landscaped setting."
budget=2048_info_density_delay0_thumbattn,83,0.8755834102630615,0.6365739703178406,0.4710872173309326,0.5414685010910034,"The sign on the bridge indicates the direction towards Zaragoza. Given the context of the image, which shows a bridge spanning a body of water with a landscape in the background, the sign is likely providing directional guidance for travelers.

To determine the direction:

1. **Observation of the Sign**: The sign is positioned on the right side of the bridge, pointing towards Zaragoza.
2. **Geographical Context**: Zaragoza is a city in northeastern Spain. If we assume this bridge is part of a major route leading towards Zaragoza, the sign would be pointing in the general direction of the city.

Considering these points, the direction indicated on the sign towards Zaragoza is likely to the **left** if you are facing towards the city in the image. This is because signs typically point in the direction you need to go to reach the destination, and given the positioning of the sign on the bridge, it would be pointing left for someone traveling towards Zaragoza.

Therefore, the direction indicated on the sign towards Zaragoza is **left**.","The image shows a bridge over a body of water, with hills and vegetation in the background. There isn't a sign visible in the image pointing towards Zaragoza. Therefore, I can't determine the direction indicated on such a sign."
budget=2048_info_density_delay0_thumbattn,84,0.7187435626983643,0.5555547475814819,0.7500154972076416,0.6383029818534851,The sign pointing towards Alocén indicates the direction to the left.,"The image shows a bridge over a body of water, with hills and vegetation in the background. There isn't a sign visible in the image pointing towards Alocén or any other direction. Therefore, I can't determine the direction indicated on such a sign."
budget=2048_info_density_delay0_thumbattn,85,0.92452472448349,0.9487018585205078,0.9046884775161743,0.9261725544929504,There isn't a car visible in the image. The scene shows a desert landscape with a leafless tree and some bushes.,There isn't a car in the image. The picture shows a desert landscape with a tree and some rocks.
budget=2048_info_density_delay0_thumbattn,86,1.0,1.0,1.0,1.0,The speed limit sign in the image indicates a limit of 30.,The speed limit sign in the image indicates a limit of 30.
budget=2048_info_density_delay0_thumbattn,87,0.787775993347168,0.6297438740730286,0.8484076261520386,0.722902238368988,The flag is red with a yellow star.,"The flag in the image is red. It features a yellow star, which is a distinctive element often associated with the national flag of China. The red color of the flag is vibrant and stands out against the lighter background of the sky."
budget=2048_info_density_delay0_thumbattn,88,1.0,0.9999997615814209,0.9999997615814209,0.9999997615814209,"The name written on the boat is ""Gondola.""","The name written on the boat is ""Gondola."""
budget=2048_info_density_delay0_thumbattn,89,0.6748210191726685,0.6124395728111267,0.6908601522445679,0.6492905616760254,The speed limit indicated by the sign is 30.,"The image doesn't show a speed limit sign, so I can't determine the speed limit from this view."
budget=2048_info_density_delay0_thumbattn,90,1.0,0.9999997615814209,0.9999998807907104,0.9999998211860657,"The name written on the front of the boat is ""Freedom.""","The name written on the front of the boat is ""Freedom."""
budget=2048_info_density_delay0_thumbattn,91,0.8362433314323425,0.6176093220710754,0.689283013343811,0.6514807343482971,"The flag in the image appears to have three horizontal stripes. The top stripe is red, the middle stripe is white, and the bottom stripe is green. This is the flag of Tunisia.","The flag in the image appears to have three horizontal stripes. The colors of the stripes, from top to bottom, are:

1. Red
2. White
3. Red

So, the flag predominantly features red and white colors."
budget=2048_info_density_delay0_thumbattn,92,0.765800952911377,0.7648106813430786,0.5897378921508789,0.6659603714942932,"The Royal Albert Hall is located to the left of the bus in the image. The bus is on the right side of the frame, while the Royal Albert Hall dominates the center and left side of the image.",The Royal Albert Hall is positioned to the left of the bus.
budget=2048_info_density_delay0_thumbattn,93,0.9867371916770935,0.9555113315582275,0.9215579032897949,0.9382275342941284,"The houses are located in the background, nestled among the trees and slightly elevated compared to the tea fields in the foreground. They appear to be situated further back in the valley, beyond the expanse of the tea fields.","The houses are located in the background, nestled among the trees and slightly elevated compared to the tea fields. They appear to be situated further back in the valley, beyond the expanse of the tea plantation."
budget=2048_info_density_delay0_thumbattn,94,1.0000001192092896,0.9999998807907104,0.9999998807907104,0.9999998807907104,The white truck is positioned to the right of the trams in the image.,The white truck is positioned to the right of the trams in the image.
budget=2048_info_density_delay0_thumbattn,95,0.6793556213378906,0.6138771772384644,0.7574593424797058,0.6781516075134277,"In the image, the red car is positioned to the left of the black car.","The image shows a building with a reflection in the water, but there are no cars visible in the image. Therefore, I can't determine the relative position of a red car compared to a black car."
budget=2048_info_density_delay0_thumbattn,96,0.9744489789009094,0.9694637060165405,0.986406683921814,0.9778618216514587,The pink banner is to the right of the green trash bin.,The pink banner is positioned to the right of the green trash bin.
budget=2048_info_density_delay0_thumbattn,97,0.9446085691452026,0.7909133434295654,0.7345142960548401,0.761671245098114,"In the image, the person wearing a light brown hat is positioned to the right and slightly behind the person wearing a pink shirt. The person in the light brown hat appears to be standing closer to the stone structures, while the person in the pink shirt is further to the left and in front of them, closer to the grassy area.","The person wearing a light brown hat is positioned to the left of the person wearing a pink shirt. They are both standing near the stone structures, but the individual with the light brown hat is slightly ahead and to the left of the person in the pink shirt."
budget=2048_info_density_delay0_thumbattn,98,0.8996387124061584,0.9088519811630249,0.6245899200439453,0.7403733730316162,"The white car is positioned to the left of the large white building when facing the building. It appears to be further back, near the base of the building, and is partially obscured by some structures or elements in the foreground.",The white car is positioned to the left of the large white building.
budget=2048_info_density_delay0_thumbattn,99,0.961597740650177,0.8923664093017578,0.872145414352417,0.882140040397644,"In the image, the black motorcycle is positioned to the left of the silver car. The silver car is parked on the right side near the building by the river, while the black motorcycle is slightly further back and to the left, closer to the water's edge.","In the image, the black motorcycle is positioned to the left of the silver car. The silver car is closer to the foreground on the right side, while the black motorcycle is slightly behind and to the left of the car, near the riverbank."
budget=2048_info_density_delay0_thumbattn,100,0.9665329456329346,0.8342731595039368,0.8265912532806396,0.8304144740104675,"The flag on the left side has three horizontal stripes. From top to bottom, the colors are black, red, and yellow. This is the flag of Germany.","The flag on the left side is the German flag, which consists of three horizontal stripes: black on the top, red in the middle, and yellow on the bottom."
budget=2048_info_density_delay0_thumbattn,101,0.8705016374588013,0.7010276317596436,0.6719269752502441,0.686168909072876,"The small white building is situated between the large industrial structure with the colorful mural and the body of water. It is positioned on the dock area, closer to the water's edge than the main industrial buildings. The building appears to be at a similar elevation to the water, as it is directly adjacent to the dock where a boat is also present. This placement suggests that the building might be used for purposes related to the waterfront activities, such as storage, maintenance, or operational support for the dock and boat facilities.","The small white building is situated on the dock, which is adjacent to the water. It is positioned closer to the viewer than the large industrial structures and is located to the right side of the image. The building is elevated on the dock, which is a platform that extends over the water. The water occupies the foreground of the image, with the small white building just above it, indicating that the building is directly next to the water's edge."
budget=2048_info_density_delay0_thumbattn,102,0.9134498834609985,0.9945935010910034,0.9945935010910034,0.9945935010910034,There are four computers visible on the table.,There are five computers visible on the table.
budget=2048_info_density_delay0_thumbattn,103,0.8803276419639587,0.7868126034736633,0.7870595455169678,0.7869360446929932,"The American flag is positioned on the left side of the image. It is hanging vertically, with the stars on the top left corner and stripes running horizontally. The flag is attached to a pole that is leaning against some of the items near the entrance of the shop.","The American flag is positioned on the left side of the image. It is attached to a pole and is located among various items near the entrance of a rustic building. The flag is partially visible, with its stars and stripes discernible against the backdrop of other objects."
budget=2048_info_density_delay0_thumbattn,104,0.8374084830284119,0.6831129789352417,0.7292981147766113,0.7054504156112671,"The ""OPEN"" sign is located above the shop entrance, hanging from the wooden structure of the building. It is positioned towards the right side of the image, just above the various items displayed outside the store. The sign is illuminated with red neon lights, making it stand out against the rustic background of the shop.","The ""OPEN"" sign is located on the carved wooden figure of a bear, positioned on the right side of the image. The bear is standing upright and holding the sign in its front paws. This sign indicates that the shop is currently open for business. The detailed carving of the bear and the prominent placement of the sign make it easily noticeable among the various items displayed outside the shop."
budget=2048_info_density_delay0_thumbattn,105,0.9478499889373779,0.9506851434707642,0.8319741487503052,0.8873770236968994,The totem pole is positioned behind and slightly to the left of the bear statue.,The totem pole is positioned behind the bear statue.
budget=2048_info_density_delay0_thumbattn,106,0.9504062533378601,0.811921238899231,0.7535229921340942,0.7816328406333923,"The overhead electric wires are running parallel to the train and are positioned above the train tracks. They are angled slightly downwards towards the front of the train, indicating that they are likely part of the overhead power supply system for the electric locomotive.","The overhead electric wires are running parallel to the train and slightly above it. They are positioned along the railway track, providing power to the train as it moves forward."
budget=2048_info_density_delay0_thumbattn,107,0.9974096417427063,0.9871358275413513,0.9871855974197388,0.9871607422828674,"The person in the red jacket is positioned to the right of the large tree. They are walking along the hedge, while the large tree is prominently displayed on the left side of the image.","The person in the red jacket is positioned to the right of the large tree. They are walking along the hedge, while the large tree is prominently situated on the left side of the image."
budget=2048_info_density_delay0_thumbattn,108,0.985480546951294,0.9214613437652588,0.9421300888061523,0.9316810965538025,"To the right of the image, there is a statue of an elephant. The elephant statue appears to be made of stone or a similar material and is positioned near the edge of the waterfall. It has a notable feature where water is flowing from its trunk into the pool below. The statue adds an interesting cultural or artistic element to the natural scenery of the waterfall and the surrounding forest.","To the right of the image, there is a statue of an elephant. The elephant statue appears to be made of stone or a similar material and is positioned near the edge of the waterfall. It has a prominent trunk and tusks, and water is flowing from the end of its trunk into the pool below. The statue adds an artistic and thematic element to the natural scenery of the waterfall and surrounding greenery."
budget=2048_info_density_delay0_thumbattn,109,1.0000001192092896,0.9999998807907104,0.9999999403953552,0.9999999403953552,There are three people standing in front of the entrance of the building.,There are three people standing in front of the entrance of the building.
budget=2048_info_density_delay0_thumbattn,110,1.0,0.9999997615814209,0.9999998807907104,0.9999998211860657,The left tower is closer to the viewer than the right tower.,The left tower is closer to the viewer than the right tower.
budget=2048_info_density_delay0_thumbattn,111,0.8995240330696106,0.6862306594848633,0.7473721504211426,0.7154975533485413,"The building behind the statue is the ""District of Columbia Court of Appeals."" This is indicated by the inscription on the building's facade. The architectural style, featuring large columns and a pediment, is reminiscent of classical courthouse designs, often intended to convey a sense of justice and permanence. The presence of the statue of Abraham Lincoln further suggests a connection to American history and governance.","The building behind the statue is the ""District of Columbia Court of Appeals."" This courthouse is located in Washington, D.C., and is part of the appellate court system in the federal jurisdiction of the United States. The building's architecture features classical elements, such as columns and a pediment, which are common in many government buildings in the area. The statue in front of the building is of Abraham Lincoln, a prominent historical figure in the United States known for his role as the 16th President and his leadership during the Civil War."
budget=2048_info_density_delay0_thumbattn,112,0.9617109894752502,0.8773476481437683,0.8490642309188843,0.8629742860794067,"The statue is located on the right side of the image. It depicts a figure on horseback and is positioned on a pedestal near a row of large columns. The statue is part of an outdoor setting, likely a courtyard or a public square, with classical architecture in the background.","The statue is located on the right side of the image. It depicts a figure on horseback and is positioned on a pedestal. The statue is situated in an open area with large columns, and part of a building with a dome can be seen in the background."
budget=2048_info_density_delay0_thumbattn,113,0.8225752115249634,0.8787035942077637,0.9289756417274475,0.9031406044960022,The object directly to the right of the main entrance of the church is a wooden awning or canopy.,The object directly to the right of the main entrance of the church is a wooden structure resembling a small covered bridge or walkway.
budget=2048_info_density_delay0_thumbattn,114,0.7467345595359802,0.8865904808044434,0.9257811307907104,0.9057620763778687,The child in the foreground is running towards the camera on the bridge.,The child in the foreground is running away from the camera on the bridge.
budget=2048_info_density_delay0_thumbattn,115,0.7973281145095825,0.6586175560951233,0.6021232008934021,0.6291046142578125,"In the image, the person is located on the right side, while the building is situated on the left side. The person appears to be standing in a grassy area near the water's edge, whereas the building is positioned further back, amidst some trees. The person is also closer to the foreground compared to the building, which is set back more in the scene.","In the image, there is no person visible. However, a building can be seen on the left side, reflected in the water. The surrounding area includes a grassy field and some trees. The scene appears to be a serene landscape with a body of water in the foreground."
budget=2048_info_density_delay0_thumbattn,116,0.9152433276176453,0.8682767152786255,0.8494537472724915,0.8587620854377747,"To the right of the main house in the image, there is a smaller wooden structure. It appears to be a shed or a small outbuilding, situated near the trees and the shoreline.","To the right of the main house, there is a smaller building, possibly a shed or a guest house. It is partially obscured by trees and situated near the shoreline."
budget=2048_info_density_delay0_thumbattn,117,0.9327526092529297,0.8098623156547546,0.8397952914237976,0.8245572447776794,"The clock is located on the wall to the right side of the room, near the back wall which also features a large framed historical display. The clock is mounted above a wooden cabinet or console.","The clock is located on the wall to the right side of the room, near the window with the curtains. It is positioned above a wooden cabinet or desk. The clock has a round face with Roman numerals and is encased in a wooden frame."
budget=2048_info_density_delay0_thumbattn,118,0.8560055494308472,0.7633321285247803,0.7533107399940491,0.7582883238792419,"The component labeled ""Sony"" is positioned to the right of the component labeled ""Mavica."" The ""Sony"" component is a part of the camera body, while the ""Mavica"" component is a separate box, likely a battery or external storage unit, situated to the left of the camera body.","The component labeled ""Sony"" is positioned to the right of the component labeled ""Mavica."" The ""Sony"" component is a black body with a grip, while the ""Mavica"" component is a black box with a label indicating ""Mavica"" and ""Made in Japan."""
budget=2048_info_density_delay0_thumbattn,119,1.0,0.9846885204315186,0.9630223512649536,0.9737349152565002,"The word ""Swing"" is written on the parachute.","The word ""swing"" is written on the parachute."
budget=2048_info_density_delay0_thumbattn,120,1.000000238418579,0.9999999403953552,0.9999999403953552,0.9999999403953552,"The word ""SWIRL"" is written on the parachute.","The word ""SWIRL"" is written on the parachute."
budget=2048_info_density_delay0_thumbattn,121,1.0,1.0,1.0,1.0,"The word ""SWOOP"" is written on the parachute.","The word ""SWOOP"" is written on the parachute."
budget=2048_info_density_delay0_thumbattn,122,1.0,1.0000001192092896,1.0,1.0000001192092896,"The word ""SPRING"" is written on the parachute.","The word ""SPRING"" is written on the parachute."
budget=2048_info_density_delay0_thumbattn,123,1.0,1.0,1.0,1.0,"The word ""Dally"" is visible on the suitcase.","The word ""Dally"" is visible on the suitcase."
budget=2048_info_density_delay0_thumbattn,124,1.0,1.0,0.9999999403953552,0.9999999403953552,"The word ""Dolly"" is visible on the suitcase.","The word ""Dolly"" is visible on the suitcase."
budget=2048_info_density_delay0_thumbattn,125,0.6607679128646851,0.9185983538627625,0.9370969533920288,0.9277554750442505,"The word ""NORTH"" is written on the hang glider.","The word ""WISHTREE"" is written on the hang glider."
budget=2048_info_density_delay0_thumbattn,126,1.0000001192092896,1.0,1.0,1.0,"The word ""Cloudy"" is written on the hang glider.","The word ""Cloudy"" is written on the hang glider."
budget=2048_info_density_delay0_thumbattn,127,1.0,1.0,1.0,1.0,"The word ""Sunny"" is written on the hang glider.","The word ""Sunny"" is written on the hang glider."
budget=2048_info_density_delay0_thumbattn,128,0.8730453252792358,0.9623903632164001,0.9711974263191223,0.9667738676071167,"The word ""Storff"" is written on the hang glider.","The word ""Storv"" is written on the hang glider."
budget=2048_info_density_delay0_thumbattn,129,1.0,1.0000001192092896,1.0000001192092896,1.0000001192092896,The license plate number of the car is 217722 ROMA.,The license plate number of the car is 217722 ROMA.
budget=2048_info_density_delay0_thumbattn,130,0.8607819080352783,0.867220938205719,0.6767318248748779,0.7602254152297974,"The bird is positioned on the cobblestone pavement in front of the car, to the left side of the image when facing the car. It appears to be a small bird, possibly a sparrow, standing on the ground near the front left wheel of the car.","The bird is positioned to the left of the car, on the cobblestone pavement."
budget=2048_info_density_delay0_thumbattn,131,0.8255225419998169,0.8306474089622498,0.8244732618331909,0.8275488615036011,"The red rectangle on the sign reads ""Muzium Tekstil Negara,"" which translates to ""National Textile Museum.""","The text inside the red rectangle on the sign reads ""MUSEUM NEGARA"" which translates to ""National Museum"" in English."
budget=2048_info_density_delay0_thumbattn,132,0.9629613161087036,0.8860813975334167,0.8352733254432678,0.8599275350570679,"The red rectangle on the sign contains the text ""BANK"" along with a logo.","The text inside the red rectangle on the sign reads ""BANK."""
budget=2048_info_density_delay0_thumbattn,133,0.9999999403953552,1.0,1.0,1.0,The taller white building is to the right of the National Textile Museum.,The taller white building is to the right of the National Textile Museum.
budget=2048_info_density_delay0_thumbattn,134,0.6663295030593872,0.8813780546188354,0.8914682865142822,0.8863944411277771,"The word ""family"" is written on the building to the left in the image.","The word written on the building to the left in the image is "" inn."""
budget=2048_info_density_delay0_thumbattn,135,1.0,1.0,1.0,1.0,The car located to the right of the orange car is yellow.,The car located to the right of the orange car is yellow.
budget=2048_info_density_delay0_thumbattn,136,0.699290931224823,0.9417347311973572,0.9678664207458496,0.9546217918395996,The object placed directly in front of the bench on the left side of the image is a bicycle.,The object placed directly in front of the bench on the left side of the image is a palm tree.
budget=2048_info_density_delay0_thumbattn,137,0.6325849294662476,0.8071377277374268,0.6259817481040955,0.7051100730895996,"In the image, there is a table on the right side where a woman in a striped shirt is standing. At this table, there are three people seated. The setting appears to be an outdoor café or restaurant area with several other tables and chairs nearby, under the shade of large umbrellas. The atmosphere is lively with people walking and enjoying the area, which is lined with tall palm trees.",There are two people seated at the table on the right side of the image where the woman in the striped shirt is standing.
budget=2048_info_density_delay0_thumbattn,138,1.0,0.9999997615814209,0.9999997615814209,0.9999997615814209,"Inside the partially built brick structure, there is a wooden box.","Inside the partially built brick structure, there is a wooden box."
budget=2048_info_density_delay0_thumbattn,139,1.0000001192092896,0.9999998807907104,0.9999998807907104,0.9999998807907104,The chairs are positioned to the left of the bicycles.,The chairs are positioned to the left of the bicycles.
budget=2048_info_density_delay0_thumbattn,140,0.8101234436035156,0.9279346466064453,0.8134644627571106,0.8669372797012329,There are three bicycles parked near the building's entrance on the right side of the image.,There are five bicycles visible near the building's entrance.
budget=2048_info_density_delay0_thumbattn,141,0.8119661211967468,0.6051490306854248,0.7613271474838257,0.6743131279945374,"The car is positioned to the left of the statue of the lion, behind the red rope barrier.","The car is positioned to the left of the statue of the lion, behind it, and slightly lower on the elevation. The lion statue is prominently in the foreground, while the car is partially visible in the background, nestled among the buildings on the left side of the image."
budget=2048_info_density_delay0_thumbattn,142,0.9999999403953552,1.000000238418579,1.000000238418579,1.000000238418579,The car is to the left of the central tower of the building.,The car is to the left of the central tower of the building.
budget=2048_info_density_delay0_thumbattn,143,0.9775139093399048,0.9508894085884094,0.9550154805183411,0.9529479742050171,The primary function of the object in the red circle—a plastic water bottle—is to hold and transport drinking water.,"The primary function of the object in the red circle, which is a water bottle, is to hold and transport drinking water."
budget=2048_info_density_delay0_thumbattn,144,0.9858531951904297,0.9073600769042969,0.9169365167617798,0.9121232032775879,"The label in the red circle on the water bottle says ""CASH REFUND."" This label typically indicates that the bottle is a deposit returnable for cash. In many places, such labels are used to encourage recycling by offering a small refund when the bottle is returned to a designated recycling center or store.","The label in the red circle on the water bottle says ""Cash Refund."" This label typically indicates that the bottle is a deposit returnable for cash when recycled. In many places, such labels are used to encourage recycling by offering a small financial incentive for returning bottles and cans to designated collection points."
budget=2048_info_density_delay0_thumbattn,145,0.8313886523246765,0.7481048703193665,0.7424678802490234,0.7452757358551025,"The label in the red circle on the water bottle says ""Cash Refund."" This typically indicates that the bottle is a deposit returnable for cash when recycled. It's a common practice in many places to encourage recycling by offering a small refund for returned bottles.","The label in the red circle on the water bottle typically signifies that the bottle is part of a recycling program. In many places, such labels indicate that the container can be returned to a designated recycling center to receive a refund or deposit. This label is often used for beverage containers to encourage recycling and reduce waste."
budget=2048_info_density_delay0_thumbattn,146,0.8389846682548523,0.7183405160903931,0.5590411424636841,0.628757894039154,"The Chinese text in the red rectangle reads ""饶货南福同"". This phrase can be broken down as follows:

- 饶货 (ráo huò): This can be interpreted as ""abundant goods"" or ""rich products.""
- 南福 (nán fú): This means ""South Blessing"" or ""Southern Fortune.""
- 同 (tóng): This means ""together"" or ""same.""

So, the entire phrase roughly translates to ""Abundant Goods South Blessing Together"" or ""Rich Products, South Fortune Together."" It likely refers to a market or area known for its variety and prosperity of goods.","The Chinese text in the red rectangle reads ""饶货南福冈"" which can be translated to ""Nanfugang Goods"" in English. This likely refers to a market or area known for its goods or products."
budget=2048_info_density_delay0_thumbattn,147,0.7561435103416443,0.44833290576934814,0.6806431412696838,0.5405866503715515,"The two numbered locations that belong to the same country are:

- Location 1 and Location 2, which are both in China.","The two numbered locations that belong to the same country are both in China. 

China is located in East Asia and is the most populous country in the world. It is bordered by several countries: North Korea and Mongolia to the north, Russia to the northeast, Kazakhstan and Kyrgyzstan to the west, India, Nepal, and Bhutan to the south, and Japan across the East China Sea to the east. The country spans a vast geographical area, covering both temperate and tropical climates.

In the provided map, the numbered locations that belong to China are:

1. The location marked with the number ""1"" in the western part of the country, near the border with India.
2. The location marked with the number ""2"" in the northeastern part of the country, near the border with Russia.

Both of these locations are within the territory of China, making them part of the same country."
budget=2048_info_density_delay0_thumbattn,148,0.8570871353149414,0.7014249563217163,0.719336748123169,0.710267961025238,"The two numbered locations that belong to the same country are:

- Location 1: This is in Myanmar (Burma).
- Location 2: This is also in Myanmar (Burma).

Both are located in the same country, Myanmar, in Southeast Asia.","The two numbered locations that belong to the same country are both in China. 

- Location 1 is in the Tibet Autonomous Region of China, near the border with India.
- Location 2 is in the province of Yunnan, also near the border with India.

Both are part of China."
budget=2048_info_density_delay0_thumbattn,149,0.806618332862854,0.6562552452087402,0.7540383338928223,0.7017568945884705,The two numbered locations that belong to the same country are ③ and ④. Both are located in Japan.,"The two numbered locations that belong to the same country are both in Russia. Location ""1"" is in the far east of Russia, near the Kamchatka Peninsula, and the second location is in the north, near the border with China."
budget=2048_info_density_delay0_thumbattn,150,0.9000318050384521,0.7266743183135986,0.7945401072502136,0.7590933442115784,The two numbered locations that belong to the same country are ① and ②. Both are located in China.,"The two numbered locations that belong to the same country are both in China. Location 1 is in the Xinjiang region, and location 2 is in the Tibet region."
budget=2048_info_density_delay0_thumbattn,151,0.9048187732696533,0.7824764847755432,0.8550704717636108,0.8171643614768982,"The numbered locations 2 and 4 belong to the same country, Japan.","The two numbered locations that belong to the same country are numbers 2 and 4, both of which are in Japan."
budget=2048_info_density_delay0_thumbattn,152,0.7697325944900513,0.7823300957679749,0.7990571856498718,0.7906051874160767,"The two numbered locations that belong to the same country are ③ and ④, both of which are in Japan.",The two numbered locations that belong to the same country are both in Russia. They are marked as 1 and 2 on the map.
budget=2048_info_density_delay0_thumbattn,153,0.9703875780105591,0.9403404593467712,0.9325546622276306,0.936431348323822,The two numbered locations that belong to the same country are numbers 2 and 3. Both are located in Japan.,"The two numbered locations that belong to the same country are numbers 2 and 4, both of which are in Japan."
budget=2048_info_density_delay0_thumbattn,154,0.5760823488235474,0.6669723987579346,0.5210351943969727,0.5850402116775513,"The two numbered locations that belong to the same country are:

- Location 2 (Iceland)
- Location 3 (Faroe Islands)

Both are part of Denmark.",The two numbered locations on the map are both in Russia. They are marked with numbers 4 and 5.
budget=2048_info_density_delay0_thumbattn,155,0.7532401084899902,0.7345528602600098,0.5655430555343628,0.6390625238418579,"The two numbered locations that belong to the same country are:

- Location 3: This is in Central America, specifically in Nicaragua.
- Location 2: This is also in Central America, specifically in Costa Rica.

Both locations are in the Central American region, which is part of the Americas.",The two numbered locations that belong to the same country are both in Russia. They are marked with numbers 2 and 3.
budget=2048_info_density_delay0_thumbattn,156,0.8284281492233276,0.8566210865974426,0.7424247860908508,0.7954452633857727,"The two numbered locations that belong to the same country are:

- Location 1 and Location 3, both of which are in Mexico.","The two numbered locations that belong to the same country are numbers 2 and 3, both located in Russia."
budget=2048_info_density_delay0_thumbattn,157,0.9228190183639526,0.7307745218276978,0.6645580530166626,0.6960951089859009,"The two numbered locations that belong to the same country are:

- Location 3 (central part of the country with a large lake)
- Location 4 (eastern part of the country, near the coast)

Both of these locations are in Canada.","The two numbered locations that belong to the same country are both in Canada. Location 2 is in the northern part of Canada, and location 1 is in the southeastern part of Canada, near the United States border."
budget=2048_info_density_delay0_thumbattn,158,0.8905055522918701,0.7462061643600464,0.644291341304779,0.6915138959884644,"The two numbered locations that belong to the same country are:

- Location 3 (Alaska) and Location 2 (Northern Canada)

Both are in Canada.",The two numbered locations that belong to the same country are both in Canada. They are marked with the number 3.
budget=2048_info_density_delay0_thumbattn,159,1.0,1.0,1.0,1.0,The red rectangle highlights the face of George Washington on Mount Rushmore.,The red rectangle highlights the face of George Washington on Mount Rushmore.
budget=2048_info_density_delay0_thumbattn,160,0.8405810594558716,0.9550021886825562,0.9550021886825562,0.9550021886825562,The red rectangle highlights the face of Thomas Jefferson on Mount Rushmore.,The red rectangle on Mount Rushmore highlights the face of Abraham Lincoln.
budget=2048_info_density_delay0_thumbattn,161,0.8302781581878662,0.9799280166625977,0.9799280166625977,0.9799280166625977,The red rectangle on Mount Rushmore highlights the face of George Washington.,The red rectangle on Mount Rushmore highlights the face of Thomas Jefferson.
budget=2048_info_density_delay0_thumbattn,162,0.6941837072372437,0.5401033163070679,0.8794853687286377,0.6692261695861816,The red rectangle highlights the face of George Washington on Mount Rushmore.,"The red rectangle highlights the face of Thomas Jefferson on Mount Rushmore. 

Thomas Jefferson is the third president carved into the mountain, and his face is positioned to the right of George Washington and to the left of Abraham Lincoln when facing the mountain directly. The carving includes four U.S. presidents who served as both president and vice president, chosen for their contributions to the nation's growth and development."
budget=2048_info_density_delay0_thumbattn,163,1.0,1.0,1.0,1.0,The red rectangle highlights the face of George Washington on Mount Rushmore.,The red rectangle highlights the face of George Washington on Mount Rushmore.
budget=2048_info_density_delay0_thumbattn,164,0.8459914922714233,0.9296948909759521,0.9487433433532715,0.9391224980354309,The red rectangle highlights the face of Thomas Jefferson on Mount Rushmore.,The red rectangle on Mount Rushmore highlights the face of George Washington.
budget=2048_info_density_delay0_thumbattn,165,1.0,1.0,1.0,1.0,The red rectangle highlights the face of Thomas Jefferson on Mount Rushmore.,The red rectangle highlights the face of Thomas Jefferson on Mount Rushmore.
budget=2048_info_density_delay0_thumbattn,166,0.9920884966850281,0.9776972532272339,0.9757264852523804,0.9767109155654907,The red rectangle on Mount Rushmore highlights the face of Thomas Jefferson.,The red rectangle on Mount Rushmore highlights the face of President Thomas Jefferson.
budget=2048_info_density_delay0_thumbattn,167,0.3262093663215637,0.7011875510215759,0.7011875510215759,0.7011875510215759,97,10
budget=2048_info_density_delay0_thumbattn,168,0.8566060066223145,0.8820419311523438,0.8820419311523438,0.8820419311523438,47,54
budget=2048_info_density_delay0_thumbattn,169,0.7517149448394775,0.8517475128173828,0.8517475128173828,0.8517475128173828,97,103
budget=2048_info_density_delay0_thumbattn,170,0.798653244972229,0.8020157217979431,0.8020157217979431,0.8020157814025879,60,67
budget=2048_info_density_delay0_thumbattn,171,1.0000001192092896,0.9999999403953552,0.9999999403953552,0.9999999403953552,97,97
budget=2048_info_density_delay0_thumbattn,172,0.7898039221763611,0.8036686182022095,0.8036686182022095,0.8036686182022095,50,47
budget=2048_info_density_delay0_thumbattn,173,1.0000001192092896,0.9999999403953552,0.9999999403953552,0.9999999403953552,97,97
budget=2048_info_density_delay0_thumbattn,174,0.5297378301620483,0.5301497578620911,0.6955873966217041,0.6017040610313416,40,46.5
budget=2048_info_density_delay0_thumbattn,175,0.5217787027359009,0.8406293988227844,0.8406293988227844,0.8406293988227844,97,167
budget=2048_info_density_delay0_thumbattn,176,0.5445021986961365,0.7929153442382812,0.7929153442382812,0.7929153442382812,49,84
budget=2048_info_density_delay0_thumbattn,177,0.8523432016372681,0.9487816095352173,0.9153053164482117,0.9317429065704346,"The flag in the image is red, white, and blue.",The flag in the image is red and white.
budget=2048_info_density_delay0_thumbattn,178,1.000000238418579,0.9999999403953552,0.9999999403953552,0.9999999403953552,The car is red.,The car is red.
budget=2048_info_density_delay0_thumbattn,179,0.9062697291374207,0.8800845146179199,0.8883573412895203,0.8842015266418457,"There is no house visible in the image. The landscape features rocky terrain, patches of water, and distant mountains.","There is no house in the image. The landscape features rocky terrain and a vast, open plain with patches of snow."
budget=2048_info_density_delay0_thumbattn,180,0.9716894626617432,0.95480877161026,0.9684520363807678,0.9615820050239563,There are three people on the boat.,There are three people in the boat.
budget=2048_info_density_delay0_thumbattn,181,0.9562947154045105,0.8604433536529541,0.8471372127532959,0.8537384867668152,There isn't a car visible in the image. The picture shows a rocky island in a body of water with some distant land and floating objects.,There is no car in the image. The picture shows a rocky island in a body of water with a clear blue sky in the background.
budget=2048_info_density_delay0_thumbattn,182,0.8141894340515137,0.7281109094619751,0.734834611415863,0.7314573526382446,"The most prominently visible piece of equipment in the person's possession is the golf club, which is partially visible in their right hand. The club has a black grip and a silver head, indicating it is likely a driver or a wood, which are common clubs used for long-distance shots on a golf course. The club is attached to a golf bag, which is also a piece of equipment essential for carrying multiple clubs during a game of golf.","The most prominently visible piece of equipment in the person's possession is the golf bag. It is large, red, and black, with the brand name ""Titleist"" clearly visible on it. The bag is equipped with multiple pockets and straps, designed to hold various golf clubs and accessories. The person is holding the bag with one hand while the other hand is occupied with a glove, suggesting they are either preparing to play or have just finished a round of golf."
budget=2048_info_density_delay0_thumbattn,183,1.0,1.0000001192092896,1.0000001192092896,1.0000001192092896,"The flag on the left is the flag of Germany. It features three horizontal stripes of black, red, and yellow.","The flag on the left is the flag of Germany. It features three horizontal stripes of black, red, and yellow."
budget=2048_info_density_delay0_thumbattn,184,0.9971860647201538,0.9939895272254944,0.9543652534484863,0.9737744927406311,"The flag on the right is the flag of Bavaria, representing the German federal state of Bavaria (Bayern). The blue and white stripes are characteristic of the Bavarian flag.","The flag on the right is the flag of Bavaria, representing the German federal state of Bavaria. The blue and white stripes are characteristic of the Bavarian flag."
budget=2048_info_density_delay0_thumbattn,185,0.9018964767456055,0.7045159339904785,0.8183339834213257,0.7571715712547302,"The ship in the image displays the flag of the Netherlands. The flag features horizontal stripes of red, white, and blue, with a red circle in the top left corner (known as the ""Prinsentros"" or ""Prince's Circle""). This flag is commonly associated with the Royal Netherlands Navy. Therefore, the naval ship depicted is from the Netherlands.","The flag shown in the image is the national flag of the Netherlands. The flag features horizontal stripes of red, white, and blue, with a red disc (known as the ""Wilhelmina rose"") in the top left quadrant (the hoist side) on a white background. This flag is commonly flown by the Dutch Navy, so the naval ship depicted is likely from the Netherlands.

Thus, the country whose naval ship is depicted in the image is:

\[
\boxed{\text{Netherlands}}
\]"
budget=2048_info_density_delay0_thumbattn,186,0.9090628027915955,0.7545479536056519,0.7447720766067505,0.7496281266212463,"The license plate on the vehicle in the image indicates that it is registered in Iceland. The license plate format and the ""ER"" prefix are characteristic of Icelandic vehicle registration plates. Additionally, the setting of the image, featuring a rugged and volcanic landscape, is consistent with Iceland's distinctive geographical features.","The license plate on the vehicle in the image appears to be from Iceland. The key indicators include the distinctive style of the plate and the fact that the vehicle is in a landscape typical of Iceland, such as the black sand terrain and the mountainous backdrop often seen in Icelandic scenery."
budget=2048_info_density_delay0_thumbattn,187,0.9244601726531982,0.8867547512054443,0.837243378162384,0.8612881302833557,"The square white adapter in the image is an Apple USB power adapter. Steve Jobs, along with Steve Wozniak, co-founded Apple Inc., the company that manufactures Apple products.","The square white adapter in the image is an Apple USB power adapter. Apple Inc. was founded by Steve Jobs, Steve Wozniak, and Ronald Wayne."
budget=2048_info_density_delay0_thumbattn,188,0.9794856905937195,0.9411687850952148,0.8861942291259766,0.9128545522689819,"The image shows a large industrial building with a colorful mural on one side, situated next to a body of water. There is no blue backpack or airplane visible in the image. Therefore, I can't determine the position of a blue backpack relative to an airplane as these objects are not present in the photograph.","The image shows a large building with a colorful mural on its side, situated next to a body of water. There is no blue backpack or airplane visible in the image. Therefore, I cannot determine the position of a blue backpack relative to an airplane."
budget=2048_info_density_delay0_thumbattn,189,0.9788542985916138,0.957247257232666,0.9673707485198975,0.9622823596000671,The blue backpack is to the right of the umbrella.,The blue backpack is to the left of the umbrella.
budget=2048_info_density_delay0_thumbattn,190,1.0,0.9999997615814209,0.9999997615814209,0.9999997615814209,The blue backpack is positioned to the right of the wooden box.,The blue backpack is positioned to the right of the wooden box.
budget=2048_info_density_delay0_thumbattn,191,0.8862813711166382,0.9062414169311523,0.8423686027526855,0.873138427734375,The wooden jewelry box is to the right of the clock when facing the fireplace.,The wooden jewelry box is positioned to the left of the clock.
budget=2048_info_density_delay0_thumbattn,192,0.7564846873283386,0.910103976726532,0.910103976726532,0.910103976726532,There are two chairs in the image.,There is one chair in the image.
budget=2048_info_density_delay0_thumbattn,193,0.8105233907699585,0.8633496761322021,0.8253153562545776,0.8439041972160339,"The chairs are facing away from the viewer, towards the window.",The chairs in the image are facing towards the window.
budget=2048_info_density_delay0_thumbattn,194,1.0,0.9999998807907104,0.9999998807907104,0.9999998807907104,The blue backpack is positioned to the left of the warning sign.,The blue backpack is positioned to the left of the warning sign.
budget=2048_info_density_delay0_thumbattn,195,0.7644476294517517,0.7628880143165588,0.8044025897979736,0.7830955386161804,"The black car is ahead of the tram, further up the street.",The black car is positioned to the left of the tram when facing the image.
budget=2048_info_density_delay0_thumbattn,196,0.5372288227081299,0.9718606472015381,0.9718606472015381,0.9718606472015381,There are three people in the image.,There are two people in the image.
budget=2048_info_density_delay0_thumbattn,197,1.0,0.9999997615814209,0.9999997615814209,0.9999997615814209,There are five people in the image.,There are five people in the image.
budget=2048_info_density_delay0_thumbattn,198,0.7168946266174316,0.9610324501991272,0.9315065145492554,0.9460391402244568,"There are two people in the image. One person is prominently featured in the foreground, wearing a brown outfit and a hat, while the other person is partially visible in the background.","There are two people in the image. One person is prominently featured in the foreground, sitting and smiling, while the other person is partially visible in the background."
budget=2048_info_density_delay0_thumbattn,199,0.7643365859985352,0.7965734601020813,0.6537438035011292,0.7181256413459778,"The boat is positioned on the left side of the image, while the buildings are on the right side. The boat is further away from the shore compared to the buildings.",The boat is positioned to the left of the buildings.
budget=3072_info_density_delay0_thumbattn,0,1.0,1.0,1.0,1.0,The number displayed above the entrance is 27B.,The number displayed above the entrance is 27B.
budget=3072_info_density_delay0_thumbattn,1,1.0000001192092896,1.0000004768371582,1.0000004768371582,1.0000004768371582,The mailbox is blue.,The mailbox is blue.
budget=3072_info_density_delay0_thumbattn,2,0.97650146484375,0.9935876131057739,0.9935876131057739,0.9935876131057739,The mailbox is on the left side of the woman.,The mailbox is on the right side of the woman.
budget=3072_info_density_delay0_thumbattn,3,0.9949910640716553,0.9875649809837341,0.9823727607727051,0.984961986541748,"The white board in front of the girl in purple shorts has the text ""Elevate"" written on it.","The white board in front of the girl in purple shorts has the word ""Elevate"" written on it."
budget=3072_info_density_delay0_thumbattn,4,0.6982179284095764,0.9107536673545837,0.8876955509185791,0.8990767598152161,"The text on the blue golf ball holder reads ""Mizuno"".","The text on the blue golf ball holder reads ""Natural Balance."""
budget=3072_info_density_delay0_thumbattn,5,1.0,0.9999997615814209,0.9999997615814209,0.9999997615814209,The golf ball holder is blue.,The golf ball holder is blue.
budget=3072_info_density_delay0_thumbattn,6,0.9999998807907104,1.0,1.0,1.0,The license plate number of the car is RK 879.,The license plate number of the car is RK 879.
budget=3072_info_density_delay0_thumbattn,7,0.8000966906547546,0.9184890985488892,0.9167275428771973,0.9176074862480164,The person is sitting on the driver's side of the car.,The person is sitting on the right side of the car.
budget=3072_info_density_delay0_thumbattn,8,0.9783020615577698,0.9266825914382935,0.8364002704620361,0.8792299032211304,"The water bottle is placed on a small table or surface in front of the person, to their right side (on the left side of the image).","The water bottle is placed on a small table or surface in front of the person, to their right side."
budget=3072_info_density_delay0_thumbattn,9,1.0000001192092896,0.9719789028167725,0.9719789028167725,0.9719789028167725,"The brand mentioned on the black rectangular device located at the left of the image is ""INsignia.""","The brand mentioned on the black rectangular device located at the left of the image is ""INSIGNIA."""
budget=3072_info_density_delay0_thumbattn,10,0.864969789981842,0.9330143332481384,0.9655429720878601,0.9490000009536743,"The text written above the logo on the jacket's sleeve is ""epic"".","The text written above the logo on the jacket's sleeve is ""epicmix."""
budget=3072_info_density_delay0_thumbattn,11,0.989956259727478,0.9876681566238403,0.9900826215744019,0.9888738989830017,"The person in the background is wearing white gloves. They appear to be a type of work or utility gloves, possibly designed for grip and protection.","The person in the background is wearing white gloves. They appear to be a type of work or outdoor gloves, possibly designed for grip and protection."
budget=3072_info_density_delay0_thumbattn,12,0.9237462878227234,0.8508596420288086,0.9519878625869751,0.8985874056816101,The person is standing behind the recycle bin.,The person is standing behind and to the right of the recycle bin.
budget=3072_info_density_delay0_thumbattn,13,0.8773722648620605,0.9663643836975098,0.9116333723068237,0.9382013082504272,"The number written on the sign in the background is ""08-26"".","The number written on the sign in the background is ""08""."
budget=3072_info_density_delay0_thumbattn,14,0.5981535911560059,0.7830008268356323,0.7405790090560913,0.7611993551254272,The sign in the image is yellow.,There is no sign visible in the image.
budget=3072_info_density_delay0_thumbattn,15,0.9599730968475342,0.8292834758758545,0.9416499733924866,0.8819019198417664,The umbrella is blue.,The umbrella in the image is blue.
budget=3072_info_density_delay0_thumbattn,16,0.6121830940246582,0.538143515586853,0.6703866720199585,0.5970297455787659,"The title of the framed poster visible in the image is ""The Book of Kells.""","The image shows the interior of a grand cathedral with Gothic architectural features, including pointed arches, ribbed vaults, and flying buttresses. There are stained glass windows and wooden choir stalls visible. However, there is no framed poster in the image. Therefore, there is no title of a framed poster to provide."
budget=3072_info_density_delay0_thumbattn,17,1.0000001192092896,1.0,1.0,1.0,"The barge on the left side of the image is named ""Peter Lind.""","The barge on the left side of the image is named ""Peter Lind."""
budget=3072_info_density_delay0_thumbattn,18,0.6135274171829224,0.9915573596954346,0.9915573596954346,0.9915573596954346,"The neon ""OPEN"" sign hanging above the items for sale is blue.","The neon ""OPEN"" sign hanging above the items for sale is red."
budget=3072_info_density_delay0_thumbattn,19,1.0,0.9999999403953552,0.9999999403953552,0.9999999403953552,"The road sign directly below the American flag reads ""ONE WAY.""","The road sign directly below the American flag reads ""ONE WAY."""
budget=3072_info_density_delay0_thumbattn,20,1.0,0.9999999403953552,0.9999999403953552,0.9999999403953552,"The number written on the front of the train is ""460 112-6"".","The number written on the front of the train is ""460 112-6""."
budget=3072_info_density_delay0_thumbattn,21,0.9722065925598145,0.9695784449577332,0.858056366443634,0.9104148149490356,"In the image, there are three dogs being walked. They are all on leashes and being led by a person dressed in a red jacket. The setting appears to be a park or a similar outdoor area with a hedge in the background and a clear blue sky above. The autumn foliage adds a nice touch to the scene, with the grass and fallen leaves indicating the season.","In the image, there are three dogs being walked. They are all on leashes and being led by a person dressed in a red jacket. The setting appears to be a park or a similar outdoor area with a hedge in the background and a clear blue sky overhead."
budget=3072_info_density_delay0_thumbattn,22,1.0,1.0000001192092896,1.0000001192092896,1.0000001192092896,There isn't a bike visible in the image.,There isn't a bike visible in the image.
budget=3072_info_density_delay0_thumbattn,23,0.7191466093063354,0.7020727396011353,0.49135467410087585,0.578110933303833,"The image shows a tall, cylindrical building with a distinctive geometric pattern on its facade, situated next to a river. The building appears to be part of a modern architectural complex that includes a lower structure with a sloped roof.

Regarding the signboard attached to the building, there is no clearly visible signboard on the part of the building that is prominently displayed in the image. If the signboard is present but not easily noticeable due to the angle or distance, it might be difficult to determine its shape accurately. However, based on the visible portion of the building, no distinct signboard shape can be identified.",The signboard attached to the building is shaped like a diamond or a rhombus.
budget=3072_info_density_delay0_thumbattn,24,0.6573914289474487,0.6896706223487854,0.7449531555175781,0.7162467837333679,The text on the signboard is not clearly visible in the image.,"The text on the signboard in the image reads ""HafenCity Hamburg."""
budget=3072_info_density_delay0_thumbattn,25,0.9700402021408081,0.9688867330551147,0.9641047716140747,0.966489851474762,"The orange building is located to the left of the cylindrical green building when facing the image. The cylindrical green building stands prominently on the right side, while the orange building is positioned further back and to the left, closer to the water's edge.","The orange building is located to the left of the cylindrical green building in the image. The cylindrical green building stands prominently on the right side, while the orange building is positioned further back and to the left, closer to the riverbank."
budget=3072_info_density_delay0_thumbattn,26,0.5653771758079529,0.48995813727378845,0.7539248466491699,0.5939330458641052,"The signboard above the left door reads ""Abri de Patoud.""","The signboard above the left door reads ""Château de Pèrouges."" This indicates that the place is likely associated with the historic town of Pèrouges, known for its medieval architecture and picturesque setting. The building in the image appears to be a part of this historic site, possibly serving as a museum, restaurant, or another point of interest within the château complex."
budget=3072_info_density_delay0_thumbattn,27,1.0,0.9999998807907104,0.9999998807907104,0.9999998807907104,The man wearing a yellow shirt is carrying a black backpack.,The man wearing a yellow shirt is carrying a black backpack.
budget=3072_info_density_delay0_thumbattn,28,0.6622753143310547,0.5049920082092285,0.7603137493133545,0.6068926453590393,The girl wearing a blue top is sitting on the left side of the man wearing a yellow shirt.,"The girl wearing a blue top is sitting on the left side of the man wearing a yellow shirt. 

To break it down logically:
1. The man in the yellow shirt is positioned further back in the image, near the center.
2. The girl in the blue top is sitting on a stone ledge closer to the foreground.
3. If you look at their relative positions, the girl in the blue top is to the left of the man in the yellow shirt as you face the image."
budget=3072_info_density_delay0_thumbattn,29,1.0,0.9999999403953552,0.9999999403953552,0.9999999403953552,The clock shows a time of approximately 6:10.,The clock shows a time of approximately 6:10.
budget=3072_info_density_delay0_thumbattn,30,1.0,1.0,1.0,1.0,The river is flowing from the bottom right to the top left relative to the clock tower.,The river is flowing from the bottom right to the top left relative to the clock tower.
budget=3072_info_density_delay0_thumbattn,31,0.888961136341095,0.8591649532318115,0.7763791084289551,0.8156768679618835,"In the middle of the water, there is a small island with a tree and a decorative structure. The structure appears to be a small, illuminated gazebo or亭子, which is a type of open-air pavilion often found in parks. It is surrounded by water and has a light source that makes it stand out against the darker background. The island is also adorned with some greenery, contributing to the serene and picturesque setting.","In the middle of the water, there is a small, circular island with a decorative structure. The structure appears to be a small gazebo or pavilion, illuminated with warm lights, giving it a cozy and inviting appearance. It is surrounded by trees and foliage, adding to the serene and picturesque setting."
budget=3072_info_density_delay0_thumbattn,32,1.0,1.0000001192092896,1.0000001192092896,1.0000001192092896,The speed limit indicated by the sign in the image is 20 km/h.,The speed limit indicated by the sign in the image is 20 km/h.
budget=3072_info_density_delay0_thumbattn,33,1.0000001192092896,0.9999998807907104,0.9999998807907104,0.9999998807907104,The year inscribed on the sundial is 1762.,The year inscribed on the sundial is 1762.
budget=3072_info_density_delay0_thumbattn,34,1.000000238418579,0.9999998807907104,0.9999998807907104,0.9999998807907104,"The message on the sign reads ""KHU VỰC NGUY HIỂM KHÔNG NHẤY,"" which translates to ""Dangerous Area, Do Not Enter"" in English.","The message on the sign reads ""KHU VỰC NGUY HIỂM KHÔNG NHẤY,"" which translates to ""Dangerous Area, Do Not Enter"" in English."
budget=3072_info_density_delay0_thumbattn,35,0.9528906345367432,0.9356051683425903,0.8477267026901245,0.8895007371902466,"The hazard numbers on the left side storage container's label are ""1"" and ""8"".","The hazard number on the left side storage container's label is ""1""."
budget=3072_info_density_delay0_thumbattn,36,1.0,0.9999999403953552,0.9999999403953552,0.9999999403953552,"The ""1"" on the left side hazard label of the storage container is black.","The ""1"" on the left side hazard label of the storage container is black."
budget=3072_info_density_delay0_thumbattn,37,0.5828593969345093,0.9680477380752563,0.9680477380752563,0.9680477380752563,The surveillance camera is silver.,The surveillance camera is black.
budget=3072_info_density_delay0_thumbattn,38,1.0,1.0,1.0,1.0,"The text on the sign attached to the wall of the building reads ""Saint-Paul.""","The text on the sign attached to the wall of the building reads ""Saint-Paul."""
budget=3072_info_density_delay0_thumbattn,39,0.8834679126739502,0.8410710692405701,0.843894362449646,0.8424804210662842,"There isn't a car clearly visible in the image. The focus is on the town, buildings, and bridge reflected in the water.",There doesn't appear to be any car visible in the image. The scene shows a river with reflections of lights from buildings and a bridge.
budget=3072_info_density_delay0_thumbattn,40,1.0,0.9999999403953552,0.9999999403953552,0.9999999403953552,The girl is wearing a pink shirt.,The girl is wearing a pink shirt.
budget=3072_info_density_delay0_thumbattn,41,0.6847952604293823,0.6148232221603394,0.7657018899917603,0.6820177435874939,The car in the image appears to be white.,"The image does not clearly show a car, so I can't determine its color."
budget=3072_info_density_delay0_thumbattn,42,0.7607802152633667,0.7924745678901672,0.8638617992401123,0.8266298174858093,The person in the image is wearing dark clothing.,The primary color of the person's clothing in the image is dark blue.
budget=3072_info_density_delay0_thumbattn,43,0.9999999403953552,1.0000001192092896,1.0000001192092896,1.0000001192092896,There is no flag visible in the image.,There is no flag visible in the image.
budget=3072_info_density_delay0_thumbattn,44,1.0,1.000000238418579,1.000000238418579,1.000000238418579,"The street sign on the pole near the center bottom of the image indicates ""Michigan Ave.""","The street sign on the pole near the center bottom of the image indicates ""Michigan Ave."""
budget=3072_info_density_delay0_thumbattn,45,0.6430065035820007,0.9702602624893188,0.9702602624893188,0.9702602624893188,The number written on the boat is 4.,The number written on the boat is 62.
budget=3072_info_density_delay0_thumbattn,46,0.3806387782096863,0.6591559648513794,0.7381055355072021,0.6964002847671509,The person in the image is wearing a blue shirt.,There is no person visible in the image. It features a waterfall and surrounding forested area.
budget=3072_info_density_delay0_thumbattn,47,0.7809363603591919,0.8210607171058655,0.5932891368865967,0.6888344287872314,"The flag in the image is white. It is located near the top right section of the image, attached to a pole on the side of a building. The flag stands out against the darker background of the surrounding buildings and street.",The flag in the image is red with white text.
budget=3072_info_density_delay0_thumbattn,48,0.649201512336731,0.6700390577316284,0.7725297212600708,0.7176435589790344,The figurine on the shelf is wearing a red uniform.,"The image doesn't show a figurine on the shelf, so I can't determine the color of a uniform."
budget=3072_info_density_delay0_thumbattn,49,1.0,1.0,1.0,1.0,The visible vehicle in the image is white.,The visible vehicle in the image is white.
budget=3072_info_density_delay0_thumbattn,50,0.5589138865470886,0.9860317707061768,0.9860317707061768,0.9860317707061768,The climber's hat is red.,The climber's hat is yellow.
budget=3072_info_density_delay0_thumbattn,51,1.0000001192092896,1.0,1.0,1.0,The trailer in the image is orange.,The trailer in the image is orange.
budget=3072_info_density_delay0_thumbattn,52,0.9509614109992981,0.8882811665534973,0.8818007111549377,0.8850290775299072,The phone number on the boat is 0905 87 38 38.,The phone number on the boat is 012-345-6789.
budget=3072_info_density_delay0_thumbattn,53,1.0000001192092896,0.9999997615814209,0.9999997615814209,0.9999997615814209,The motorcycle is red.,The motorcycle is red.
budget=3072_info_density_delay0_thumbattn,54,1.0,0.9999999403953552,0.9999999403953552,0.9999999403953552,"The title of the book displayed prominently on the stand is ""Holy Bible.""","The title of the book displayed prominently on the stand is ""Holy Bible."""
budget=3072_info_density_delay0_thumbattn,55,0.8065782189369202,0.8977140188217163,0.7703942656517029,0.8291952610015869,The flowers in the image are purple. They are placed on the bed near the center.,The flowers on the bed are purple.
budget=3072_info_density_delay0_thumbattn,56,0.639363706111908,0.5880845189094543,0.5975000858306885,0.5927549600601196,The phone number listed on the building in the foreground is 415-555-0199.,"The image provided does not show any phone numbers on the buildings in the foreground. Therefore, I cannot provide a phone number based on this image."
budget=3072_info_density_delay0_thumbattn,57,0.8030712008476257,0.9795268774032593,0.9795268774032593,0.9795268774032593,The number written on the blue tag is 20.,The number written on the blue tag is 3.
budget=3072_info_density_delay0_thumbattn,58,0.811281681060791,0.8728439807891846,0.8330367803573608,0.8524759411811829,The registration number of the boat is TN-01-00026.,"The registration number of the boat is ""PTN."""
budget=3072_info_density_delay0_thumbattn,59,0.8606398701667786,0.8892355561256409,0.6893814206123352,0.7766576409339905,"The flag flying on the top of the boat appears to have three horizontal stripes. The top stripe is yellow, the middle stripe is blue, and the bottom stripe is red.",The flag flying on the top of the boat appears to be red and yellow.
budget=3072_info_density_delay0_thumbattn,60,1.0000001192092896,1.0000003576278687,1.0000003576278687,1.0000003576278687,The model number of the train shown in the image is 2001.,The model number of the train shown in the image is 2001.
budget=3072_info_density_delay0_thumbattn,61,1.0,1.000000238418579,1.000000238418579,1.000000238418579,The person in the image is wearing a blue shirt.,The person in the image is wearing a blue shirt.
budget=3072_info_density_delay0_thumbattn,62,0.8215530514717102,0.7239739894866943,0.8110673427581787,0.765049934387207,"The sign reads ""Public Parking.""","The sign above the parking garage entrance reads ""PARKING."""
budget=3072_info_density_delay0_thumbattn,63,0.7226852774620056,0.6733130812644958,0.56961989402771,0.61714106798172,"The license plate number of the vehicle in the image is ""W-22-14.""",The image does not show a vehicle with a visible license plate.
budget=3072_info_density_delay0_thumbattn,64,0.7368781566619873,0.6518953442573547,0.6437612175941467,0.6478027701377869,"In the image, the person is positioned to the left of the car. The car is parked on the brick-paved area near the building, and the person appears to be standing close to the front of the car, slightly behind it. The person is wearing a yellow shirt and seems to be engaged in an activity near the boat, possibly related to the equipment or the docking process. The car is situated further back on the right side of the image, near the building with a sloped roof.","In the image, the person is standing on the dock next to the ship, while the car is parked further down the dock, away from the person. The person appears to be closer to the ship, near the equipment and the dockside area, whereas the car is positioned more towards the right side of the image, further back on the dock. So, relative to the car, the person is to the left and closer to the ship."
budget=3072_info_density_delay0_thumbattn,65,0.6017530560493469,0.6012176275253296,0.7673299312591553,0.6741925477981567,There is no car visible in the image.,"The car in the image is dark-colored, likely black or dark blue."
budget=3072_info_density_delay0_thumbattn,66,1.0000001192092896,0.9999997615814209,0.9999998211860657,0.9999998211860657,The person in the image is wearing blue pants.,The person in the image is wearing blue pants.
budget=3072_info_density_delay0_thumbattn,67,0.76800137758255,0.661333441734314,0.6644768118858337,0.6629014015197754,"The flag in the image is the flag of Chile. It features a blue field with a white square in the upper left corner. Inside the white square, there is a yellow sun with 28 rays, and below the sun, there are eight five-pointed stars arranged in a semicircle. The flagpole is red. So, the colors of the flag are blue, white, yellow, and red.","The flag in the image appears to have multiple colors. The visible part of the flag shows a combination of green, yellow, and red. The design includes a yellow triangle at the hoist side with a green and red pattern inside it. The specific colors and design might represent a particular region or country."
budget=3072_info_density_delay0_thumbattn,68,0.5792617797851562,0.8329583406448364,0.9346374273300171,0.8808733820915222,The trash can is black.,The trash can in the image is white.
budget=3072_info_density_delay0_thumbattn,69,1.0000001192092896,1.0000001192092896,1.0000001192092896,1.0000001192092896,There isn't a dog visible in the image.,There isn't a dog visible in the image.
budget=3072_info_density_delay0_thumbattn,70,0.721879780292511,0.8937684297561646,0.7509655356407166,0.8161676526069641,"The letters on the green trash bin are ""P,"" ""B,"" and ""A.""","The letters on the green trash bin are ""PET""."
budget=3072_info_density_delay0_thumbattn,71,0.7302168607711792,0.6521974205970764,0.753577470779419,0.6992318630218506,The black sign shows a right-pointing arrow.,The image doesn't show a black sign with arrows. It depicts an ancient stone archway.
budget=3072_info_density_delay0_thumbattn,72,0.6110607385635376,0.5445555448532104,0.4556833505630493,0.4961712658405304,"The text written at the center of the black sign reads ""ARHEOLSKI MUZEJ"" on the top line and ""ISTORIJA PLAČA"" on the bottom line. This translates from Croatian to ""Archaeological Museum"" and ""History of the Town"" respectively.","The image does not contain a black sign with text at the center. The main focus is on an ancient stone archway with intricate carvings, a stone wall, and a tree in the background. There is no visible text on any sign in the image."
budget=3072_info_density_delay0_thumbattn,73,0.5842684507369995,0.5299454927444458,0.6902862787246704,0.5995813012123108,The number on the rectangular white sign is 3.,The image does not show a rectangular white sign with a number on it. The main focus is on an ancient stone archway and a stone wall. There is no visible sign in the image.
budget=3072_info_density_delay0_thumbattn,74,0.6675969958305359,0.791215181350708,0.9160279631614685,0.8490591645240784,"The text on the white building reads ""DB"".","The text on the white building reads ""park inn by Radisson."""
budget=3072_info_density_delay0_thumbattn,75,0.9588876962661743,0.7894752025604248,0.8114773035049438,0.8003250956535339,The building with a red and white striped antenna on its top is the one located towards the right side of the image. This distinctive antenna helps in identifying the building amidst the skyline. The antenna is part of a structure that stands out due to its contrasting colors against the predominantly blue and gray buildings around it.,"The building with a red and white striped antenna on its top is the one located second from the right in the image. It is a tall skyscraper with a dark blue glass facade. The antenna is positioned at the very top of the building, standing out against the clear blue sky. This distinctive antenna helps in identifying the building amidst the other structures in the skyline."
budget=3072_info_density_delay0_thumbattn,76,1.0,1.0,1.0,1.0,The ceiling beams in the room are made of wood.,The ceiling beams in the room are made of wood.
budget=3072_info_density_delay0_thumbattn,77,0.980027437210083,0.7580944299697876,0.8476282358169556,0.800365149974823,"The small stone cairn is located in the foreground, to the right side of the waterfall. It's positioned on a rock near the bottom of the image, close to the stream that flows from the waterfall.","The small stone cairn is located in the foreground of the image, to the right side relative to the waterfall. It sits on the rocky ground near the bottom edge of the photo, partially surrounded by fallen logs and green vegetation. The cairn is positioned downstream from the waterfall, closer to where the water collects in the small pool at the base."
budget=3072_info_density_delay0_thumbattn,78,0.9180509448051453,0.7827669382095337,0.7568366527557373,0.7695834636688232,"In the image, there is a piece of cloth hanging on the wall inside the house, to the right of the doorway. It appears to be draped over a hook or a nail, and it hangs loosely, suggesting it might be used for practical purposes, such as holding items or for drying purposes. The wall itself is painted in a dark green color, and the doorway is open, allowing a view into the interior space. The overall setting gives a rustic and traditional feel to the scene.","In the image, there is a piece of cloth hanging on the wall inside the house. The cloth is positioned to the left of the doorway and appears to be draped over a hook or a similar fixture. The wall itself is painted in a dark green color, and the cloth contrasts with the wall due to its lighter shade. The cloth seems to be casually placed, possibly indicating it is used frequently or is kept there for easy access."
budget=3072_info_density_delay0_thumbattn,79,0.9490323662757874,0.7208251953125,0.7306227087974548,0.7256908416748047,"The object mounted on the wall in the background appears to be a small informational plaque or sign. These plaques are often found in historical buildings to provide visitors with information about the site, its history, or specific architectural features. Given the context of the image, which shows an interior space with historical architectural elements, the plaque likely serves an educational purpose for visitors.","The object mounted on the wall in the background appears to be a small, rectangular plaque or sign. Given the context of the architecture, which suggests a historical or religious building, it is possible that the plaque contains inscriptions, information, or a dedication. It might provide details about the building, historical events, or significant figures related to the site. However, the text on the plaque is not legible in the image provided."
budget=3072_info_density_delay0_thumbattn,80,0.9202682375907898,0.8679570555686951,0.9421239495277405,0.9035210609436035,The cup is white.,The cup on the ground is white.
budget=3072_info_density_delay0_thumbattn,81,0.6972547769546509,0.5663800239562988,0.6040130853652954,0.5845915079116821,"The cup lying on the ground appears to be made of ceramic or porcelain, as suggested by its white color and glossy finish.","The image shows a cobblestone path with some greenery and a mural on a wall. There is a small piece of trash near the curb, but the details of the trash, including any cups, are not clear enough to determine the material. Therefore, I can't confidently identify the primary material of a cup lying on the ground."
budget=3072_info_density_delay0_thumbattn,82,0.9012008309364319,0.8948929309844971,0.7251338958740234,0.8011190891265869,"The object located in the center of the grassy area is a statue. It appears to depict a robed figure, possibly a classical or historical character, standing on a pedestal. The statue is positioned prominently in front of the grand building, adding to the aesthetic and historical ambiance of the scene.",The object located in the center of the grassy area is a statue. It appears to depict a robed figure standing on a pedestal.
budget=3072_info_density_delay0_thumbattn,83,0.783474862575531,0.6352793574333191,0.45251795649528503,0.5285457372665405,"The sign on the bridge indicates the direction towards Zaragoza. Given the context of the image, which shows a bridge spanning a body of water with a landscape in the background, the sign is likely providing directional guidance for travelers.

To determine the direction:

1. **Observation of the Sign**: The sign is positioned on the right side of the bridge, pointing towards Zaragoza.
2. **Geographical Context**: Zaragoza is a city in northeastern Spain. If we assume this bridge is part of a major route leading towards Zaragoza, the sign would be pointing in the general direction of the city.

Considering these points, the direction indicated on the sign towards Zaragoza is likely to the **left** if you are facing towards the city in the image. This is because signs typically point in the direction you need to go to reach the destination, and given the positioning of the sign on the bridge, it would be pointing left for someone traveling towards Zaragoza.

Therefore, the direction indicated on the sign towards Zaragoza is **left**.","The image shows a bridge over a body of water with hills in the background. There isn't a sign pointing towards Zaragoza in the image, so I can't determine the direction it would indicate."
budget=3072_info_density_delay0_thumbattn,84,0.724757969379425,0.5527844429016113,0.7535504698753357,0.637739896774292,The sign pointing towards Alocén indicates the direction to the left.,"The image shows a bridge over a body of water with hills in the background. There isn't a sign visible in the image pointing towards Alocén or any other direction. Therefore, I can't determine the direction indicated on such a sign."
budget=3072_info_density_delay0_thumbattn,85,0.9245249032974243,0.948701798915863,0.9046884179115295,0.9261724948883057,There isn't a car visible in the image. The scene shows a desert landscape with a leafless tree and some bushes.,There isn't a car in the image. The picture shows a desert landscape with a tree and some rocks.
budget=3072_info_density_delay0_thumbattn,86,1.0,1.0,1.0,1.0,The speed limit sign in the image indicates a limit of 30.,The speed limit sign in the image indicates a limit of 30.
budget=3072_info_density_delay0_thumbattn,87,0.8150461316108704,0.9338700175285339,0.8093129396438599,0.8671414852142334,The flag is red with a yellow star.,The flag is red.
budget=3072_info_density_delay0_thumbattn,88,1.0,0.9999997615814209,0.9999997615814209,0.9999997615814209,"The name written on the boat is ""Gondola.""","The name written on the boat is ""Gondola."""
budget=3072_info_density_delay0_thumbattn,89,0.9625393152236938,0.8820388913154602,0.8717039823532104,0.8768409490585327,The speed limit indicated by the sign is 30.,The speed limit sign indicates a limit of 30.
budget=3072_info_density_delay0_thumbattn,90,1.0,0.9999997615814209,0.9999998807907104,0.9999998211860657,"The name written on the front of the boat is ""Freedom.""","The name written on the front of the boat is ""Freedom."""
budget=3072_info_density_delay0_thumbattn,91,0.689445972442627,0.8323099613189697,0.6333143711090088,0.7193028330802917,"The flag in the image appears to have three horizontal stripes. The top stripe is red, the middle stripe is white, and the bottom stripe is green. This is the flag of Tunisia.",The flag in the image is red and white.
budget=3072_info_density_delay0_thumbattn,92,0.8988021016120911,0.7866863012313843,0.6166281700134277,0.6913531422615051,"The Royal Albert Hall is located to the left of the bus in the image. The bus is on the right side of the frame, while the Royal Albert Hall dominates the center and left side of the image.",The Royal Albert Hall is located to the left of the bus in the image.
budget=3072_info_density_delay0_thumbattn,93,0.8124845027923584,0.8463417291641235,0.7088500261306763,0.7715181708335876,"The houses are located in the background, nestled among the trees and slightly elevated compared to the tea fields in the foreground. They appear to be situated further back in the valley, beyond the expanse of the tea fields.","The houses are located to the right of the tea fields, nestled among the trees and slightly elevated compared to the tea fields."
budget=3072_info_density_delay0_thumbattn,94,1.0000001192092896,0.9999998807907104,0.9999998807907104,0.9999998807907104,The white truck is positioned to the right of the trams in the image.,The white truck is positioned to the right of the trams in the image.
budget=3072_info_density_delay0_thumbattn,95,0.585986316204071,0.6030089855194092,0.7161760926246643,0.6547385454177856,"In the image, the red car is positioned to the left of the black car.","In the image, there is no red car or black car visible. The scene shows a large building with a reflection in the water, but it does not include any cars."
budget=3072_info_density_delay0_thumbattn,96,0.5723292827606201,0.45137664675712585,0.629105806350708,0.5256238579750061,The pink banner is to the right of the green trash bin.,"The image shows a panoramic view of the Acropolis in Athens, Greece, with various ancient structures and modern buildings in the background. There is no pink banner or green trash bin visible in this image. The scene is dominated by historical ruins, greenery, and the cityscape of Athens.

If you have another image with a pink banner and a green trash bin, please provide it, and I'd be happy to help with the relative positions of those objects."
budget=3072_info_density_delay0_thumbattn,97,0.8783129453659058,0.7328379154205322,0.8103494644165039,0.7696470022201538,"In the image, the person wearing a light brown hat is positioned to the right and slightly behind the person wearing a pink shirt. The person in the light brown hat appears to be standing closer to the stone structures, while the person in the pink shirt is further to the left and in front of them, closer to the grassy area.","In the image, the person wearing a light brown hat is positioned to the left of the person wearing a pink shirt. Both individuals are standing near the middle section of the stone structure, possibly exploring or observing the ancient ruins. The person in the light brown hat appears to be slightly ahead, while the person in the pink shirt is a bit behind and to the right. They are both on the same general level of the structure, surrounded by the expansive stone walls and terraces."
budget=3072_info_density_delay0_thumbattn,98,0.9674718976020813,0.7282294631004333,0.7940447330474854,0.7597143054008484,"The white car is positioned to the left of the large white building when facing the building. It appears to be further back, near the base of the building, and is partially obscured by some structures or elements in the foreground.","The white car is positioned to the left of the large white building when facing it. It appears to be on a road or pathway that runs parallel to the building, slightly set back from the building itself. The car is also situated near some greenery and streetlights, indicating it might be in a parking area or near an entrance."
budget=3072_info_density_delay0_thumbattn,99,0.9833102226257324,0.8959581255912781,0.8879029750823975,0.8919123411178589,"In the image, the black motorcycle is positioned to the left of the silver car. The silver car is parked on the right side near the building by the river, while the black motorcycle is slightly further back and to the left, closer to the water's edge.","In the image, the black motorcycle is positioned to the left of the silver car. The silver car is parked closer to the foreground on the right side, while the black motorcycle is slightly behind and to the left of the car, near the sidewalk by the river."
budget=3072_info_density_delay0_thumbattn,100,0.9491398334503174,0.8836464881896973,0.8138471245765686,0.847311794757843,"The flag on the left side has three horizontal stripes. From top to bottom, the colors are black, red, and yellow. This is the flag of Germany.","The flag on the left side is the German flag, which consists of three horizontal bands of black, red, and yellow."
budget=3072_info_density_delay0_thumbattn,101,0.9226335883140564,0.8843993544578552,0.7442694902420044,0.808306097984314,"The small white building is situated between the large industrial structure with the colorful mural and the body of water. It is positioned on the dock area, closer to the water's edge than the main industrial buildings. The building appears to be at a similar elevation to the water, as it is directly adjacent to the dock where a boat is also present. This placement suggests that the building might be used for purposes related to the waterfront activities, such as storage, maintenance, or operational support for the dock and boat facilities.","The small white building is situated between the large industrial structure and the water. It is positioned on the dock area, closer to the water's edge than the main building. The building appears to be at a similar elevation to the dock, allowing easy access to the water."
budget=3072_info_density_delay0_thumbattn,102,0.9134498834609985,0.9945934414863586,0.9945933818817139,0.9945934414863586,There are four computers visible on the table.,There are five computers visible on the table.
budget=3072_info_density_delay0_thumbattn,103,0.8970295190811157,0.8677036166191101,0.8646040558815002,0.8661510348320007,"The American flag is positioned on the left side of the image. It is hanging vertically, with the stars on the top left corner and stripes running horizontally. The flag is attached to a pole that is leaning against some of the items near the entrance of the shop.","The American flag is positioned on the left side of the image. It is attached to a pole and is hanging vertically, with the stars on the top left corner. The flag is located near the large tree stump and behind some of the other items in front of the building."
budget=3072_info_density_delay0_thumbattn,104,0.9668161869049072,0.8012415766716003,0.7329220175743103,0.7655606269836426,"The ""OPEN"" sign is located above the shop entrance, hanging from the wooden structure of the building. It is positioned towards the right side of the image, just above the various items displayed outside the store. The sign is illuminated with red neon lights, making it stand out against the rustic background of the shop.","The ""OPEN"" sign is located on the door of the shop in the background, slightly to the right side of the image. It is hanging from the shop's entrance, which is surrounded by various items and decorations."
budget=3072_info_density_delay0_thumbattn,105,1.0000001192092896,0.9999999403953552,0.9999998807907104,0.9999999403953552,The totem pole is positioned behind and slightly to the left of the bear statue.,The totem pole is positioned behind and slightly to the left of the bear statue.
budget=3072_info_density_delay0_thumbattn,106,0.9456337690353394,0.8882308602333069,0.8642684817314148,0.8760858178138733,"The overhead electric wires are running parallel to the train and are positioned above the train tracks. They are angled slightly downwards towards the front of the train, indicating that they are likely part of the overhead power supply system for the electric locomotive.","The overhead electric wires are running parallel to the train and are positioned above the train tracks. They are angled slightly downwards towards the rear of the train, suggesting they are connected to the train's pantograph at the front."
budget=3072_info_density_delay0_thumbattn,107,0.9974096417427063,0.9871358275413513,0.987185537815094,0.9871606826782227,"The person in the red jacket is positioned to the right of the large tree. They are walking along the hedge, while the large tree is prominently displayed on the left side of the image.","The person in the red jacket is positioned to the right of the large tree. They are walking along the hedge, while the large tree is prominently situated on the left side of the image."
budget=3072_info_density_delay0_thumbattn,108,0.9387528896331787,0.8539928793907166,0.832926869392395,0.8433283567428589,"To the right of the image, there is a statue of an elephant. The elephant statue appears to be made of stone or a similar material and is positioned near the edge of the waterfall. It has a notable feature where water is flowing from its trunk into the pool below. The statue adds an interesting cultural or artistic element to the natural scenery of the waterfall and the surrounding forest.","The structure visible to the right of the image is a statue of an elephant. It appears to be made of stone or a similar material and is positioned near the edge of the waterfall. The elephant statue has water flowing from its trunk into the pool below, adding to the serene and natural ambiance of the scene."
budget=3072_info_density_delay0_thumbattn,109,1.0000001192092896,0.9999998807907104,0.9999999403953552,0.9999999403953552,There are three people standing in front of the entrance of the building.,There are three people standing in front of the entrance of the building.
budget=3072_info_density_delay0_thumbattn,110,1.0,0.9999997615814209,0.9999998807907104,0.9999998211860657,The left tower is closer to the viewer than the right tower.,The left tower is closer to the viewer than the right tower.
budget=3072_info_density_delay0_thumbattn,111,0.8889073133468628,0.6886974573135376,0.7443772554397583,0.7154557108879089,"The building behind the statue is the ""District of Columbia Court of Appeals."" This is indicated by the inscription on the building's facade. The architectural style, featuring large columns and a pediment, is reminiscent of classical courthouse designs, often intended to convey a sense of justice and permanence. The presence of the statue of Abraham Lincoln further suggests a connection to American history and governance.","The building behind the statue is the ""District of Columbia Court of Appeals."" This courthouse is located in Washington, D.C., and is part of the appellate court system in the federal jurisdiction of the United States. The building features classical architectural elements, including columns and a pediment, which are characteristic of many government buildings in the area. The statue in front of the building is of Abraham Lincoln, a prominent historical figure in the United States known for his role as the 16th President and his leadership during the Civil War."
budget=3072_info_density_delay0_thumbattn,112,0.9544340372085571,0.9082452058792114,0.8120023012161255,0.8574315309524536,"The statue is located on the right side of the image. It depicts a figure on horseback and is positioned on a pedestal near a row of large columns. The statue is part of an outdoor setting, likely a courtyard or a public square, with classical architecture in the background.",The statue is located on the right side of the image. It depicts a figure on horseback and is placed on a pedestal. The statue is positioned in front of a building with large columns.
budget=3072_info_density_delay0_thumbattn,113,0.6703556776046753,0.9186007976531982,0.8657678365707397,0.8914021253585815,The object directly to the right of the main entrance of the church is a wooden awning or canopy.,The object directly to the right of the main entrance of the church is a bell tower.
budget=3072_info_density_delay0_thumbattn,114,0.8182951211929321,0.8079750537872314,0.9014458656311035,0.8521549701690674,The child in the foreground is running towards the camera on the bridge.,"The child in the foreground is running forward on the bridge, towards the right side of the image."
budget=3072_info_density_delay0_thumbattn,115,0.7268927097320557,0.6027289032936096,0.5976196527481079,0.6001634001731873,"In the image, the person is located on the right side, while the building is situated on the left side. The person appears to be standing in a grassy area near the water's edge, whereas the building is positioned further back, amidst some trees. The person is also closer to the foreground compared to the building, which is set back more in the scene.","In the image, there is a body of water reflecting the sky and surrounding landscape. On the left side of the image, there is a building, and on the right side, there are trees. However, there is no person visible in the image. Therefore, I cannot determine the relative position of a person compared to the building since no person is present."
budget=3072_info_density_delay0_thumbattn,116,0.9040663838386536,0.8751899003982544,0.8441957235336304,0.8594134449958801,"To the right of the main house in the image, there is a smaller wooden structure. It appears to be a shed or a small outbuilding, situated near the trees and the shoreline.","To the right of the main house, there is a smaller building, possibly a shed or a guest house. It is situated among the trees and rocks near the shoreline."
budget=3072_info_density_delay0_thumbattn,117,0.9609841108322144,0.7788566946983337,0.7888462543487549,0.7838196158409119,"The clock is located on the wall to the right side of the room, near the back wall which also features a large framed historical display. The clock is mounted above a wooden cabinet or console.","The clock is located on the wall to the right side of the room, above a wooden cabinet or desk. It is positioned near the windows and slightly above the head of the table."
budget=3072_info_density_delay0_thumbattn,118,0.8650147318840027,0.7648855447769165,0.7592852115631104,0.7620750665664673,"The component labeled ""Sony"" is positioned to the right of the component labeled ""Mavica."" The ""Sony"" component is a part of the camera body, while the ""Mavica"" component is a separate box, likely a battery or external storage unit, situated to the left of the camera body.","The component labeled ""Sony"" is positioned to the right of the component labeled ""Mavica."" The ""Sony"" component is a black body with a grip and buttons, while the ""Mavica"" component is a black box with the model number ""MVC-5000"" printed on it."
budget=3072_info_density_delay0_thumbattn,119,1.0,1.0,1.0000001192092896,1.0000001192092896,"The word ""Swing"" is written on the parachute.","The word ""Swing"" is written on the parachute."
budget=3072_info_density_delay0_thumbattn,120,1.000000238418579,0.9999999403953552,0.9999999403953552,0.9999999403953552,"The word ""SWIRL"" is written on the parachute.","The word ""SWIRL"" is written on the parachute."
budget=3072_info_density_delay0_thumbattn,121,1.0000001192092896,1.0,1.0,1.0,"The word ""SWOOP"" is written on the parachute.","The word ""SWOOP"" is written on the parachute."
budget=3072_info_density_delay0_thumbattn,122,1.0,0.9999999403953552,0.9999999403953552,0.9999999403953552,"The word ""SPRING"" is written on the parachute.","The word ""SPRING"" is written on the parachute."
budget=3072_info_density_delay0_thumbattn,123,0.9999999403953552,1.0,0.9999999403953552,0.9999999403953552,"The word ""Dally"" is visible on the suitcase.","The word ""Dally"" is visible on the suitcase."
budget=3072_info_density_delay0_thumbattn,124,0.9999999403953552,1.0,1.0,1.0,"The word ""Dolly"" is visible on the suitcase.","The word ""Dolly"" is visible on the suitcase."
budget=3072_info_density_delay0_thumbattn,125,0.6607679128646851,0.9185983538627625,0.9370969533920288,0.9277554750442505,"The word ""NORTH"" is written on the hang glider.","The word ""WISHTREE"" is written on the hang glider."
budget=3072_info_density_delay0_thumbattn,126,1.0000001192092896,0.9924452304840088,0.992445170879364,0.992445170879364,"The word ""Cloudy"" is written on the hang glider.","The word ""cloudy"" is written on the hang glider."
budget=3072_info_density_delay0_thumbattn,127,1.0,1.0,1.0,1.0,"The word ""Sunny"" is written on the hang glider.","The word ""Sunny"" is written on the hang glider."
budget=3072_info_density_delay0_thumbattn,128,0.8730453252792358,0.9623903036117554,0.9711973667144775,0.9667737483978271,"The word ""Storff"" is written on the hang glider.","The word ""Storv"" is written on the hang glider."
budget=3072_info_density_delay0_thumbattn,129,1.0,1.0000001192092896,1.0000001192092896,1.0000001192092896,The license plate number of the car is 217722 ROMA.,The license plate number of the car is 217722 ROMA.
budget=3072_info_density_delay0_thumbattn,130,0.8607819676399231,0.8672208786010742,0.6767318248748779,0.7602253556251526,"The bird is positioned on the cobblestone pavement in front of the car, to the left side of the image when facing the car. It appears to be a small bird, possibly a sparrow, standing on the ground near the front left wheel of the car.","The bird is positioned to the left of the car, on the cobblestone pavement."
budget=3072_info_density_delay0_thumbattn,131,0.9834040403366089,0.9352443218231201,0.9715019464492798,0.9530284404754639,"The red rectangle on the sign reads ""Muzium Tekstil Negara,"" which translates to ""National Textile Museum.""","The text inside the red rectangle on the sign reads ""Muzium Tekstil Negara,"" which translates to ""National Textile Museum."""
budget=3072_info_density_delay0_thumbattn,132,0.9629614353179932,0.8860813975334167,0.8352733254432678,0.8599275350570679,"The red rectangle on the sign contains the text ""BANK"" along with a logo.","The text inside the red rectangle on the sign reads ""BANK."""
budget=3072_info_density_delay0_thumbattn,133,1.0,1.0,1.0,1.0,The taller white building is to the right of the National Textile Museum.,The taller white building is to the right of the National Textile Museum.
budget=3072_info_density_delay0_thumbattn,134,1.0,1.0,1.0,1.0,"The word ""family"" is written on the building to the left in the image.","The word ""family"" is written on the building to the left in the image."
budget=3072_info_density_delay0_thumbattn,135,1.0,1.0,1.0,1.0,The car located to the right of the orange car is yellow.,The car located to the right of the orange car is yellow.
budget=3072_info_density_delay0_thumbattn,136,0.6992909908294678,0.9417359828948975,0.9678665399551392,0.9546225070953369,The object placed directly in front of the bench on the left side of the image is a bicycle.,The object placed directly in front of the bench on the left side of the image is a palm tree.
budget=3072_info_density_delay0_thumbattn,137,0.6325849890708923,0.8071364164352417,0.6259817481040955,0.7051095962524414,"In the image, there is a table on the right side where a woman in a striped shirt is standing. At this table, there are three people seated. The setting appears to be an outdoor café or restaurant area with several other tables and chairs nearby, under the shade of large umbrellas. The atmosphere is lively with people walking and enjoying the area, which is lined with tall palm trees.",There are two people seated at the table on the right side of the image where the woman in the striped shirt is standing.
budget=3072_info_density_delay0_thumbattn,138,1.0,0.9999997615814209,0.9999997615814209,0.9999997615814209,"Inside the partially built brick structure, there is a wooden box.","Inside the partially built brick structure, there is a wooden box."
budget=3072_info_density_delay0_thumbattn,139,1.0000001192092896,0.9999998211860657,0.9999998807907104,0.9999998211860657,The chairs are positioned to the left of the bicycles.,The chairs are positioned to the left of the bicycles.
budget=3072_info_density_delay0_thumbattn,140,0.8101234436035156,0.9279346466064453,0.8134644627571106,0.8669372797012329,There are three bicycles parked near the building's entrance on the right side of the image.,There are five bicycles visible near the building's entrance.
budget=3072_info_density_delay0_thumbattn,141,0.8495153784751892,0.8413208723068237,0.8514730334281921,0.8463665843009949,"The car is positioned to the left of the statue of the lion, behind the red rope barrier.",The car is positioned to the left of the statue of the lion when facing the monument.
budget=3072_info_density_delay0_thumbattn,142,1.0000001192092896,1.000000238418579,1.000000238418579,1.000000238418579,The car is to the left of the central tower of the building.,The car is to the left of the central tower of the building.
budget=3072_info_density_delay0_thumbattn,143,1.0,0.9999998211860657,0.9999998807907104,0.9999998211860657,The primary function of the object in the red circle—a plastic water bottle—is to hold and transport drinking water.,The primary function of the object in the red circle—a plastic water bottle—is to hold and transport drinking water.
budget=3072_info_density_delay0_thumbattn,144,0.9847534894943237,0.825842559337616,0.8862031102180481,0.8549588322639465,"The label in the red circle on the water bottle says ""CASH REFUND."" This label typically indicates that the bottle is a deposit returnable for cash. In many places, such labels are used to encourage recycling by offering a small refund when the bottle is returned to a designated recycling center or store.","The label in the red circle on the water bottle says ""CASH REFUND."" This label typically indicates that the bottle is a refundable deposit container. In many places, such labels are used to encourage recycling and to provide a financial incentive for returning bottles to designated collection points. By returning the bottle, the consumer can receive a small refund for the deposit placed on the bottle when it was purchased."
budget=3072_info_density_delay0_thumbattn,145,0.9742284417152405,0.7859572172164917,0.833389937877655,0.8089789748191833,"The label in the red circle on the water bottle says ""Cash Refund."" This typically indicates that the bottle is a deposit returnable for cash when recycled. It's a common practice in many places to encourage recycling by offering a small refund for returned bottles.","The label in the red circle on the water bottle says ""Cash Refund."" This indicates that the bottle is a refundable bottle, meaning that it can be returned for a deposit refund in many regions where such recycling programs are in place. The label is commonly used to encourage recycling and to promote environmental conservation by incentivizing the return of bottles."
budget=3072_info_density_delay0_thumbattn,146,0.8207599520683289,0.6482414603233337,0.6211365461349487,0.6343996524810791,"The Chinese text in the red rectangle reads ""饶货南福同"". This phrase can be broken down as follows:

- 饶货 (ráo huò): This can be interpreted as ""abundant goods"" or ""rich products.""
- 南福 (nán fú): This means ""South Blessing"" or ""Southern Fortune.""
- 同 (tóng): This means ""together"" or ""same.""

So, the entire phrase roughly translates to ""Abundant Goods South Blessing Together"" or ""Rich Products, South Fortune Together."" It likely refers to a market or area known for its variety and prosperity of goods.","The Chinese text in the red rectangle reads ""饶货南福同"". This phrase is a bit unclear and might be a misspelling or misinterpretation. The correct phrase is likely ""饶货南丰堂"" (Ráo huò nán fēng táng), which refers to a famous traditional medicine shop in Hong Kong known for its herbal remedies. 

""饶货南丰堂"" can be translated to ""Nan Fung Tong Abundant Goods"" in English, indicating a place known for a wide variety of goods, particularly traditional medicines."
budget=3072_info_density_delay0_thumbattn,147,0.9188333749771118,0.637405276298523,0.7862952947616577,0.7040648460388184,"The two numbered locations that belong to the same country are:

- Location 1 and Location 2, which are both in China.","The two numbered locations that belong to the same country are both in China. 

- Location 1 is in the Tibet Autonomous Region.
- Location 2 is in the Xinjiang Uygur Autonomous Region.

Both regions are part of China."
budget=3072_info_density_delay0_thumbattn,148,0.8783924579620361,0.7071985602378845,0.7223635315895081,0.7147005796432495,"The two numbered locations that belong to the same country are:

- Location 1: This is in Myanmar (Burma).
- Location 2: This is also in Myanmar (Burma).

Both are located in the same country, Myanmar, in Southeast Asia.","The two numbered locations that belong to the same country are both in China. 

- Location 1 is in the Tibet Autonomous Region of China.
- Location 2 is in the Yunnan Province of China.

Both regions are part of the People's Republic of China."
budget=3072_info_density_delay0_thumbattn,149,0.8207634687423706,0.5241876244544983,0.7050676941871643,0.6013197302818298,The two numbered locations that belong to the same country are ③ and ④. Both are located in Japan.,"The two numbered locations that belong to the same country are:

1. Location 1 (near the center of the map, in the eastern part of the Eurasian landmass) - This is in China.
2. Location 2 (to the northwest of Location 1, in Central Asia) - This is also in China, as it falls within the Xinjiang region.

Both locations are within the borders of China."
budget=3072_info_density_delay0_thumbattn,150,0.9002628326416016,0.6162883043289185,0.7600410580635071,0.6806573867797852,The two numbered locations that belong to the same country are ① and ②. Both are located in China.,"The two numbered locations that belong to the same country are both in China. 

- Location 1 is in the Xinjiang region of China.
- Location 2 is in the Tibet region of China. 

Both areas are part of the People's Republic of China."
budget=3072_info_density_delay0_thumbattn,151,0.9048188924789429,0.7824764847755432,0.8550703525543213,0.8171643614768982,"The numbered locations 2 and 4 belong to the same country, Japan.","The two numbered locations that belong to the same country are numbers 2 and 4, both of which are in Japan."
budget=3072_info_density_delay0_thumbattn,152,0.7902030944824219,0.8189753293991089,0.8278065919876099,0.8233672976493835,"The two numbered locations that belong to the same country are ③ and ④, both of which are in Japan.",The two numbered locations that belong to the same country are both in Egypt. They are marked as �� and ��.
budget=3072_info_density_delay0_thumbattn,153,0.9703874588012695,0.940340518951416,0.9325548410415649,0.9364314675331116,The two numbered locations that belong to the same country are numbers 2 and 3. Both are located in Japan.,"The two numbered locations that belong to the same country are numbers 2 and 4, both of which are in Japan."
budget=3072_info_density_delay0_thumbattn,154,0.8008311986923218,0.809630274772644,0.6015962958335876,0.6902797818183899,"The two numbered locations that belong to the same country are:

- Location 2 (Iceland)
- Location 3 (Faroe Islands)

Both are part of Denmark.","The two numbered locations that belong to the same country are numbers 2 and 3, both of which are in Japan."
budget=3072_info_density_delay0_thumbattn,155,0.8561239242553711,0.7783225774765015,0.5616554021835327,0.6524720191955566,"The two numbered locations that belong to the same country are:

- Location 3: This is in Central America, specifically in Nicaragua.
- Location 2: This is also in Central America, specifically in Costa Rica.

Both locations are in the Central American region, which is part of the Americas.","The two numbered locations that belong to the same country are numbers 3 and 4, both located in Mexico."
budget=3072_info_density_delay0_thumbattn,156,0.8131672739982605,0.7550536394119263,0.8700932264328003,0.8085017800331116,"The two numbered locations that belong to the same country are:

- Location 1 and Location 3, both of which are in Mexico.","The two numbered locations that belong to the same country are:

- Location 1 and Location 2, both in Russia.
- Location 4 is also in Russia, but it's on a different island."
budget=3072_info_density_delay0_thumbattn,157,0.7947744131088257,0.7147905230522156,0.6700284481048584,0.6916860342025757,"The two numbered locations that belong to the same country are:

- Location 3 (central part of the country with a large lake)
- Location 4 (eastern part of the country, near the coast)

Both of these locations are in Canada.","The two numbered locations that belong to the same country are both in Russia. Location 1 is in the European part of Russia, near the Baltic Sea, and location 2 is in the Asian part of Russia, near the border with China."
budget=3072_info_density_delay0_thumbattn,158,0.9149987697601318,0.7702615261077881,0.6605220437049866,0.7111833691596985,"The two numbered locations that belong to the same country are:

- Location 3 (Alaska) and Location 2 (Northern Canada)

Both are in Canada.",The two numbered locations that belong to the same country are both in Canada. They are marked as 1 and 2.
budget=3072_info_density_delay0_thumbattn,159,1.0,1.0,1.0,1.0,The red rectangle highlights the face of George Washington on Mount Rushmore.,The red rectangle highlights the face of George Washington on Mount Rushmore.
budget=3072_info_density_delay0_thumbattn,160,0.8405811786651611,0.9550021886825562,0.9550021886825562,0.9550021886825562,The red rectangle highlights the face of Thomas Jefferson on Mount Rushmore.,The red rectangle on Mount Rushmore highlights the face of Abraham Lincoln.
budget=3072_info_density_delay0_thumbattn,161,1.0,1.0000001192092896,1.0000001192092896,1.0000001192092896,The red rectangle on Mount Rushmore highlights the face of George Washington.,The red rectangle on Mount Rushmore highlights the face of George Washington.
budget=3072_info_density_delay0_thumbattn,162,0.8696317672729492,0.9807721376419067,0.980772078037262,0.980772078037262,The red rectangle highlights the face of George Washington on Mount Rushmore.,The red rectangle highlights the face of Thomas Jefferson on Mount Rushmore.
budget=3072_info_density_delay0_thumbattn,163,1.0,1.0,1.0,1.0,The red rectangle highlights the face of George Washington on Mount Rushmore.,The red rectangle highlights the face of George Washington on Mount Rushmore.
budget=3072_info_density_delay0_thumbattn,164,1.0,1.0,1.0,1.0,The red rectangle highlights the face of Thomas Jefferson on Mount Rushmore.,The red rectangle highlights the face of Thomas Jefferson on Mount Rushmore.
budget=3072_info_density_delay0_thumbattn,165,1.0,1.0,1.0,1.0,The red rectangle highlights the face of Thomas Jefferson on Mount Rushmore.,The red rectangle highlights the face of Thomas Jefferson on Mount Rushmore.
budget=3072_info_density_delay0_thumbattn,166,1.0,1.0,1.0,1.0,The red rectangle on Mount Rushmore highlights the face of Thomas Jefferson.,The red rectangle on Mount Rushmore highlights the face of Thomas Jefferson.
budget=3072_info_density_delay0_thumbattn,167,1.0000001192092896,0.9999996423721313,0.9999996423721313,0.9999996423721313,97,97
budget=3072_info_density_delay0_thumbattn,168,0.7898039221763611,0.8036685585975647,0.8036685585975647,0.8036685585975647,47,50
budget=3072_info_density_delay0_thumbattn,169,0.5470775961875916,0.8434678316116333,0.8434678316116333,0.8434678316116333,97,157
budget=3072_info_density_delay0_thumbattn,170,0.8432503938674927,0.8524020910263062,0.8524020910263062,0.8524020910263062,60,62
budget=3072_info_density_delay0_thumbattn,171,1.0000001192092896,0.9999996423721313,0.9999996423721313,0.9999996423721313,97,97
budget=3072_info_density_delay0_thumbattn,172,0.9999999403953552,0.9999998807907104,0.9999998807907104,0.9999998807907104,50,50
budget=3072_info_density_delay0_thumbattn,173,0.7305887341499329,0.8290985226631165,0.8290985226631165,0.8290984630584717,97,104
budget=3072_info_density_delay0_thumbattn,174,0.5297378301620483,0.5301496386528015,0.6955873966217041,0.601703941822052,40,46.5
budget=3072_info_density_delay0_thumbattn,175,0.5217787027359009,0.8406292796134949,0.8406292796134949,0.8406292796134949,97,167
budget=3072_info_density_delay0_thumbattn,176,0.48132359981536865,0.5149364471435547,0.6882949471473694,0.5891271829605103,49,53.5
budget=3072_info_density_delay0_thumbattn,177,0.9522386193275452,0.9699592590332031,0.9009935855865479,0.9342053532600403,"The flag in the image is red, white, and blue.","The flag is red, white, and blue."
budget=3072_info_density_delay0_thumbattn,178,0.513893723487854,0.9799159169197083,0.9799159169197083,0.9799159169197083,The car is red.,The car is orange.
budget=3072_info_density_delay0_thumbattn,179,0.9062696695327759,0.8800843954086304,0.8883572816848755,0.8842014670372009,"There is no house visible in the image. The landscape features rocky terrain, patches of water, and distant mountains.","There is no house in the image. The landscape features rocky terrain and a vast, open plain with patches of snow."
budget=3072_info_density_delay0_thumbattn,180,0.9716894626617432,0.9548088312149048,0.9684520959854126,0.9615820646286011,There are three people on the boat.,There are three people in the boat.
budget=3072_info_density_delay0_thumbattn,181,0.9562947750091553,0.8604433536529541,0.8471373319625854,0.8537384867668152,There isn't a car visible in the image. The picture shows a rocky island in a body of water with some distant land and floating objects.,There is no car in the image. The picture shows a rocky island in a body of water with a clear blue sky in the background.
budget=3072_info_density_delay0_thumbattn,182,0.8461682796478271,0.7704334259033203,0.691951334476471,0.7290864586830139,"The most prominently visible piece of equipment in the person's possession is the golf club, which is partially visible in their right hand. The club has a black grip and a silver head, indicating it is likely a driver or a wood, which are common clubs used for long-distance shots on a golf course. The club is attached to a golf bag, which is also a piece of equipment essential for carrying multiple clubs during a game of golf.","The most prominently visible piece of equipment in the person's possession is the golf bag. It is large, with a red and black color scheme, and has multiple clubs attached to it. The bag also has a glove hanging from it and a towel draped over the shoulder."
budget=3072_info_density_delay0_thumbattn,183,1.0,1.0,1.0,1.0,"The flag on the left is the flag of Germany. It features three horizontal stripes of black, red, and yellow.","The flag on the left is the flag of Germany. It features three horizontal stripes of black, red, and yellow."
budget=3072_info_density_delay0_thumbattn,184,0.9650177955627441,0.8113139867782593,0.8875709176063538,0.8477309346199036,"The flag on the right is the flag of Bavaria, representing the German federal state of Bavaria (Bayern). The blue and white stripes are characteristic of the Bavarian flag.","The flag on the right is the flag of Bavaria, representing the German federal state of Bavaria (Bayern). The flag features a blue and white diagonal division, with a white square at the hoist side containing a blue lion."
budget=3072_info_density_delay0_thumbattn,185,0.8943416476249695,0.6751102209091187,0.746341347694397,0.7089410424232483,"The ship in the image displays the flag of the Netherlands. The flag features horizontal stripes of red, white, and blue, with a red circle in the top left corner (known as the ""Prinsentros"" or ""Prince's Circle""). This flag is commonly associated with the Royal Netherlands Navy. Therefore, the naval ship depicted is from the Netherlands.","The flag shown in the image is the national flag of the Netherlands. The flag consists of three horizontal stripes: red at the top, white in the middle, and blue at the bottom. This flag is commonly flown on Dutch naval ships, indicating that the ship belongs to the Royal Netherlands Navy.

Thus, the country whose naval ship is depicted in the image is:

\[
\boxed{\text{Netherlands}}
\]"
budget=3072_info_density_delay0_thumbattn,186,0.9078470468521118,0.7507883310317993,0.7504918575286865,0.7506400942802429,"The license plate on the vehicle in the image indicates that it is registered in Iceland. The license plate format and the ""ER"" prefix are characteristic of Icelandic vehicle registration plates. Additionally, the setting of the image, featuring a rugged and volcanic landscape, is consistent with Iceland's distinctive geographical features.","The license plate on the vehicle in the image appears to be from Iceland. The key indicators are the style of the plate and the fact that the vehicle is in a landscape typical of Iceland, such as the black sand beach and the mountainous backdrop, which is characteristic of the country's volcanic terrain."
budget=3072_info_density_delay0_thumbattn,187,0.9648539423942566,0.9263401031494141,0.9120094776153564,0.9191188812255859,"The square white adapter in the image is an Apple USB power adapter. Steve Jobs, along with Steve Wozniak, co-founded Apple Inc., the company that manufactures Apple products.","The square white adapter in the image is an Apple USB power adapter. Steve Jobs, along with Steve Wozniak, founded Apple Inc., the company that manufactures this adapter."
budget=3072_info_density_delay0_thumbattn,188,0.9845791459083557,0.9598228335380554,0.9653662443161011,0.9625865817070007,"The image shows a large industrial building with a colorful mural on one side, situated next to a body of water. There is no blue backpack or airplane visible in the image. Therefore, I can't determine the position of a blue backpack relative to an airplane as these objects are not present in the photograph.","The image shows a large building with a colorful mural on it, situated next to a body of water with a boat docked nearby. There is no blue backpack or airplane visible in the image. Therefore, I cannot determine the position of a blue backpack relative to an airplane as these objects are not present in the photograph."
budget=3072_info_density_delay0_thumbattn,189,0.9788542985916138,0.9572471976280212,0.9673707485198975,0.9622822999954224,The blue backpack is to the right of the umbrella.,The blue backpack is to the left of the umbrella.
budget=3072_info_density_delay0_thumbattn,190,1.0,0.9999997615814209,0.9999997615814209,0.9999997615814209,The blue backpack is positioned to the right of the wooden box.,The blue backpack is positioned to the right of the wooden box.
budget=3072_info_density_delay0_thumbattn,191,0.886281430721283,0.9062414169311523,0.8423686027526855,0.873138427734375,The wooden jewelry box is to the right of the clock when facing the fireplace.,The wooden jewelry box is positioned to the left of the clock.
budget=3072_info_density_delay0_thumbattn,192,0.7564846873283386,0.9101040363311768,0.9101040363311768,0.9101040363311768,There are two chairs in the image.,There is one chair in the image.
budget=3072_info_density_delay0_thumbattn,193,0.8026895523071289,0.9476444125175476,0.8322567343711853,0.8862103819847107,"The chairs are facing away from the viewer, towards the window.",The chairs are facing towards the window.
budget=3072_info_density_delay0_thumbattn,194,1.0,0.9999998211860657,0.9999998211860657,0.9999998211860657,The blue backpack is positioned to the left of the warning sign.,The blue backpack is positioned to the left of the warning sign.
budget=3072_info_density_delay0_thumbattn,195,0.9006227254867554,0.8246254324913025,0.8904200196266174,0.8562607169151306,"The black car is ahead of the tram, further up the street.","The black car is positioned to the left of the tram, ahead of it on the road."
budget=3072_info_density_delay0_thumbattn,196,0.5372288227081299,0.9718606472015381,0.9718606472015381,0.9718606472015381,There are three people in the image.,There are two people in the image.
budget=3072_info_density_delay0_thumbattn,197,1.0,1.0,1.0,1.0,There are five people in the image.,There are five people in the image.
budget=3072_info_density_delay0_thumbattn,198,0.7168946862220764,0.9610323905944824,0.9315064549446106,0.9460391402244568,"There are two people in the image. One person is prominently featured in the foreground, wearing a brown outfit and a hat, while the other person is partially visible in the background.","There are two people in the image. One person is prominently featured in the foreground, sitting and smiling, while the other person is partially visible in the background."
budget=3072_info_density_delay0_thumbattn,199,0.729198694229126,0.7738966345787048,0.6336531043052673,0.6967881917953491,"The boat is positioned on the left side of the image, while the buildings are on the right side. The boat is further away from the shore compared to the buildings.",The boat is to the left of the buildings.
budget=4096_info_density_delay0_thumbattn,0,1.0000001192092896,1.0,1.0,1.0,The number displayed above the entrance is 27B.,The number displayed above the entrance is 27B.
budget=4096_info_density_delay0_thumbattn,1,1.0000001192092896,1.0000004768371582,1.0000004768371582,1.0000004768371582,The mailbox is blue.,The mailbox is blue.
budget=4096_info_density_delay0_thumbattn,2,0.9765014052391052,0.9935876131057739,0.9935876131057739,0.9935876131057739,The mailbox is on the left side of the woman.,The mailbox is on the right side of the woman.
budget=4096_info_density_delay0_thumbattn,3,0.9949910044670105,0.9875649809837341,0.9823727607727051,0.984961986541748,"The white board in front of the girl in purple shorts has the text ""Elevate"" written on it.","The white board in front of the girl in purple shorts has the word ""Elevate"" written on it."
budget=4096_info_density_delay0_thumbattn,4,0.7371129393577576,0.8378868699073792,0.8759176731109619,0.8564803600311279,"The text on the blue golf ball holder reads ""Mizuno"".","The text on the blue golf ball holder reads ""New Jersey"" and ""Natural."""
budget=4096_info_density_delay0_thumbattn,5,1.0,0.9999998211860657,0.9999998211860657,0.9999998211860657,The golf ball holder is blue.,The golf ball holder is blue.
budget=4096_info_density_delay0_thumbattn,6,0.9999999403953552,1.0,1.0,1.0,The license plate number of the car is RK 879.,The license plate number of the car is RK 879.
budget=4096_info_density_delay0_thumbattn,7,1.0,0.9999999403953552,0.9999999403953552,0.9999999403953552,The person is sitting on the driver's side of the car.,The person is sitting on the driver's side of the car.
budget=4096_info_density_delay0_thumbattn,8,0.9999998807907104,1.0000001192092896,1.0000001192092896,1.0000001192092896,"The water bottle is placed on a small table or surface in front of the person, to their right side (on the left side of the image).","The water bottle is placed on a small table or surface in front of the person, to their right side (on the left side of the image)."
budget=4096_info_density_delay0_thumbattn,9,1.0,0.9719789028167725,0.9719789028167725,0.9719789028167725,"The brand mentioned on the black rectangular device located at the left of the image is ""INsignia.""","The brand mentioned on the black rectangular device located at the left of the image is ""INSIGNIA."""
budget=4096_info_density_delay0_thumbattn,10,1.0,1.0,1.0,1.0,"The text written above the logo on the jacket's sleeve is ""epic"".","The text written above the logo on the jacket's sleeve is ""epic""."
budget=4096_info_density_delay0_thumbattn,11,0.995289146900177,0.9111190438270569,0.9457423686981201,0.9281079769134521,"The person in the background is wearing white gloves. They appear to be a type of work or utility gloves, possibly designed for grip and protection.","The person in the background is wearing white gloves. They appear to be a type of work or utility gloves, often used for activities that require protection or grip."
budget=4096_info_density_delay0_thumbattn,12,0.9324172735214233,0.85691899061203,0.9559792876243591,0.9037427306175232,The person is standing behind the recycle bin.,The person is standing behind and to the side of the recycle bin.
budget=4096_info_density_delay0_thumbattn,13,0.7727086544036865,0.7622433304786682,0.823840856552124,0.791845977306366,"The number written on the sign in the background is ""08-26"".","The number written on the sign in the background is ""20"". The sign reads ""00-20""."
budget=4096_info_density_delay0_thumbattn,14,0.5981535911560059,0.7830008268356323,0.7405790090560913,0.7611993551254272,The sign in the image is yellow.,There is no sign visible in the image.
budget=4096_info_density_delay0_thumbattn,15,0.9599730968475342,0.8292834758758545,0.9416499733924866,0.8819019198417664,The umbrella is blue.,The umbrella in the image is blue.
budget=4096_info_density_delay0_thumbattn,16,0.6336439847946167,0.5148361921310425,0.6612184047698975,0.5789173245429993,"The title of the framed poster visible in the image is ""The Book of Kells.""","The image shows the interior of a grand cathedral with Gothic architectural features, including pointed arches, ribbed vaults, and flying buttresses. There is a large stained-glass window in the background, and the floor is made of stone tiles. The wooden pews are arranged facing the altar area, which has a simple podium and a lectern.

There is no framed poster visible in the image. Therefore, there is no title of a framed poster to provide."
budget=4096_info_density_delay0_thumbattn,17,1.0000001192092896,1.0,1.0,1.0,"The barge on the left side of the image is named ""Peter Lind.""","The barge on the left side of the image is named ""Peter Lind."""
budget=4096_info_density_delay0_thumbattn,18,0.7094313502311707,0.9929764866828918,0.9929764866828918,0.9929764866828918,"The neon ""OPEN"" sign hanging above the items for sale is blue.","The neon ""OPEN"" sign hanging above the items for sale is green."
budget=4096_info_density_delay0_thumbattn,19,1.0,0.9999999403953552,0.9999999403953552,0.9999999403953552,"The road sign directly below the American flag reads ""ONE WAY.""","The road sign directly below the American flag reads ""ONE WAY."""
budget=4096_info_density_delay0_thumbattn,20,1.0,0.9999999403953552,0.9999999403953552,0.9999999403953552,"The number written on the front of the train is ""460 112-6"".","The number written on the front of the train is ""460 112-6""."
budget=4096_info_density_delay0_thumbattn,21,0.9722065925598145,0.9695784449577332,0.858056366443634,0.9104148149490356,"In the image, there are three dogs being walked. They are all on leashes and being led by a person dressed in a red jacket. The setting appears to be a park or a similar outdoor area with a hedge in the background and a clear blue sky above. The autumn foliage adds a nice touch to the scene, with the grass and fallen leaves indicating the season.","In the image, there are three dogs being walked. They are all on leashes and being led by a person dressed in a red jacket. The setting appears to be a park or a similar outdoor area with a hedge in the background and a clear blue sky overhead."
budget=4096_info_density_delay0_thumbattn,22,1.0,1.0000001192092896,1.0000001192092896,1.0000001192092896,There isn't a bike visible in the image.,There isn't a bike visible in the image.
budget=4096_info_density_delay0_thumbattn,23,0.7191466093063354,0.7020727396011353,0.49135467410087585,0.578110933303833,"The image shows a tall, cylindrical building with a distinctive geometric pattern on its facade, situated next to a river. The building appears to be part of a modern architectural complex that includes a lower structure with a sloped roof.

Regarding the signboard attached to the building, there is no clearly visible signboard on the part of the building that is prominently displayed in the image. If the signboard is present but not easily noticeable due to the angle or distance, it might be difficult to determine its shape accurately. However, based on the visible portion of the building, no distinct signboard shape can be identified.",The signboard attached to the building is shaped like a diamond or a rhombus.
budget=4096_info_density_delay0_thumbattn,24,0.7042362689971924,0.7684573531150818,0.7543073892593384,0.76131671667099,The text on the signboard is not clearly visible in the image.,"The text on the signboard in the image reads ""MAG."""
budget=4096_info_density_delay0_thumbattn,25,0.9700402021408081,0.96888667345047,0.9641046524047852,0.9664897918701172,"The orange building is located to the left of the cylindrical green building when facing the image. The cylindrical green building stands prominently on the right side, while the orange building is positioned further back and to the left, closer to the water's edge.","The orange building is located to the left of the cylindrical green building in the image. The cylindrical green building stands prominently on the right side, while the orange building is positioned further back and to the left, closer to the riverbank."
budget=4096_info_density_delay0_thumbattn,26,0.6485496759414673,0.9254975318908691,0.8790546655654907,0.9016784429550171,"The signboard above the left door reads ""Abri de Patoud.""","The signboard above the left door reads ""pinetaud."""
budget=4096_info_density_delay0_thumbattn,27,0.579414963722229,0.8780732154846191,0.8936318755149841,0.8857842087745667,The man wearing a yellow shirt is carrying a black backpack.,The man wearing a yellow shirt is not carrying a backpack.
budget=4096_info_density_delay0_thumbattn,28,0.6050405502319336,0.4919273257255554,0.7501848340034485,0.5942078828811646,The girl wearing a blue top is sitting on the left side of the man wearing a yellow shirt.,"The girl wearing a blue top is sitting on the left side of the man wearing a yellow shirt. 

To break it down logically:
1. The man in the yellow shirt is standing further down the path.
2. The girl in the blue top is sitting on a stone ledge to the left of him as you look at the image.
3. Therefore, from the perspective of the man in the yellow shirt, the girl in the blue top is on his left side."
budget=4096_info_density_delay0_thumbattn,29,1.0,1.0,1.0,1.0,The clock shows a time of approximately 6:10.,The clock shows a time of approximately 6:10.
budget=4096_info_density_delay0_thumbattn,30,1.0000001192092896,1.0,1.0,1.0,The river is flowing from the bottom right to the top left relative to the clock tower.,The river is flowing from the bottom right to the top left relative to the clock tower.
budget=4096_info_density_delay0_thumbattn,31,0.7783388495445251,0.7770498991012573,0.7074742317199707,0.740631639957428,"In the middle of the water, there is a small island with a tree and a decorative structure. The structure appears to be a small, illuminated gazebo or亭子, which is a type of open-air pavilion often found in parks. It is surrounded by water and has a light source that makes it stand out against the darker background. The island is also adorned with some greenery, contributing to the serene and picturesque setting.","In the middle of the water, there is a small, circular island with a weeping willow tree. The island is illuminated by lights, creating a warm and inviting glow. Additionally, there appears to be a small structure or decorative element on the island, which is also lit up. The surrounding water reflects the lights, adding to the serene and picturesque scene."
budget=4096_info_density_delay0_thumbattn,32,1.0,1.0000001192092896,1.0000001192092896,1.0000001192092896,The speed limit indicated by the sign in the image is 20 km/h.,The speed limit indicated by the sign in the image is 20 km/h.
budget=4096_info_density_delay0_thumbattn,33,1.0000001192092896,0.9999998807907104,0.9999998807907104,0.9999998807907104,The year inscribed on the sundial is 1762.,The year inscribed on the sundial is 1762.
budget=4096_info_density_delay0_thumbattn,34,1.000000238418579,0.9999998807907104,0.9999998807907104,0.9999998807907104,"The message on the sign reads ""KHU VỰC NGUY HIỂM KHÔNG NHẤY,"" which translates to ""Dangerous Area, Do Not Enter"" in English.","The message on the sign reads ""KHU VỰC NGUY HIỂM KHÔNG NHẤY,"" which translates to ""Dangerous Area, Do Not Enter"" in English."
budget=4096_info_density_delay0_thumbattn,35,0.8039664626121521,0.7137143611907959,0.7928289175033569,0.7511942982673645,"The hazard numbers on the left side storage container's label are ""1"" and ""8"".","The hazard number on the left side storage container's label is ""1"". This indicates that the substance is classified as a flammable gas."
budget=4096_info_density_delay0_thumbattn,36,1.0,0.9999999403953552,0.9999999403953552,0.9999999403953552,"The ""1"" on the left side hazard label of the storage container is black.","The ""1"" on the left side hazard label of the storage container is black."
budget=4096_info_density_delay0_thumbattn,37,0.5828593969345093,0.9680477380752563,0.9680477380752563,0.9680477380752563,The surveillance camera is silver.,The surveillance camera is black.
budget=4096_info_density_delay0_thumbattn,38,1.0000001192092896,1.0,1.0,1.0,"The text on the sign attached to the wall of the building reads ""Saint-Paul.""","The text on the sign attached to the wall of the building reads ""Saint-Paul."""
budget=4096_info_density_delay0_thumbattn,39,0.8448243141174316,0.8307148814201355,0.8450520038604736,0.8378220796585083,"There isn't a car clearly visible in the image. The focus is on the town, buildings, and bridge reflected in the water.",There doesn't appear to be any car visible in the image. The scene shows a town with buildings and a bridge over a river at twilight.
budget=4096_info_density_delay0_thumbattn,40,1.0,0.9999998807907104,0.9999998807907104,0.9999998807907104,The girl is wearing a pink shirt.,The girl is wearing a pink shirt.
budget=4096_info_density_delay0_thumbattn,41,0.5597603917121887,0.6222684383392334,0.7508256435394287,0.6805288791656494,The car in the image appears to be white.,"There isn't a car visible in the image. The scene shows a group of people near a body of water with boats, surrounded by trees and a traditional building."
budget=4096_info_density_delay0_thumbattn,42,0.7607802152633667,0.7924745678901672,0.8638617992401123,0.8266298174858093,The person in the image is wearing dark clothing.,The primary color of the person's clothing in the image is dark blue.
budget=4096_info_density_delay0_thumbattn,43,0.9999999403953552,1.0,1.0,1.0,There is no flag visible in the image.,There is no flag visible in the image.
budget=4096_info_density_delay0_thumbattn,44,0.9999999403953552,1.000000238418579,1.000000238418579,1.000000238418579,"The street sign on the pole near the center bottom of the image indicates ""Michigan Ave.""","The street sign on the pole near the center bottom of the image indicates ""Michigan Ave."""
budget=4096_info_density_delay0_thumbattn,45,0.6430065035820007,0.9702603220939636,0.9702603220939636,0.9702603220939636,The number written on the boat is 4.,The number written on the boat is 62.
budget=4096_info_density_delay0_thumbattn,46,0.38063862919807434,0.6591559648513794,0.7381055355072021,0.6964002847671509,The person in the image is wearing a blue shirt.,There is no person visible in the image. It features a waterfall and surrounding forested area.
budget=4096_info_density_delay0_thumbattn,47,0.9088419079780579,0.8364956974983215,0.8630737066268921,0.8495768904685974,"The flag in the image is white. It is located near the top right section of the image, attached to a pole on the side of a building. The flag stands out against the darker background of the surrounding buildings and street.","The flag in the image is red and white. It's located near the top center of the image, slightly to the left, attached to a pole on the side of a building. The red and white colors are distinct and stand out against the background."
budget=4096_info_density_delay0_thumbattn,48,0.6106576919555664,0.6445409655570984,0.7269814014434814,0.6832835078239441,The figurine on the shelf is wearing a red uniform.,"The image doesn't show a figurine on the shelf. It features a dining room with a table set for a meal, elegant wallpaper, and a large chandelier."
budget=4096_info_density_delay0_thumbattn,49,1.0,1.0,1.0,1.0,The visible vehicle in the image is white.,The visible vehicle in the image is white.
budget=4096_info_density_delay0_thumbattn,50,1.0000001192092896,0.9999997019767761,0.9999997019767761,0.9999997019767761,The climber's hat is red.,The climber's hat is red.
budget=4096_info_density_delay0_thumbattn,51,1.0000001192092896,1.0,1.0,1.0,The trailer in the image is orange.,The trailer in the image is orange.
budget=4096_info_density_delay0_thumbattn,52,0.9512984752655029,0.8810923099517822,0.8921290636062622,0.8865763545036316,The phone number on the boat is 0905 87 38 38.,The phone number on the boat is 012-665-8888.
budget=4096_info_density_delay0_thumbattn,53,1.0000001192092896,1.0,1.0,1.0,The motorcycle is red.,The motorcycle is red.
budget=4096_info_density_delay0_thumbattn,54,1.0,0.9999999403953552,0.9999999403953552,0.9999999403953552,"The title of the book displayed prominently on the stand is ""Holy Bible.""","The title of the book displayed prominently on the stand is ""Holy Bible."""
budget=4096_info_density_delay0_thumbattn,55,0.8065782189369202,0.8977140188217163,0.7703942060470581,0.8291952610015869,The flowers in the image are purple. They are placed on the bed near the center.,The flowers on the bed are purple.
budget=4096_info_density_delay0_thumbattn,56,1.0,0.9999998211860657,0.9999998211860657,0.9999998211860657,The phone number listed on the building in the foreground is 415-555-0199.,The phone number listed on the building in the foreground is 415-555-0199.
budget=4096_info_density_delay0_thumbattn,57,0.8434628248214722,0.9819871783256531,0.9819871783256531,0.9819871783256531,The number written on the blue tag is 20.,The number written on the blue tag is 8.
budget=4096_info_density_delay0_thumbattn,58,0.7699806690216064,0.8562246561050415,0.8566107749938965,0.8564176559448242,The registration number of the boat is TN-01-00026.,"The registration number of the boat is ""P 17 TNT."""
budget=4096_info_density_delay0_thumbattn,59,0.8606398701667786,0.8892355561256409,0.6893814206123352,0.7766576409339905,"The flag flying on the top of the boat appears to have three horizontal stripes. The top stripe is yellow, the middle stripe is blue, and the bottom stripe is red.",The flag flying on the top of the boat appears to be red and yellow.
budget=4096_info_density_delay0_thumbattn,60,1.0000001192092896,1.0000003576278687,1.0000003576278687,1.0000003576278687,The model number of the train shown in the image is 2001.,The model number of the train shown in the image is 2001.
budget=4096_info_density_delay0_thumbattn,61,1.0,1.000000238418579,1.000000238418579,1.000000238418579,The person in the image is wearing a blue shirt.,The person in the image is wearing a blue shirt.
budget=4096_info_density_delay0_thumbattn,62,1.0,1.0,1.0,1.0,"The sign reads ""Public Parking.""","The sign reads ""Public Parking."""
budget=4096_info_density_delay0_thumbattn,63,0.6677418351173401,0.5685577392578125,0.6346384882926941,0.5997834801673889,"The license plate number of the vehicle in the image is ""W-22-14.""","The image shows a vehicle parked near a dock with a boat. The vehicle is a dark-colored van, and there is a person wearing a yellow shirt nearby. However, the license plate number of the vehicle is not clearly visible due to the angle and distance. Therefore, I can't determine the license plate number from this image."
budget=4096_info_density_delay0_thumbattn,64,0.7640668153762817,0.6611837148666382,0.661908745765686,0.6615460515022278,"In the image, the person is positioned to the left of the car. The car is parked on the brick-paved area near the building, and the person appears to be standing close to the front of the car, slightly behind it. The person is wearing a yellow shirt and seems to be engaged in an activity near the boat, possibly related to the equipment or the docking process. The car is situated further back on the right side of the image, near the building with a sloped roof.","In the image, the person is standing on the dock next to the ship, while the car is parked further down the dock, away from the person. The person appears to be closer to the ship, near some equipment and hoses, whereas the car is situated towards the right side of the image, near a building. So, relative to the car, the person is to the left and closer to the ship."
budget=4096_info_density_delay0_thumbattn,65,0.6017530560493469,0.6012176871299744,0.7673298716545105,0.6741925477981567,There is no car visible in the image.,"The car in the image is dark-colored, likely black or dark blue."
budget=4096_info_density_delay0_thumbattn,66,1.0000001192092896,0.9999998211860657,0.9999998211860657,0.9999998211860657,The person in the image is wearing blue pants.,The person in the image is wearing blue pants.
budget=4096_info_density_delay0_thumbattn,67,0.7394681572914124,0.5594826340675354,0.5646584630012512,0.5620586276054382,"The flag in the image is the flag of Chile. It features a blue field with a white square in the upper left corner. Inside the white square, there is a yellow sun with 28 rays, and below the sun, there are eight five-pointed stars arranged in a semicircle. The flagpole is red. So, the colors of the flag are blue, white, yellow, and red.","The flag in the image appears to have multiple colors. From what I can see, there are at least the following colors present on the flag:

1. Red
2. Yellow
3. Green
4. Black
5. White

The flag seems to have a complex design with these colors arranged in specific patterns or sections."
budget=4096_info_density_delay0_thumbattn,68,0.5792617797851562,0.8329583406448364,0.9346374273300171,0.8808733820915222,The trash can is black.,The trash can in the image is white.
budget=4096_info_density_delay0_thumbattn,69,1.0000001192092896,1.000000238418579,1.000000238418579,1.000000238418579,There isn't a dog visible in the image.,There isn't a dog visible in the image.
budget=4096_info_density_delay0_thumbattn,70,0.7218798398971558,0.8937684297561646,0.7509655356407166,0.8161676526069641,"The letters on the green trash bin are ""P,"" ""B,"" and ""A.""","The letters on the green trash bin are ""PET""."
budget=4096_info_density_delay0_thumbattn,71,0.7302168011665344,0.6521973609924316,0.753577470779419,0.6992318034172058,The black sign shows a right-pointing arrow.,The image doesn't show a black sign with arrows. It depicts an ancient stone archway.
budget=4096_info_density_delay0_thumbattn,72,0.6435164213180542,0.571633517742157,0.4485408067703247,0.5026611089706421,"The text written at the center of the black sign reads ""ARHEOLSKI MUZEJ"" on the top line and ""ISTORIJA PLAČA"" on the bottom line. This translates from Croatian to ""Archaeological Museum"" and ""History of the Town"" respectively.","The image does not contain a black sign with text at the center. The main focus is on an ancient stone archway, likely part of a historical structure. There is no visible text in the image."
budget=4096_info_density_delay0_thumbattn,73,0.6231545209884644,0.5104799270629883,0.698648989200592,0.5899227261543274,The number on the rectangular white sign is 3.,The image does not show a rectangular white sign with a number on it. The main focus is on an ancient stone archway and a stone wall. There is no visible sign with a number in the image.
budget=4096_info_density_delay0_thumbattn,74,0.6675969958305359,0.791215181350708,0.9160279035568237,0.8490591645240784,"The text on the white building reads ""DB"".","The text on the white building reads ""park inn by Radisson."""
budget=4096_info_density_delay0_thumbattn,75,0.960606575012207,0.7803360819816589,0.8069679141044617,0.7934285998344421,The building with a red and white striped antenna on its top is the one located towards the right side of the image. This distinctive antenna helps in identifying the building amidst the skyline. The antenna is part of a structure that stands out due to its contrasting colors against the predominantly blue and gray buildings around it.,"The building with a red and white striped antenna on its top is the one located towards the right side of the image. It is a tall skyscraper with a dark blue glass facade. The antenna is positioned at the very top of the building, standing out against the clear blue sky. This distinctive feature helps in identifying the building amidst the other structures in the skyline."
budget=4096_info_density_delay0_thumbattn,76,1.0,1.0,1.0,1.0,The ceiling beams in the room are made of wood.,The ceiling beams in the room are made of wood.
budget=4096_info_density_delay0_thumbattn,77,1.0,1.0,1.0,1.0,"The small stone cairn is located in the foreground, to the right side of the waterfall. It's positioned on a rock near the bottom of the image, close to the stream that flows from the waterfall.","The small stone cairn is located in the foreground, to the right side of the waterfall. It's positioned on a rock near the bottom of the image, close to the stream that flows from the waterfall."
budget=4096_info_density_delay0_thumbattn,78,0.9153479337692261,0.7179695963859558,0.7124143242835999,0.7151811718940735,"In the image, there is a piece of cloth hanging on the wall inside the house, to the right of the doorway. It appears to be draped over a hook or a nail, and it hangs loosely, suggesting it might be used for practical purposes, such as holding items or for drying purposes. The wall itself is painted in a dark green color, and the doorway is open, allowing a view into the interior space. The overall setting gives a rustic and traditional feel to the scene.","In the image, there is a piece of cloth hanging on the wall inside the house. The wall appears to be part of a structure with traditional architectural elements, such as wooden pillars and a balcony with intricate railings. The cloth is positioned near the doorway, adding a touch of everyday life to the scene. The overall setting suggests a rural or traditional environment, possibly in a region where such attire and architectural styles are common."
budget=4096_info_density_delay0_thumbattn,79,0.9473204016685486,0.7696337699890137,0.7391432523727417,0.7540804147720337,"The object mounted on the wall in the background appears to be a small informational plaque or sign. These plaques are often found in historical buildings to provide visitors with information about the site, its history, or specific architectural features. Given the context of the image, which shows an interior space with historical architectural elements, the plaque likely serves an educational purpose for visitors.","The object mounted on the wall in the background appears to be a small, rectangular plaque or sign. Given the context of the architecture, which suggests a historical or religious building, it is likely to be an informational sign, possibly indicating the name of the room, providing historical information, or marking a significant site within the building."
budget=4096_info_density_delay0_thumbattn,80,0.9202682375907898,0.8679569959640503,0.9421237707138062,0.903520941734314,The cup is white.,The cup on the ground is white.
budget=4096_info_density_delay0_thumbattn,81,0.86081463098526,0.5224055647850037,0.717511773109436,0.6046082973480225,"The cup lying on the ground appears to be made of ceramic or porcelain, as suggested by its white color and glossy finish.","The cup lying on the ground appears to be made of ceramic or porcelain. This assessment is based on the following observations:

- **Shape and Finish**: The cup has a smooth, rounded shape typical of ceramic or porcelain items. These materials are often used for their ability to hold intricate shapes and provide a smooth surface.
- **Color and Texture**: The cup seems to have a uniform color and a glossy or matte finish, which are common characteristics of ceramic and porcelain products.
- **Context**: Given that it is lying on a paved surface, it is likely a disposable or decorative item, both of which are commonly made from ceramic or porcelain.

Ceramic and porcelain are popular materials for making cups due to their durability, ease of cleaning, and aesthetic qualities."
budget=4096_info_density_delay0_thumbattn,82,0.9012008309364319,0.8948929905891418,0.7251338958740234,0.8011191487312317,"The object located in the center of the grassy area is a statue. It appears to depict a robed figure, possibly a classical or historical character, standing on a pedestal. The statue is positioned prominently in front of the grand building, adding to the aesthetic and historical ambiance of the scene.",The object located in the center of the grassy area is a statue. It appears to depict a robed figure standing on a pedestal.
budget=4096_info_density_delay0_thumbattn,83,0.863046407699585,0.6288695335388184,0.4560456871986389,0.5286924839019775,"The sign on the bridge indicates the direction towards Zaragoza. Given the context of the image, which shows a bridge spanning a body of water with a landscape in the background, the sign is likely providing directional guidance for travelers.

To determine the direction:

1. **Observation of the Sign**: The sign is positioned on the right side of the bridge, pointing towards Zaragoza.
2. **Geographical Context**: Zaragoza is a city in northeastern Spain. If we assume this bridge is part of a major route leading towards Zaragoza, the sign would be pointing in the general direction of the city.

Considering these points, the direction indicated on the sign towards Zaragoza is likely to the **left** if you are facing towards the city in the image. This is because signs typically point in the direction you need to go to reach the destination, and given the positioning of the sign on the bridge, it would be pointing left for someone traveling towards Zaragoza.

Therefore, the direction indicated on the sign towards Zaragoza is **left**.","The image shows a bridge over a body of water with hills in the background, but there is no sign pointing towards Zaragoza. Therefore, I can't determine the direction indicated on such a sign."
budget=4096_info_density_delay0_thumbattn,84,0.7247580885887146,0.5527844429016113,0.7535504698753357,0.637739896774292,The sign pointing towards Alocén indicates the direction to the left.,"The image shows a bridge over a body of water with hills in the background. There isn't a sign visible in the image pointing towards Alocén or any other direction. Therefore, I can't determine the direction indicated on such a sign."
budget=4096_info_density_delay0_thumbattn,85,0.9569411277770996,0.9581463932991028,0.9417242407798767,0.9498643279075623,There isn't a car visible in the image. The scene shows a desert landscape with a leafless tree and some bushes.,There isn't a car in the image. The picture shows a desert landscape with a leafless tree and some rocks.
budget=4096_info_density_delay0_thumbattn,86,1.0,1.0,1.0,1.0,The speed limit sign in the image indicates a limit of 30.,The speed limit sign in the image indicates a limit of 30.
budget=4096_info_density_delay0_thumbattn,87,0.8150461316108704,0.9338699579238892,0.8093128800392151,0.8671413660049438,The flag is red with a yellow star.,The flag is red.
budget=4096_info_density_delay0_thumbattn,88,1.0,0.9999998211860657,0.9999998211860657,0.9999998211860657,"The name written on the boat is ""Gondola.""","The name written on the boat is ""Gondola."""
budget=4096_info_density_delay0_thumbattn,89,0.9625394344329834,0.8820388317108154,0.8717039823532104,0.8768410086631775,The speed limit indicated by the sign is 30.,The speed limit sign indicates a limit of 30.
budget=4096_info_density_delay0_thumbattn,90,0.9999999403953552,0.9999998807907104,0.9999998807907104,0.9999998807907104,"The name written on the front of the boat is ""Freedom.""","The name written on the front of the boat is ""Freedom."""
budget=4096_info_density_delay0_thumbattn,91,0.8938242197036743,0.7281692028045654,0.8172147870063782,0.7701266407966614,"The flag in the image appears to have three horizontal stripes. The top stripe is red, the middle stripe is white, and the bottom stripe is green. This is the flag of Tunisia.","The flag in the image appears to have three horizontal stripes. The colors of the stripes, from top to bottom, are:

1. Red
2. White
3. Green

This is the flag of Lebanon."
budget=4096_info_density_delay0_thumbattn,92,0.9221711158752441,0.6655693054199219,0.7504943013191223,0.7054852247238159,"The Royal Albert Hall is located to the left of the bus in the image. The bus is on the right side of the frame, while the Royal Albert Hall dominates the center and left side of the image.","The Royal Albert Hall is situated to the left of the bus in the image. The bus appears to be parked or driving along the road adjacent to the Hall, with the Hall occupying a prominent position in the background. The orientation of the bus and the angle of the photograph place the iconic building slightly behind and to the side of the bus, highlighting its grand architectural structure."
budget=4096_info_density_delay0_thumbattn,93,0.9662739038467407,0.8810833692550659,0.8542618155479431,0.8674653768539429,"The houses are located in the background, nestled among the trees and slightly elevated compared to the tea fields in the foreground. They appear to be situated further back in the valley, beyond the expanse of the tea fields.","The houses are located in the background, nestled among the trees and slightly elevated compared to the tea fields in the foreground. They appear to be situated on the right side of the image, further back in the valley."
budget=4096_info_density_delay0_thumbattn,94,1.0000001192092896,0.9999998807907104,0.9999998807907104,0.9999998807907104,The white truck is positioned to the right of the trams in the image.,The white truck is positioned to the right of the trams in the image.
budget=4096_info_density_delay0_thumbattn,95,0.8685988187789917,0.534271240234375,0.793053925037384,0.6384357810020447,"In the image, the red car is positioned to the left of the black car.","In the image, the red car is positioned to the left of the black car. The red car is partially visible behind some trees on the left side of the scene, while the black car is more centrally located, also behind some trees but to the right of the red car. Both cars are parked in front of a building with a tower, near a body of water that reflects the structure. The red car is slightly higher up on the incline compared to the black car, which is positioned a bit lower on the right side."
budget=4096_info_density_delay0_thumbattn,96,0.97322016954422,0.9287537336349487,0.9214121699333191,0.9250683784484863,The pink banner is to the right of the green trash bin.,The pink banner is positioned to the left of the green trash bin.
budget=4096_info_density_delay0_thumbattn,97,0.802837073802948,0.7719681859016418,0.8282889723777771,0.799137532711029,"In the image, the person wearing a light brown hat is positioned to the right and slightly behind the person wearing a pink shirt. The person in the light brown hat appears to be standing closer to the stone structures, while the person in the pink shirt is further to the left and in front of them, closer to the grassy area.","In the image, the person wearing a light brown hat is positioned higher up and to the right compared to the person wearing a pink shirt. The person in the light brown hat appears to be standing on a higher level of the stone structure, while the person in the pink shirt is situated lower down, closer to the grassy area and steps. This vertical and horizontal positioning creates a clear distinction in their relative locations within the scene."
budget=4096_info_density_delay0_thumbattn,98,0.9503126740455627,0.846263587474823,0.7842648029327393,0.8140854239463806,"The white car is positioned to the left of the large white building when facing the building. It appears to be further back, near the base of the building, and is partially obscured by some structures or elements in the foreground.","The white car is located to the left of the large white building when facing it. It appears to be parked on the side, set back from the building itself."
budget=4096_info_density_delay0_thumbattn,99,1.0,1.0,1.0,1.0,"In the image, the black motorcycle is positioned to the left of the silver car. The silver car is parked on the right side near the building by the river, while the black motorcycle is slightly further back and to the left, closer to the water's edge.","In the image, the black motorcycle is positioned to the left of the silver car. The silver car is parked on the right side near the building by the river, while the black motorcycle is slightly further back and to the left, closer to the water's edge."
budget=4096_info_density_delay0_thumbattn,100,0.9691325426101685,0.8843717575073242,0.8106859922409058,0.8459272980690002,"The flag on the left side has three horizontal stripes. From top to bottom, the colors are black, red, and yellow. This is the flag of Germany.","The flag on the left side is the German flag, which consists of three horizontal stripes: black, red, and yellow."
budget=4096_info_density_delay0_thumbattn,101,0.9089369177818298,0.7815019488334656,0.674264669418335,0.7239335179328918,"The small white building is situated between the large industrial structure with the colorful mural and the body of water. It is positioned on the dock area, closer to the water's edge than the main industrial buildings. The building appears to be at a similar elevation to the water, as it is directly adjacent to the dock where a boat is also present. This placement suggests that the building might be used for purposes related to the waterfront activities, such as storage, maintenance, or operational support for the dock and boat facilities.","The small white building is located on the dock, which is adjacent to the water. It is positioned between the large industrial structure and the water's edge. The building is closer to the water than the large structure but further back from the water compared to the docked boat."
budget=4096_info_density_delay0_thumbattn,102,0.9134499430656433,0.9945933818817139,0.9945933818817139,0.9945933818817139,There are four computers visible on the table.,There are five computers visible on the table.
budget=4096_info_density_delay0_thumbattn,103,0.8865390419960022,0.7776978015899658,0.7536804676055908,0.7655007839202881,"The American flag is positioned on the left side of the image. It is hanging vertically, with the stars on the top left corner and stripes running horizontally. The flag is attached to a pole that is leaning against some of the items near the entrance of the shop.","The American flag is positioned on the left side of the image. It is attached to a pole and is located near some logs and other items in front of the building. The flag is partially visible, with its pole standing upright among the objects."
budget=4096_info_density_delay0_thumbattn,104,0.9184403419494629,0.8358659148216248,0.6444884538650513,0.7278067469596863,"The ""OPEN"" sign is located above the shop entrance, hanging from the wooden structure of the building. It is positioned towards the right side of the image, just above the various items displayed outside the store. The sign is illuminated with red neon lights, making it stand out against the rustic background of the shop.","The ""OPEN"" sign is located on the door of the shop in the image."
budget=4096_info_density_delay0_thumbattn,105,0.9478499889373779,0.9506851434707642,0.8319741487503052,0.8873770236968994,The totem pole is positioned behind and slightly to the left of the bear statue.,The totem pole is positioned behind the bear statue.
budget=4096_info_density_delay0_thumbattn,106,0.9456337094306946,0.8882308602333069,0.8642684817314148,0.8760858178138733,"The overhead electric wires are running parallel to the train and are positioned above the train tracks. They are angled slightly downwards towards the front of the train, indicating that they are likely part of the overhead power supply system for the electric locomotive.","The overhead electric wires are running parallel to the train and are positioned above the train tracks. They are angled slightly downwards towards the rear of the train, suggesting they are connected to the train's pantograph at the front."
budget=4096_info_density_delay0_thumbattn,107,1.0,1.0,1.0,1.0,"The person in the red jacket is positioned to the right of the large tree. They are walking along the hedge, while the large tree is prominently displayed on the left side of the image.","The person in the red jacket is positioned to the right of the large tree. They are walking along the hedge, while the large tree is prominently displayed on the left side of the image."
budget=4096_info_density_delay0_thumbattn,108,0.9029618501663208,0.8378201723098755,0.7846627235412598,0.810370683670044,"To the right of the image, there is a statue of an elephant. The elephant statue appears to be made of stone or a similar material and is positioned near the edge of the waterfall. It has a notable feature where water is flowing from its trunk into the pool below. The statue adds an interesting cultural or artistic element to the natural scenery of the waterfall and the surrounding forest.","The structure visible to the right of the image is a statue of an elephant. It appears to be positioned near the edge of the waterfall, partially surrounded by vegetation. The elephant statue has water flowing from its trunk into the pool below, adding to the aesthetic of the scene."
budget=4096_info_density_delay0_thumbattn,109,1.0000001192092896,0.9999999403953552,0.9999999403953552,0.9999999403953552,There are three people standing in front of the entrance of the building.,There are three people standing in front of the entrance of the building.
budget=4096_info_density_delay0_thumbattn,110,1.0,0.9999998807907104,0.9999998807907104,0.9999998807907104,The left tower is closer to the viewer than the right tower.,The left tower is closer to the viewer than the right tower.
budget=4096_info_density_delay0_thumbattn,111,0.9653581976890564,0.7468038201332092,0.8233351111412048,0.7832043766975403,"The building behind the statue is the ""District of Columbia Court of Appeals."" This is indicated by the inscription on the building's facade. The architectural style, featuring large columns and a pediment, is reminiscent of classical courthouse designs, often intended to convey a sense of justice and permanence. The presence of the statue of Abraham Lincoln further suggests a connection to American history and governance.","The building behind the statue is the ""District of Columbia Court of Appeals."" This is evident from the inscription on the building's facade, which clearly reads ""DISTRICT OF COLUMBIA COURT OF APPEALS."" The architectural style, featuring large columns and a pediment, is also characteristic of many government buildings in the United States, suggesting its official and judicial function. The statue in front of the building is of Abraham Lincoln, a prominent historical figure in the United States, which adds a significant historical element to the scene."
budget=4096_info_density_delay0_thumbattn,112,0.8717105388641357,0.8408589363098145,0.7579444646835327,0.7972517609596252,"The statue is located on the right side of the image. It depicts a figure on horseback and is positioned on a pedestal near a row of large columns. The statue is part of an outdoor setting, likely a courtyard or a public square, with classical architecture in the background.","The statue is located on the right side of the image. It depicts a mounted figure, positioned on a pedestal or base near the entrance of a building with large columns."
budget=4096_info_density_delay0_thumbattn,113,0.5238269567489624,0.7943346500396729,0.8734785318374634,0.8320287466049194,The object directly to the right of the main entrance of the church is a wooden awning or canopy.,"The object directly to the right of the main entrance of the church is a blue sign with the word ""ZATTO"" on it."
budget=4096_info_density_delay0_thumbattn,114,0.8182950019836426,0.8079750537872314,0.9014458656311035,0.8521549701690674,The child in the foreground is running towards the camera on the bridge.,"The child in the foreground is running forward on the bridge, towards the right side of the image."
budget=4096_info_density_delay0_thumbattn,115,0.7268927693367004,0.6027289032936096,0.5976196527481079,0.6001634001731873,"In the image, the person is located on the right side, while the building is situated on the left side. The person appears to be standing in a grassy area near the water's edge, whereas the building is positioned further back, amidst some trees. The person is also closer to the foreground compared to the building, which is set back more in the scene.","In the image, there is a body of water reflecting the sky and surrounding landscape. On the left side of the image, there is a building, and on the right side, there are trees. However, there is no person visible in the image. Therefore, I cannot determine the relative position of a person compared to the building since no person is present."
budget=4096_info_density_delay0_thumbattn,116,0.9006525874137878,0.8462616205215454,0.8338910341262817,0.8400307893753052,"To the right of the main house in the image, there is a smaller wooden structure. It appears to be a shed or a small outbuilding, situated near the trees and the shoreline.","To the right of the main house, there is a smaller building, possibly a shed or a boathouse. It is situated near the shoreline, surrounded by rocks and greenery."
budget=4096_info_density_delay0_thumbattn,117,0.9299947619438171,0.78155517578125,0.8605060577392578,0.8191326260566711,"The clock is located on the wall to the right side of the room, near the back wall which also features a large framed historical display. The clock is mounted above a wooden cabinet or console.","The clock is located on the wall to the right side of the room, near the large framed display of historical figures. It is positioned above a wooden cabinet or shelf that is part of the wall's molding. The clock has a round face with Roman numerals and is encased in a wooden frame."
budget=4096_info_density_delay0_thumbattn,118,0.8342534899711609,0.6857950687408447,0.7243156433105469,0.7045292258262634,"The component labeled ""Sony"" is positioned to the right of the component labeled ""Mavica."" The ""Sony"" component is a part of the camera body, while the ""Mavica"" component is a separate box, likely a battery or external storage unit, situated to the left of the camera body.","The component labeled ""Sony"" is positioned to the right of the component labeled ""Mavica."" The ""Sony"" component is a black body with a grip and buttons, while the ""Mavica"" component is a black box with the model number ""MVC-5000"" printed on it. The ""Sony"" component is also oriented with the grip facing upwards, similar to the orientation of the ""Mavica"" component."
budget=4096_info_density_delay0_thumbattn,119,1.0,1.0,1.0,1.0,"The word ""Swing"" is written on the parachute.","The word ""Swing"" is written on the parachute."
budget=4096_info_density_delay0_thumbattn,120,1.0,0.9999999403953552,0.9999999403953552,0.9999999403953552,"The word ""SWIRL"" is written on the parachute.","The word ""SWIRL"" is written on the parachute."
budget=4096_info_density_delay0_thumbattn,121,1.000000238418579,1.0,1.0,1.0,"The word ""SWOOP"" is written on the parachute.","The word ""SWOOP"" is written on the parachute."
budget=4096_info_density_delay0_thumbattn,122,1.0,1.0,1.0,1.0,"The word ""SPRING"" is written on the parachute.","The word ""SPRING"" is written on the parachute."
budget=4096_info_density_delay0_thumbattn,123,1.0,0.9999998807907104,0.9999998807907104,0.9999998807907104,"The word ""Dally"" is visible on the suitcase.","The word ""Dally"" is visible on the suitcase."
budget=4096_info_density_delay0_thumbattn,124,1.0,1.0,1.0,1.0,"The word ""Dolly"" is visible on the suitcase.","The word ""Dolly"" is visible on the suitcase."
budget=4096_info_density_delay0_thumbattn,125,0.6716974973678589,0.922745406627655,0.941752552986145,0.9321521520614624,"The word ""NORTH"" is written on the hang glider.","The word ""WISPA"" is written on the hang glider."
budget=4096_info_density_delay0_thumbattn,126,1.0000001192092896,1.0,1.0,1.0,"The word ""Cloudy"" is written on the hang glider.","The word ""Cloudy"" is written on the hang glider."
budget=4096_info_density_delay0_thumbattn,127,1.0,1.0,1.0,1.0,"The word ""Sunny"" is written on the hang glider.","The word ""Sunny"" is written on the hang glider."
budget=4096_info_density_delay0_thumbattn,128,0.8730453252792358,0.9623903036117554,0.9711973667144775,0.9667737483978271,"The word ""Storff"" is written on the hang glider.","The word ""Storv"" is written on the hang glider."
budget=4096_info_density_delay0_thumbattn,129,1.0,1.0000001192092896,1.0000001192092896,1.0000001192092896,The license plate number of the car is 217722 ROMA.,The license plate number of the car is 217722 ROMA.
budget=4096_info_density_delay0_thumbattn,130,0.8607819080352783,0.867220938205719,0.6767318248748779,0.7602254152297974,"The bird is positioned on the cobblestone pavement in front of the car, to the left side of the image when facing the car. It appears to be a small bird, possibly a sparrow, standing on the ground near the front left wheel of the car.","The bird is positioned to the left of the car, on the cobblestone pavement."
budget=4096_info_density_delay0_thumbattn,131,0.9834040403366089,0.9352443218231201,0.9715019464492798,0.9530284404754639,"The red rectangle on the sign reads ""Muzium Tekstil Negara,"" which translates to ""National Textile Museum.""","The text inside the red rectangle on the sign reads ""Muzium Tekstil Negara,"" which translates to ""National Textile Museum."""
budget=4096_info_density_delay0_thumbattn,132,0.8537781238555908,0.6968563795089722,0.7635027170181274,0.7286587953567505,"The red rectangle on the sign contains the text ""BANK"" along with a logo.","The red rectangle highlights part of the sign on the building, which reads ""BANK."" The full text on the building is ""AGRO BANK."""
budget=4096_info_density_delay0_thumbattn,133,1.0000001192092896,1.0,1.0,1.0,The taller white building is to the right of the National Textile Museum.,The taller white building is to the right of the National Textile Museum.
budget=4096_info_density_delay0_thumbattn,134,1.0,1.0,1.0,1.0,"The word ""family"" is written on the building to the left in the image.","The word ""family"" is written on the building to the left in the image."
budget=4096_info_density_delay0_thumbattn,135,0.9999999403953552,1.0,1.0,1.0,The car located to the right of the orange car is yellow.,The car located to the right of the orange car is yellow.
budget=4096_info_density_delay0_thumbattn,136,1.0,1.0,1.0,1.0,The object placed directly in front of the bench on the left side of the image is a bicycle.,The object placed directly in front of the bench on the left side of the image is a bicycle.
budget=4096_info_density_delay0_thumbattn,137,0.6325849890708923,0.8071364164352417,0.6259817481040955,0.7051095962524414,"In the image, there is a table on the right side where a woman in a striped shirt is standing. At this table, there are three people seated. The setting appears to be an outdoor café or restaurant area with several other tables and chairs nearby, under the shade of large umbrellas. The atmosphere is lively with people walking and enjoying the area, which is lined with tall palm trees.",There are two people seated at the table on the right side of the image where the woman in the striped shirt is standing.
budget=4096_info_density_delay0_thumbattn,138,1.0,0.9999997615814209,0.9999997615814209,0.9999997615814209,"Inside the partially built brick structure, there is a wooden box.","Inside the partially built brick structure, there is a wooden box."
budget=4096_info_density_delay0_thumbattn,139,1.0,0.9999998807907104,0.9999998807907104,0.9999998807907104,The chairs are positioned to the left of the bicycles.,The chairs are positioned to the left of the bicycles.
budget=4096_info_density_delay0_thumbattn,140,0.9310916662216187,0.7382507920265198,0.9239484071731567,0.8207266926765442,There are three bicycles parked near the building's entrance on the right side of the image.,"There are three bicycles visible near the building's entrance on the right side of the image. They are parked in a designated area next to the entrance, which is marked by the ""DB"" sign."
budget=4096_info_density_delay0_thumbattn,141,0.8062340021133423,0.6343072056770325,0.7572121620178223,0.6903319954872131,"The car is positioned to the left of the statue of the lion, behind the red rope barrier.","The car is located behind the statue of the lion, to the right side of the image. The lion statue is in the foreground, while the car is further back, partially obscured by the building and some greenery."
budget=4096_info_density_delay0_thumbattn,142,1.0000001192092896,1.000000238418579,1.000000238418579,1.000000238418579,The car is to the left of the central tower of the building.,The car is to the left of the central tower of the building.
budget=4096_info_density_delay0_thumbattn,143,1.0,0.9999998807907104,0.9999998807907104,0.9999998807907104,The primary function of the object in the red circle—a plastic water bottle—is to hold and transport drinking water.,The primary function of the object in the red circle—a plastic water bottle—is to hold and transport drinking water.
budget=4096_info_density_delay0_thumbattn,144,0.9820722341537476,0.8145758509635925,0.8780447840690613,0.845120370388031,"The label in the red circle on the water bottle says ""CASH REFUND."" This label typically indicates that the bottle is a deposit returnable for cash. In many places, such labels are used to encourage recycling by offering a small refund when the bottle is returned to a designated recycling center or store.","The label in the red circle on the water bottle says ""CASH REFUND."" This label typically indicates that the bottle is a deposit returnable for cash. In many places, consumers can return certain types of bottles and cans to a designated location to receive a refund for the deposit that was initially taken when the product was purchased. This is often done to encourage recycling and reduce waste."
budget=4096_info_density_delay0_thumbattn,145,0.9520442485809326,0.8433670401573181,0.7829204797744751,0.812020480632782,"The label in the red circle on the water bottle says ""Cash Refund."" This typically indicates that the bottle is a deposit returnable for cash when recycled. It's a common practice in many places to encourage recycling by offering a small refund for returned bottles.","The label in the red circle on the water bottle says ""Cash Refund."" This typically indicates that the bottle is recyclable and that a deposit will be refunded when the bottle is returned."
budget=4096_info_density_delay0_thumbattn,146,0.9522785544395447,0.7993531823158264,0.8388046622276306,0.8186038732528687,"The Chinese text in the red rectangle reads ""饶货南福同"". This phrase can be broken down as follows:

- 饶货 (ráo huò): This can be interpreted as ""abundant goods"" or ""rich products.""
- 南福 (nán fú): This means ""South Blessing"" or ""Southern Fortune.""
- 同 (tóng): This means ""together"" or ""same.""

So, the entire phrase roughly translates to ""Abundant Goods South Blessing Together"" or ""Rich Products, South Fortune Together."" It likely refers to a market or area known for its variety and prosperity of goods.","The Chinese text in the red rectangle reads ""饶货南福同"". This phrase can be broken down as follows:

- ���货 (ráo huò): This can be interpreted as ""abundant goods"" or ""rich products"".
- ��福同 (nán fú tóng): This part is a bit less straightforward but can be translated as ""South Blessing Same"" or ""Togetherness of Southern Blessing"".

So, the entire phrase ""饶货南福同"" roughly translates to ""Abundant Goods, South Blessing Same"" in English. It likely refers to a place known for its rich and abundant goods, possibly with a focus on southern products or a community-oriented market area."
budget=4096_info_density_delay0_thumbattn,147,0.8210698366165161,0.8422144651412964,0.7278530597686768,0.7808688282966614,"The two numbered locations that belong to the same country are:

- Location 1 and Location 2, which are both in China.","The two numbered locations that belong to the same country are 110 and 111, both located in Myanmar."
budget=4096_info_density_delay0_thumbattn,148,0.8864514827728271,0.7395610213279724,0.7032732963562012,0.720960795879364,"The two numbered locations that belong to the same country are:

- Location 1: This is in Myanmar (Burma).
- Location 2: This is also in Myanmar (Burma).

Both are located in the same country, Myanmar, in Southeast Asia.","The two numbered locations that belong to the same country are:

1. Location 1 (in the northwest part of China)
2. Location 2 (in the southwest part of China)

Both are within China."
budget=4096_info_density_delay0_thumbattn,149,0.8013585805892944,0.8940902948379517,0.8347338438034058,0.8633930683135986,The two numbered locations that belong to the same country are ③ and ④. Both are located in Japan.,"The two numbered locations that belong to the same country are 2 and 3, both of which are in Russia."
budget=4096_info_density_delay0_thumbattn,150,0.8544743061065674,0.6200499534606934,0.7762686610221863,0.6894205212593079,The two numbered locations that belong to the same country are ① and ②. Both are located in China.,"The two numbered locations that belong to the same country are:

1. Location 1 (top right)
2. Location 2 (bottom right)

Both of these locations are in Russia."
budget=4096_info_density_delay0_thumbattn,151,0.8679443597793579,0.7654043436050415,0.8301029205322266,0.7964417934417725,"The numbered locations 2 and 4 belong to the same country, Japan.",The two numbered locations that belong to the same country are numbers 2 and 3. Both are located in Japan.
budget=4096_info_density_delay0_thumbattn,152,0.9350761771202087,0.8765279054641724,0.8239742517471313,0.8494390249252319,"The two numbered locations that belong to the same country are ③ and ④, both of which are in Japan.",The two numbered locations that belong to the same country are numbers 1 and 2. Both are part of Japan.
budget=4096_info_density_delay0_thumbattn,153,0.9830427169799805,0.9860260486602783,0.9726952314376831,0.9793152213096619,The two numbered locations that belong to the same country are numbers 2 and 3. Both are located in Japan.,The two numbered locations that belong to the same country are numbers 2 and 4. Both are in Japan.
budget=4096_info_density_delay0_thumbattn,154,0.8008312582969666,0.8096302151679993,0.6015962958335876,0.6902797222137451,"The two numbered locations that belong to the same country are:

- Location 2 (Iceland)
- Location 3 (Faroe Islands)

Both are part of Denmark.","The two numbered locations that belong to the same country are numbers 2 and 3, both of which are in Japan."
budget=4096_info_density_delay0_thumbattn,155,0.7953290939331055,0.7685216069221497,0.5575736165046692,0.6462693810462952,"The two numbered locations that belong to the same country are:

- Location 3: This is in Central America, specifically in Nicaragua.
- Location 2: This is also in Central America, specifically in Costa Rica.

Both locations are in the Central American region, which is part of the Americas.","The two numbered locations that belong to the same country are numbers 2 and 3, both of which are in Russia."
budget=4096_info_density_delay0_thumbattn,156,0.8549633026123047,0.515449583530426,0.7157418131828308,0.5993037819862366,"The two numbered locations that belong to the same country are:

- Location 1 and Location 3, both of which are in Mexico.","The two numbered locations that belong to the same country are:

- Location 1: This is in the northern part of South America, specifically in Venezuela.
- Location 2: This is in the central part of South America, specifically in Colombia.

Both locations are in South America but belong to different countries. However, if you meant to identify locations within the same country based on proximity or another criterion, please clarify, and I can assist further!"
budget=4096_info_density_delay0_thumbattn,157,0.7839632630348206,0.645209014415741,0.6491604447364807,0.6471787095069885,"The two numbered locations that belong to the same country are:

- Location 3 (central part of the country with a large lake)
- Location 4 (eastern part of the country, near the coast)

Both of these locations are in Canada.","The two numbered locations that belong to the same country are both in Russia. Location 1 is on the island of Olkhon in Lake Baikal, and location 2 is in the Sakha Republic (Yakutia), near the Verkhoyansk Mountains. Both areas are part of Russia."
budget=4096_info_density_delay0_thumbattn,158,0.8302825689315796,0.7980525493621826,0.6498187780380249,0.7163475751876831,"The two numbered locations that belong to the same country are:

- Location 3 (Alaska) and Location 2 (Northern Canada)

Both are in Canada.","The two numbered locations that belong to the same country are numbers 3 and 4, both of which are in Mexico."
budget=4096_info_density_delay0_thumbattn,159,1.0,1.0,1.0,1.0,The red rectangle highlights the face of George Washington on Mount Rushmore.,The red rectangle highlights the face of George Washington on Mount Rushmore.
budget=4096_info_density_delay0_thumbattn,160,1.0,1.0,1.0,1.0,The red rectangle highlights the face of Thomas Jefferson on Mount Rushmore.,The red rectangle highlights the face of Thomas Jefferson on Mount Rushmore.
budget=4096_info_density_delay0_thumbattn,161,1.0,1.0000001192092896,1.0000001192092896,1.0000001192092896,The red rectangle on Mount Rushmore highlights the face of George Washington.,The red rectangle on Mount Rushmore highlights the face of George Washington.
budget=4096_info_density_delay0_thumbattn,162,0.8019089698791504,0.5976333618164062,0.8775873184204102,0.7110467553138733,The red rectangle highlights the face of George Washington on Mount Rushmore.,"The red rectangle highlights the face of **Abraham Lincoln**, the 16th President of the United States. He is the third figure from the left on Mount Rushmore, with his face carved into the granite alongside George Washington, Thomas Jefferson, and Theodore Roosevelt. Lincoln's depiction is iconic, symbolizing his leadership during the Civil War and his role in preserving the Union."
budget=4096_info_density_delay0_thumbattn,163,1.0,1.0,1.0,1.0,The red rectangle highlights the face of George Washington on Mount Rushmore.,The red rectangle highlights the face of George Washington on Mount Rushmore.
budget=4096_info_density_delay0_thumbattn,164,1.0,1.0,1.0,1.0,The red rectangle highlights the face of Thomas Jefferson on Mount Rushmore.,The red rectangle highlights the face of Thomas Jefferson on Mount Rushmore.
budget=4096_info_density_delay0_thumbattn,165,0.8696317672729492,0.980772078037262,0.980772078037262,0.980772078037262,The red rectangle highlights the face of Thomas Jefferson on Mount Rushmore.,The red rectangle highlights the face of George Washington on Mount Rushmore.
budget=4096_info_density_delay0_thumbattn,166,1.0000001192092896,1.0,1.0,1.0,The red rectangle on Mount Rushmore highlights the face of Thomas Jefferson.,The red rectangle on Mount Rushmore highlights the face of Thomas Jefferson.
budget=4096_info_density_delay0_thumbattn,167,1.0000001192092896,0.9999998807907104,0.9999998807907104,0.9999998807907104,97,97
budget=4096_info_density_delay0_thumbattn,168,0.5508618950843811,0.5089101195335388,0.6608725190162659,0.5750209093093872,47,39.5
budget=4096_info_density_delay0_thumbattn,169,1.0000001192092896,0.9999998807907104,0.9999998807907104,0.9999998807907104,97,97
budget=4096_info_density_delay0_thumbattn,170,0.7621657252311707,0.7839943170547485,0.7839943170547485,0.7839943170547485,60,52
budget=4096_info_density_delay0_thumbattn,171,1.0000001192092896,0.9999998807907104,0.9999998807907104,0.9999998807907104,97,97
budget=4096_info_density_delay0_thumbattn,172,0.8134608268737793,0.8528871536254883,0.8528871536254883,0.8528871536254883,50,40
budget=4096_info_density_delay0_thumbattn,173,0.7045742273330688,0.8281033635139465,0.8281033635139465,0.8281033635139465,97,105
budget=4096_info_density_delay0_thumbattn,174,0.8949413895606995,0.8866455554962158,0.8866455554962158,0.8866455554962158,40,41
budget=4096_info_density_delay0_thumbattn,175,0.6534995436668396,0.7652410864830017,0.7652410864830017,0.7652410864830017,97,100
budget=4096_info_density_delay0_thumbattn,176,0.5445021986961365,0.7929152250289917,0.7929152250289917,0.7929152250289917,49,84
budget=4096_info_density_delay0_thumbattn,177,0.7440947890281677,0.9016561508178711,0.9091012477874756,0.9053633809089661,"The flag in the image is red, white, and blue.","The flag on the boat is red, white, and blue."
budget=4096_info_density_delay0_thumbattn,178,1.000000238418579,0.9999998807907104,0.9999998807907104,0.9999998807907104,The car is red.,The car is red.
budget=4096_info_density_delay0_thumbattn,179,0.945114016532898,0.9339202642440796,0.9167641997337341,0.9252627491950989,"There is no house visible in the image. The landscape features rocky terrain, patches of water, and distant mountains.","There is no house in the image. The landscape features rocky cliffs, sandy terrain, and patches of water."
budget=4096_info_density_delay0_thumbattn,180,1.0,0.9999998211860657,0.9999998211860657,0.9999998211860657,There are three people on the boat.,There are three people on the boat.
budget=4096_info_density_delay0_thumbattn,181,0.9627582430839539,0.8422508239746094,0.8376858830451965,0.8399621844291687,There isn't a car visible in the image. The picture shows a rocky island in a body of water with some distant land and floating objects.,There isn't a car in the image. It shows a rocky island in the middle of a body of water with a clear blue sky in the background.
budget=4096_info_density_delay0_thumbattn,182,0.8247605562210083,0.7164125442504883,0.7009445428848267,0.7085940837860107,"The most prominently visible piece of equipment in the person's possession is the golf club, which is partially visible in their right hand. The club has a black grip and a silver head, indicating it is likely a driver or a wood, which are common clubs used for long-distance shots on a golf course. The club is attached to a golf bag, which is also a piece of equipment essential for carrying multiple clubs during a game of golf.","The most prominently visible piece of equipment in the person's possession is the golf bag. It is large, with a red and black color scheme, and has several golf clubs attached to it. The bag also has a glove hanging from it and a water bottle attached to the top. The bag appears to be well-used, with visible signs of wear and tear, such as a hole in the fabric."
budget=4096_info_density_delay0_thumbattn,183,1.0,1.0000001192092896,1.0000001192092896,1.0000001192092896,"The flag on the left is the flag of Germany. It features three horizontal stripes of black, red, and yellow.","The flag on the left is the flag of Germany. It features three horizontal stripes of black, red, and yellow."
budget=4096_info_density_delay0_thumbattn,184,0.9858635663986206,0.905209481716156,0.9003514647483826,0.902773916721344,"The flag on the right is the flag of Bavaria, representing the German federal state of Bavaria (Bayern). The blue and white stripes are characteristic of the Bavarian flag.","The flag on the right is the flag of Bavaria, representing the German federal state of Bavaria (Bayern). The flag features a blue and white design with a horizontal stripe pattern."
budget=4096_info_density_delay0_thumbattn,185,0.9350462555885315,0.8053011298179626,0.8493905067443848,0.8267584443092346,"The ship in the image displays the flag of the Netherlands. The flag features horizontal stripes of red, white, and blue, with a red circle in the top left corner (known as the ""Prinsentros"" or ""Prince's Circle""). This flag is commonly associated with the Royal Netherlands Navy. Therefore, the naval ship depicted is from the Netherlands.","The flag shown in the image is the national flag of the Netherlands. The flag features horizontal stripes of red, white, and blue, with a red disc (known as the ""Wilhelmina rose"") in the top left corner (the hoist side) on a white stripe. This flag is commonly flown by the Dutch Navy, and naval ships from the Netherlands would display this flag.

Therefore, the naval ship depicted in the image belongs to the Netherlands."
budget=4096_info_density_delay0_thumbattn,186,0.9909861087799072,0.9106818437576294,0.935967743396759,0.9231516718864441,"The license plate on the vehicle in the image indicates that it is registered in Iceland. The license plate format and the ""ER"" prefix are characteristic of Icelandic vehicle registration plates. Additionally, the setting of the image, featuring a rugged and volcanic landscape, is consistent with Iceland's distinctive geographical features.","The license plate on the vehicle in the image indicates that it is registered in Iceland. The license plate format and the distinctive ""ER"" followed by numbers are characteristic of Icelandic license plates. Additionally, the setting of the image, featuring the unique volcanic landscapes and mountains, aligns with Iceland's well-known natural scenery."
budget=4096_info_density_delay0_thumbattn,187,0.9648540019989014,0.9263401031494141,0.9120094776153564,0.9191188812255859,"The square white adapter in the image is an Apple USB power adapter. Steve Jobs, along with Steve Wozniak, co-founded Apple Inc., the company that manufactures Apple products.","The square white adapter in the image is an Apple USB power adapter. Steve Jobs, along with Steve Wozniak, founded Apple Inc., the company that manufactures this adapter."
budget=4096_info_density_delay0_thumbattn,188,0.9845792055130005,0.9598228335380554,0.9653662443161011,0.9625865817070007,"The image shows a large industrial building with a colorful mural on one side, situated next to a body of water. There is no blue backpack or airplane visible in the image. Therefore, I can't determine the position of a blue backpack relative to an airplane as these objects are not present in the photograph.","The image shows a large building with a colorful mural on it, situated next to a body of water with a boat docked nearby. There is no blue backpack or airplane visible in the image. Therefore, I cannot determine the position of a blue backpack relative to an airplane as these objects are not present in the photograph."
budget=4096_info_density_delay0_thumbattn,189,0.8888946175575256,0.6062973737716675,0.8092904090881348,0.6932394504547119,The blue backpack is to the right of the umbrella.,"The blue backpack is on the ground near the railing, while the umbrella is being held by a person standing close to the building. The backpack is positioned to the right of where the umbrella is being held."
budget=4096_info_density_delay0_thumbattn,190,1.0,0.9999997615814209,0.9999997615814209,0.9999997615814209,The blue backpack is positioned to the right of the wooden box.,The blue backpack is positioned to the right of the wooden box.
budget=4096_info_density_delay0_thumbattn,191,0.9022198915481567,0.9312309622764587,0.8637514114379883,0.8962227702140808,The wooden jewelry box is to the right of the clock when facing the fireplace.,The wooden jewelry box is positioned to the right of the clock.
budget=4096_info_density_delay0_thumbattn,192,0.7564846873283386,0.910103976726532,0.910103976726532,0.910103976726532,There are two chairs in the image.,There is one chair in the image.
budget=4096_info_density_delay0_thumbattn,193,0.8026895523071289,0.9476442933082581,0.8322566747665405,0.8862102627754211,"The chairs are facing away from the viewer, towards the window.",The chairs are facing towards the window.
budget=4096_info_density_delay0_thumbattn,194,1.0,0.9999998211860657,0.9999998211860657,0.9999998211860657,The blue backpack is positioned to the left of the warning sign.,The blue backpack is positioned to the left of the warning sign.
budget=4096_info_density_delay0_thumbattn,195,0.7432636022567749,0.6199271082878113,0.7988258004188538,0.698097288608551,"The black car is ahead of the tram, further up the street.","The black car is positioned to the left of the tram, closer to the bottom of the image. The tram is more towards the center-right of the image, traveling along the tracks."
budget=4096_info_density_delay0_thumbattn,196,0.8023664951324463,0.990974485874176,0.990974485874176,0.990974485874176,There are three people in the image.,There are four people in the image.
budget=4096_info_density_delay0_thumbattn,197,0.8004469275474548,0.9927067160606384,0.9927067160606384,0.9927067160606384,There are five people in the image.,There are four people in the image.
budget=4096_info_density_delay0_thumbattn,198,0.7168947458267212,0.9610323905944824,0.9315064549446106,0.9460391402244568,"There are two people in the image. One person is prominently featured in the foreground, wearing a brown outfit and a hat, while the other person is partially visible in the background.","There are two people in the image. One person is prominently featured in the foreground, sitting and smiling, while the other person is partially visible in the background."
budget=4096_info_density_delay0_thumbattn,199,0.729198694229126,0.7738966345787048,0.6336531043052673,0.6967881917953491,"The boat is positioned on the left side of the image, while the buildings are on the right side. The boat is further away from the shore compared to the buildings.",The boat is to the left of the buildings.
budget=5120_info_density_delay0_thumbattn,0,1.0000001192092896,1.0,1.0,1.0,The number displayed above the entrance is 27B.,The number displayed above the entrance is 27B.
budget=5120_info_density_delay0_thumbattn,1,1.0000001192092896,1.0000004768371582,1.0000004768371582,1.0000004768371582,The mailbox is blue.,The mailbox is blue.
budget=5120_info_density_delay0_thumbattn,2,0.97650146484375,0.9935876131057739,0.9935876131057739,0.9935876131057739,The mailbox is on the left side of the woman.,The mailbox is on the right side of the woman.
budget=5120_info_density_delay0_thumbattn,3,0.9949910640716553,0.9875649809837341,0.9823727607727051,0.984961986541748,"The white board in front of the girl in purple shorts has the text ""Elevate"" written on it.","The white board in front of the girl in purple shorts has the word ""Elevate"" written on it."
budget=5120_info_density_delay0_thumbattn,4,0.7371129393577576,0.8378868699073792,0.8759176731109619,0.8564803600311279,"The text on the blue golf ball holder reads ""Mizuno"".","The text on the blue golf ball holder reads ""New Jersey"" and ""Natural."""
budget=5120_info_density_delay0_thumbattn,5,1.0,0.9999998211860657,0.9999998211860657,0.9999998211860657,The golf ball holder is blue.,The golf ball holder is blue.
budget=5120_info_density_delay0_thumbattn,6,1.0,1.0,1.0,1.0,The license plate number of the car is RK 879.,The license plate number of the car is RK 879.
budget=5120_info_density_delay0_thumbattn,7,0.7779174447059631,0.902826189994812,0.8940250277519226,0.8984041213989258,The person is sitting on the driver's side of the car.,The person is sitting on the rear right side of the car.
budget=5120_info_density_delay0_thumbattn,8,0.9999998807907104,1.0000001192092896,1.0000001192092896,1.0000001192092896,"The water bottle is placed on a small table or surface in front of the person, to their right side (on the left side of the image).","The water bottle is placed on a small table or surface in front of the person, to their right side (on the left side of the image)."
budget=5120_info_density_delay0_thumbattn,9,1.0000001192092896,0.9719789028167725,0.9719789028167725,0.9719789028167725,"The brand mentioned on the black rectangular device located at the left of the image is ""INsignia.""","The brand mentioned on the black rectangular device located at the left of the image is ""INSIGNIA."""
budget=5120_info_density_delay0_thumbattn,10,1.0,1.0,1.0,1.0,"The text written above the logo on the jacket's sleeve is ""epic"".","The text written above the logo on the jacket's sleeve is ""epic""."
budget=5120_info_density_delay0_thumbattn,11,0.9430870413780212,0.8017444610595703,0.8310093283653259,0.816114604473114,"The person in the background is wearing white gloves. They appear to be a type of work or utility gloves, possibly designed for grip and protection.",The person in the background is wearing white gloves that look like they might be used for cleaning or handling equipment. They could possibly be gardening gloves or some type of work gloves.
budget=5120_info_density_delay0_thumbattn,12,0.8998200297355652,0.9318032264709473,0.9499309062957764,0.9407797455787659,The person is standing behind the recycle bin.,The person is standing in front of the recycle bin.
budget=5120_info_density_delay0_thumbattn,13,0.7727087736129761,0.7622433304786682,0.823840856552124,0.791845977306366,"The number written on the sign in the background is ""08-26"".","The number written on the sign in the background is ""20"". The sign reads ""00-20""."
budget=5120_info_density_delay0_thumbattn,14,0.5981535911560059,0.7830008864402771,0.7405791282653809,0.7611993551254272,The sign in the image is yellow.,There is no sign visible in the image.
budget=5120_info_density_delay0_thumbattn,15,0.9599730968475342,0.8292834758758545,0.9416499733924866,0.8819019198417664,The umbrella is blue.,The umbrella in the image is blue.
budget=5120_info_density_delay0_thumbattn,16,0.5038454532623291,0.5743957161903381,0.6697629690170288,0.6184242367744446,"The title of the framed poster visible in the image is ""The Book of Kells.""","The image shows the interior of a cathedral with Gothic architecture, featuring stained glass windows, stone arches, and wooden pews. There is no framed poster visible in the image."
budget=5120_info_density_delay0_thumbattn,17,1.0000001192092896,1.0,1.0,1.0,"The barge on the left side of the image is named ""Peter Lind.""","The barge on the left side of the image is named ""Peter Lind."""
budget=5120_info_density_delay0_thumbattn,18,0.6135274171829224,0.9915571808815002,0.9915571808815002,0.9915571808815002,"The neon ""OPEN"" sign hanging above the items for sale is blue.","The neon ""OPEN"" sign hanging above the items for sale is red."
budget=5120_info_density_delay0_thumbattn,19,1.0,0.9999999403953552,0.9999999403953552,0.9999999403953552,"The road sign directly below the American flag reads ""ONE WAY.""","The road sign directly below the American flag reads ""ONE WAY."""
budget=5120_info_density_delay0_thumbattn,20,1.0,0.9999999403953552,0.9999999403953552,0.9999999403953552,"The number written on the front of the train is ""460 112-6"".","The number written on the front of the train is ""460 112-6""."
budget=5120_info_density_delay0_thumbattn,21,0.9722394347190857,0.9708982706069946,0.8597073554992676,0.9119259119033813,"In the image, there are three dogs being walked. They are all on leashes and being led by a person dressed in a red jacket. The setting appears to be a park or a similar outdoor area with a hedge in the background and a clear blue sky above. The autumn foliage adds a nice touch to the scene, with the grass and fallen leaves indicating the season.","In the image, there are three dogs being walked. They are all on leashes and being led by a person dressed in a red jacket. The setting appears to be a park or a similar outdoor area with a hedge in the background and a clear blue sky above."
budget=5120_info_density_delay0_thumbattn,22,1.0,1.0000001192092896,1.0000001192092896,1.0000001192092896,There isn't a bike visible in the image.,There isn't a bike visible in the image.
budget=5120_info_density_delay0_thumbattn,23,0.9745547771453857,0.7938241958618164,0.7836920022964478,0.7887254953384399,"The image shows a tall, cylindrical building with a distinctive geometric pattern on its facade, situated next to a river. The building appears to be part of a modern architectural complex that includes a lower structure with a sloped roof.

Regarding the signboard attached to the building, there is no clearly visible signboard on the part of the building that is prominently displayed in the image. If the signboard is present but not easily noticeable due to the angle or distance, it might be difficult to determine its shape accurately. However, based on the visible portion of the building, no distinct signboard shape can be identified.","The image shows a tall, cylindrical building with a distinctive geometric pattern on its facade, situated next to a river. The building appears to be part of a modern architectural complex that includes other structures with unique designs.

As for the shape of the signboard attached to the building, there is no clearly visible signboard on the building in this image. The focus seems to be more on the architectural design of the building itself rather than on any signage. Therefore, I cannot determine the shape of a signboard that might be present but not easily discernible from this view."
budget=5120_info_density_delay0_thumbattn,24,1.0,0.9999998807907104,0.9999998807907104,0.9999998807907104,The text on the signboard is not clearly visible in the image.,The text on the signboard is not clearly visible in the image.
budget=5120_info_density_delay0_thumbattn,25,0.9908450841903687,0.9696714878082275,0.9720050096511841,0.970836877822876,"The orange building is located to the left of the cylindrical green building when facing the image. The cylindrical green building stands prominently on the right side, while the orange building is positioned further back and to the left, closer to the water's edge.","The orange building is located to the left of the cylindrical green building in the image. The cylindrical green building stands prominently on the right side, while the orange building is positioned further back and slightly to the left, closer to the water's edge."
budget=5120_info_density_delay0_thumbattn,26,0.7066739797592163,0.8752949237823486,0.8424659967422485,0.8585667610168457,"The signboard above the left door reads ""Abri de Patoud.""","The signboard above the left door reads ""pinatubo."""
budget=5120_info_density_delay0_thumbattn,27,0.5794149041175842,0.8780732154846191,0.8936318755149841,0.8857842087745667,The man wearing a yellow shirt is carrying a black backpack.,The man wearing a yellow shirt is not carrying a backpack.
budget=5120_info_density_delay0_thumbattn,28,0.7154181003570557,0.47302958369255066,0.7215281128883362,0.5714318752288818,The girl wearing a blue top is sitting on the left side of the man wearing a yellow shirt.,"The girl wearing a blue top is sitting on the left side of the man wearing a yellow shirt. 

To break it down logically:
1. The man in the yellow shirt is positioned slightly to the right of the girl in the blue top.
2. Observing their relative positions, it's clear the girl is on the left side when facing the direction they are walking.
3. The seating arrangement and their walking direction further confirm this positioning.

Thus, the girl in the blue top is sitting on the left side of the man in the yellow shirt."
budget=5120_info_density_delay0_thumbattn,29,1.0,1.0,1.0,1.0,The clock shows a time of approximately 6:10.,The clock shows a time of approximately 6:10.
budget=5120_info_density_delay0_thumbattn,30,1.0,1.0,1.0,1.0,The river is flowing from the bottom right to the top left relative to the clock tower.,The river is flowing from the bottom right to the top left relative to the clock tower.
budget=5120_info_density_delay0_thumbattn,31,0.7888911962509155,0.744901180267334,0.7110668420791626,0.7275908589363098,"In the middle of the water, there is a small island with a tree and a decorative structure. The structure appears to be a small, illuminated gazebo or亭子, which is a type of open-air pavilion often found in parks. It is surrounded by water and has a light source that makes it stand out against the darker background. The island is also adorned with some greenery, contributing to the serene and picturesque setting.","In the middle of the water, there is a small, circular island with a weeping willow tree. The island is illuminated by lights, creating a warm and inviting glow. There is also a small structure or bench on the island, which appears to be a decorative or functional element within the park setting. The island adds a picturesque focal point to the serene scene of the river or canal."
budget=5120_info_density_delay0_thumbattn,32,1.0,1.0000001192092896,1.0000001192092896,1.0000001192092896,The speed limit indicated by the sign in the image is 20 km/h.,The speed limit indicated by the sign in the image is 20 km/h.
budget=5120_info_density_delay0_thumbattn,33,1.0000001192092896,0.9999998211860657,0.9999998211860657,0.9999998211860657,The year inscribed on the sundial is 1762.,The year inscribed on the sundial is 1762.
budget=5120_info_density_delay0_thumbattn,34,0.9956066012382507,0.9740538001060486,0.9861697554588318,0.9800742864608765,"The message on the sign reads ""KHU VỰC NGUY HIỂM KHÔNG NHẤY,"" which translates to ""Dangerous Area, Do Not Enter"" in English.","The message on the sign reads ""KHU VỰC NGUY HIỂM KHÔNG NHẬP VÀO,"" which translates to ""Dangerous Area, Do Not Enter"" in English."
budget=5120_info_density_delay0_thumbattn,35,1.0,1.0000001192092896,1.0000001192092896,1.0000001192092896,"The hazard numbers on the left side storage container's label are ""1"" and ""8"".","The hazard numbers on the left side storage container's label are ""1"" and ""8""."
budget=5120_info_density_delay0_thumbattn,36,1.0,0.9999999403953552,0.9999999403953552,0.9999999403953552,"The ""1"" on the left side hazard label of the storage container is black.","The ""1"" on the left side hazard label of the storage container is black."
budget=5120_info_density_delay0_thumbattn,37,0.6216638088226318,0.975618839263916,0.975618839263916,0.975618839263916,The surveillance camera is silver.,The surveillance camera is white.
budget=5120_info_density_delay0_thumbattn,38,1.0,1.0,1.0,1.0,"The text on the sign attached to the wall of the building reads ""Saint-Paul.""","The text on the sign attached to the wall of the building reads ""Saint-Paul."""
budget=5120_info_density_delay0_thumbattn,39,0.8448243141174316,0.8307148814201355,0.8450520038604736,0.8378220796585083,"There isn't a car clearly visible in the image. The focus is on the town, buildings, and bridge reflected in the water.",There doesn't appear to be any car visible in the image. The scene shows a town with buildings and a bridge over a river at twilight.
budget=5120_info_density_delay0_thumbattn,40,1.0,1.0,1.0,1.0,The girl is wearing a pink shirt.,The girl is wearing a pink shirt.
budget=5120_info_density_delay0_thumbattn,41,0.5997523069381714,0.6300289630889893,0.7569584846496582,0.6876857876777649,The car in the image appears to be white.,"There isn't a car visible in the image. The scene shows a scenic area with boats, trees, and a traditional building near a body of water."
budget=5120_info_density_delay0_thumbattn,42,0.7607802152633667,0.7924745678901672,0.8638617992401123,0.8266298174858093,The person in the image is wearing dark clothing.,The primary color of the person's clothing in the image is dark blue.
budget=5120_info_density_delay0_thumbattn,43,0.9999999403953552,1.0000001192092896,1.0000001192092896,1.0000001192092896,There is no flag visible in the image.,There is no flag visible in the image.
budget=5120_info_density_delay0_thumbattn,44,1.0,1.000000238418579,1.000000238418579,1.000000238418579,"The street sign on the pole near the center bottom of the image indicates ""Michigan Ave.""","The street sign on the pole near the center bottom of the image indicates ""Michigan Ave."""
budget=5120_info_density_delay0_thumbattn,45,0.6430065035820007,0.9702603816986084,0.9702603816986084,0.9702603816986084,The number written on the boat is 4.,The number written on the boat is 62.
budget=5120_info_density_delay0_thumbattn,46,1.0,1.000000238418579,1.000000238418579,1.000000238418579,The person in the image is wearing a blue shirt.,The person in the image is wearing a blue shirt.
budget=5120_info_density_delay0_thumbattn,47,0.8127988576889038,0.9173825979232788,0.8901640772819519,0.9035683870315552,"The flag in the image is white. It is located near the top right section of the image, attached to a pole on the side of a building. The flag stands out against the darker background of the surrounding buildings and street.","The flag in the image is red. It's located near the top center of the image, attached to a pole on the sidewalk. The flag stands out against the backdrop of the buildings and the street."
budget=5120_info_density_delay0_thumbattn,48,0.5828108191490173,0.6058087348937988,0.7102042436599731,0.6538658142089844,The figurine on the shelf is wearing a red uniform.,"The image doesn't show a figurine on a shelf. It depicts a dining room with a table set for a meal, featuring chairs, a chandelier, and various decorative elements."
budget=5120_info_density_delay0_thumbattn,49,1.0,1.0000001192092896,1.0000001192092896,1.0000001192092896,The visible vehicle in the image is white.,The visible vehicle in the image is white.
budget=5120_info_density_delay0_thumbattn,50,1.0000001192092896,0.9999995827674866,0.9999995827674866,0.9999995827674866,The climber's hat is red.,The climber's hat is red.
budget=5120_info_density_delay0_thumbattn,51,1.0000001192092896,1.0,1.0,1.0,The trailer in the image is orange.,The trailer in the image is orange.
budget=5120_info_density_delay0_thumbattn,52,0.5978679656982422,0.6265524625778198,0.571041464805603,0.5975104570388794,The phone number on the boat is 0905 87 38 38.,"The image shows a boat on a beach, but the resolution isn't high enough to clearly make out any phone numbers on the boat."
budget=5120_info_density_delay0_thumbattn,53,1.0000001192092896,0.9999999403953552,0.9999999403953552,0.9999999403953552,The motorcycle is red.,The motorcycle is red.
budget=5120_info_density_delay0_thumbattn,54,1.0,0.9999999403953552,0.9999999403953552,0.9999999403953552,"The title of the book displayed prominently on the stand is ""Holy Bible.""","The title of the book displayed prominently on the stand is ""Holy Bible."""
budget=5120_info_density_delay0_thumbattn,55,1.0,1.0000001192092896,1.0000001192092896,1.0000001192092896,The flowers in the image are purple. They are placed on the bed near the center.,The flowers in the image are purple. They are placed on the bed near the center.
budget=5120_info_density_delay0_thumbattn,56,1.0,0.9999998211860657,0.9999998211860657,0.9999998211860657,The phone number listed on the building in the foreground is 415-555-0199.,The phone number listed on the building in the foreground is 415-555-0199.
budget=5120_info_density_delay0_thumbattn,57,0.8856874704360962,0.9864073991775513,0.9864073991775513,0.9864073991775513,The number written on the blue tag is 20.,The number written on the blue tag is 23.
budget=5120_info_density_delay0_thumbattn,58,1.0,1.0,1.0,1.0,The registration number of the boat is TN-01-00026.,The registration number of the boat is TN-01-00026.
budget=5120_info_density_delay0_thumbattn,59,0.8008928894996643,0.8843712210655212,0.6763460636138916,0.7664949893951416,"The flag flying on the top of the boat appears to have three horizontal stripes. The top stripe is yellow, the middle stripe is blue, and the bottom stripe is red.",The flag flying on the top of the boat is yellow and red.
budget=5120_info_density_delay0_thumbattn,60,1.0000001192092896,1.000000238418579,1.000000238418579,1.000000238418579,The model number of the train shown in the image is 2001.,The model number of the train shown in the image is 2001.
budget=5120_info_density_delay0_thumbattn,61,1.0,1.000000238418579,1.000000238418579,1.000000238418579,The person in the image is wearing a blue shirt.,The person in the image is wearing a blue shirt.
budget=5120_info_density_delay0_thumbattn,62,1.0,1.0,1.0,1.0,"The sign reads ""Public Parking.""","The sign reads ""Public Parking."""
budget=5120_info_density_delay0_thumbattn,63,0.9315825700759888,0.9520882368087769,0.9401281476020813,0.9460703730583191,"The license plate number of the vehicle in the image is ""W-22-14.""","The license plate number of the vehicle in the image is ""W-221-TV."""
budget=5120_info_density_delay0_thumbattn,64,0.749052107334137,0.6559425592422485,0.6509450674057007,0.6534342765808105,"In the image, the person is positioned to the left of the car. The car is parked on the brick-paved area near the building, and the person appears to be standing close to the front of the car, slightly behind it. The person is wearing a yellow shirt and seems to be engaged in an activity near the boat, possibly related to the equipment or the docking process. The car is situated further back on the right side of the image, near the building with a sloped roof.","In the image, the person is standing on the dock next to the ship, while the car is parked further down the dock, away from the person. The person appears to be closer to the ship, near some equipment and hoses, whereas the car is positioned towards the right side of the image, further back on the dock. So, relative to the car, the person is to the left and closer to the ship."
budget=5120_info_density_delay0_thumbattn,65,0.5753207206726074,0.6973986625671387,0.8134252429008484,0.750956654548645,There is no car visible in the image.,"The image does not show any car, so I can't determine its color."
budget=5120_info_density_delay0_thumbattn,66,1.0,0.9999998211860657,0.9999998211860657,0.9999998211860657,The person in the image is wearing blue pants.,The person in the image is wearing blue pants.
budget=5120_info_density_delay0_thumbattn,67,0.7394681572914124,0.5594826340675354,0.5646584630012512,0.5620586276054382,"The flag in the image is the flag of Chile. It features a blue field with a white square in the upper left corner. Inside the white square, there is a yellow sun with 28 rays, and below the sun, there are eight five-pointed stars arranged in a semicircle. The flagpole is red. So, the colors of the flag are blue, white, yellow, and red.","The flag in the image appears to have multiple colors. From what I can see, there are at least the following colors present on the flag:

1. Red
2. Yellow
3. Green
4. Black
5. White

The flag seems to have a complex design with these colors arranged in specific patterns or sections."
budget=5120_info_density_delay0_thumbattn,68,1.0000001192092896,1.0000003576278687,1.0000003576278687,1.0000003576278687,The trash can is black.,The trash can is black.
budget=5120_info_density_delay0_thumbattn,69,0.6835408210754395,0.6037641167640686,0.8766117095947266,0.7150437235832214,There isn't a dog visible in the image.,"There isn't a dog clearly visible in the image. If you're referring to a specific part of the image, please let me know!"
budget=5120_info_density_delay0_thumbattn,70,0.945138692855835,0.9757915139198303,0.9757915139198303,0.9757915139198303,"The letters on the green trash bin are ""P,"" ""B,"" and ""A.""","The letters on the green trash bin are ""P,"" ""B,"" and ""L."""
budget=5120_info_density_delay0_thumbattn,71,0.7302168607711792,0.6521973609924316,0.7535775303840637,0.6992318630218506,The black sign shows a right-pointing arrow.,The image doesn't show a black sign with arrows. It depicts an ancient stone archway.
budget=5120_info_density_delay0_thumbattn,72,0.6435164213180542,0.571633517742157,0.4485408067703247,0.5026611089706421,"The text written at the center of the black sign reads ""ARHEOLSKI MUZEJ"" on the top line and ""ISTORIJA PLAČA"" on the bottom line. This translates from Croatian to ""Archaeological Museum"" and ""History of the Town"" respectively.","The image does not contain a black sign with text at the center. The main focus is on an ancient stone archway, likely part of a historical structure. There is no visible text in the image."
budget=5120_info_density_delay0_thumbattn,73,0.6231545209884644,0.5104799270629883,0.698648989200592,0.5899227261543274,The number on the rectangular white sign is 3.,The image does not show a rectangular white sign with a number on it. The main focus is on an ancient stone archway and a stone wall. There is no visible sign with a number in the image.
budget=5120_info_density_delay0_thumbattn,74,1.0,1.000000238418579,1.000000238418579,1.000000238418579,"The text on the white building reads ""DB"".","The text on the white building reads ""DB""."
budget=5120_info_density_delay0_thumbattn,75,0.9398733377456665,0.7806292176246643,0.8077003955841064,0.7939341068267822,The building with a red and white striped antenna on its top is the one located towards the right side of the image. This distinctive antenna helps in identifying the building amidst the skyline. The antenna is part of a structure that stands out due to its contrasting colors against the predominantly blue and gray buildings around it.,"The building with a red and white striped antenna on its top is the one located second from the right in the image. It is a tall skyscraper with a dark blue glass facade. The antenna is positioned on the roof, standing out against the clear blue sky. This distinctive feature helps in identifying the building amidst the other high-rises in the cityscape."
budget=5120_info_density_delay0_thumbattn,76,1.0000001192092896,1.0,1.0,1.0,The ceiling beams in the room are made of wood.,The ceiling beams in the room are made of wood.
budget=5120_info_density_delay0_thumbattn,77,1.0,1.0,1.0,1.0,"The small stone cairn is located in the foreground, to the right side of the waterfall. It's positioned on a rock near the bottom of the image, close to the stream that flows from the waterfall.","The small stone cairn is located in the foreground, to the right side of the waterfall. It's positioned on a rock near the bottom of the image, close to the stream that flows from the waterfall."
budget=5120_info_density_delay0_thumbattn,78,0.9449018239974976,0.8465851545333862,0.8692625761032104,0.857774019241333,"In the image, there is a piece of cloth hanging on the wall inside the house, to the right of the doorway. It appears to be draped over a hook or a nail, and it hangs loosely, suggesting it might be used for practical purposes, such as holding items or for drying purposes. The wall itself is painted in a dark green color, and the doorway is open, allowing a view into the interior space. The overall setting gives a rustic and traditional feel to the scene.","In the image, there is a piece of cloth hanging on the wall inside the house. It is located to the left of the doorway, near the upper part of the wall. The cloth appears to be draped over a hook or a nail, and it hangs loosely, suggesting it might be used for practical purposes, such as a towel or an apron. The wall itself is painted in a dark green color, which contrasts with the lighter-colored traditional attire of the elderly man sitting outside. The overall scene gives a sense of simplicity and everyday life."
budget=5120_info_density_delay0_thumbattn,79,0.9473203420639038,0.7696337699890137,0.7391432523727417,0.7540804147720337,"The object mounted on the wall in the background appears to be a small informational plaque or sign. These plaques are often found in historical buildings to provide visitors with information about the site, its history, or specific architectural features. Given the context of the image, which shows an interior space with historical architectural elements, the plaque likely serves an educational purpose for visitors.","The object mounted on the wall in the background appears to be a small, rectangular plaque or sign. Given the context of the architecture, which suggests a historical or religious building, it is likely to be an informational sign, possibly indicating the name of the room, providing historical information, or marking a significant site within the building."
budget=5120_info_density_delay0_thumbattn,80,0.9202682375907898,0.8679569959640503,0.9421237707138062,0.903520941734314,The cup is white.,The cup on the ground is white.
budget=5120_info_density_delay0_thumbattn,81,0.865637481212616,0.5237520933151245,0.7171558141708374,0.6053823232650757,"The cup lying on the ground appears to be made of ceramic or porcelain, as suggested by its white color and glossy finish.","The cup lying on the ground appears to be made of ceramic or porcelain. This assessment is based on the following observations:

- **Shape and Finish**: Ceramic and porcelain cups often have a smooth, glossy finish and a consistent shape.
- **Color and Texture**: The cup seems to have a uniform color and texture, which is typical of ceramic or porcelain materials.
- **Context**: Given its placement on the ground, it might have been discarded, which is common with ceramic or porcelain items due to their fragility.

Thus, the primary material of the cup is likely ceramic or porcelain."
budget=5120_info_density_delay0_thumbattn,82,0.9012007713317871,0.8948929905891418,0.7251338958740234,0.8011191487312317,"The object located in the center of the grassy area is a statue. It appears to depict a robed figure, possibly a classical or historical character, standing on a pedestal. The statue is positioned prominently in front of the grand building, adding to the aesthetic and historical ambiance of the scene.",The object located in the center of the grassy area is a statue. It appears to depict a robed figure standing on a pedestal.
budget=5120_info_density_delay0_thumbattn,83,0.863046407699585,0.6288695931434631,0.4560456871986389,0.5286924839019775,"The sign on the bridge indicates the direction towards Zaragoza. Given the context of the image, which shows a bridge spanning a body of water with a landscape in the background, the sign is likely providing directional guidance for travelers.

To determine the direction:

1. **Observation of the Sign**: The sign is positioned on the right side of the bridge, pointing towards Zaragoza.
2. **Geographical Context**: Zaragoza is a city in northeastern Spain. If we assume this bridge is part of a major route leading towards Zaragoza, the sign would be pointing in the general direction of the city.

Considering these points, the direction indicated on the sign towards Zaragoza is likely to the **left** if you are facing towards the city in the image. This is because signs typically point in the direction you need to go to reach the destination, and given the positioning of the sign on the bridge, it would be pointing left for someone traveling towards Zaragoza.

Therefore, the direction indicated on the sign towards Zaragoza is **left**.","The image shows a bridge over a body of water with hills in the background, but there is no sign pointing towards Zaragoza. Therefore, I can't determine the direction indicated on such a sign."
budget=5120_info_density_delay0_thumbattn,84,0.7247580885887146,0.5527844429016113,0.7535504698753357,0.637739896774292,The sign pointing towards Alocén indicates the direction to the left.,"The image shows a bridge over a body of water with hills in the background. There isn't a sign visible in the image pointing towards Alocén or any other direction. Therefore, I can't determine the direction indicated on such a sign."
budget=5120_info_density_delay0_thumbattn,85,0.9730639457702637,0.9764710664749146,0.9632034301757812,0.969791829586029,There isn't a car visible in the image. The scene shows a desert landscape with a leafless tree and some bushes.,There isn't a car in the image. The scene shows a desert landscape with a leafless tree and some rocks.
budget=5120_info_density_delay0_thumbattn,86,0.6719604730606079,0.5826888084411621,0.7342017889022827,0.6497292518615723,The speed limit sign in the image indicates a limit of 30.,"The image shows a street scene with a historic building, people, and vehicles. However, there is no speed limit sign clearly visible in the image. Therefore, I can't determine the speed limit from this image."
budget=5120_info_density_delay0_thumbattn,87,0.8150461316108704,0.9338699579238892,0.8093129396438599,0.8671414256095886,The flag is red with a yellow star.,The flag is red.
budget=5120_info_density_delay0_thumbattn,88,1.0,0.9999997019767761,0.9999997019767761,0.9999997019767761,"The name written on the boat is ""Gondola.""","The name written on the boat is ""Gondola."""
budget=5120_info_density_delay0_thumbattn,89,1.0000001192092896,0.9999998211860657,0.9999998211860657,0.9999998211860657,The speed limit indicated by the sign is 30.,The speed limit indicated by the sign is 30.
budget=5120_info_density_delay0_thumbattn,90,0.9999999403953552,0.9999998807907104,0.9999998807907104,0.9999998807907104,"The name written on the front of the boat is ""Freedom.""","The name written on the front of the boat is ""Freedom."""
budget=5120_info_density_delay0_thumbattn,91,0.8650908470153809,0.6005240082740784,0.7165580987930298,0.6534297466278076,"The flag in the image appears to have three horizontal stripes. The top stripe is red, the middle stripe is white, and the bottom stripe is green. This is the flag of Tunisia.","The flag in the image appears to have three horizontal stripes. The colors of the stripes, from top to bottom, are:

1. Red
2. White
3. Green

Additionally, there is a red triangle on the hoist side (left side) of the flag, which contains a white star and a white vertical stripe."
budget=5120_info_density_delay0_thumbattn,92,0.9371501207351685,0.7167006731033325,0.7982029318809509,0.7552593946456909,"The Royal Albert Hall is located to the left of the bus in the image. The bus is on the right side of the frame, while the Royal Albert Hall dominates the center and left side of the image.","The Royal Albert Hall is situated to the left of the bus in the image. The bus appears to be parked or driving along the road adjacent to the Hall, which is prominently positioned in the center of the image. The Hall's grand, illuminated facade dominates the scene, while the bus is visible on the right side, near the bottom edge of the photo."
budget=5120_info_density_delay0_thumbattn,93,0.9490665197372437,0.766305148601532,0.7502964735031128,0.758216381072998,"The houses are located in the background, nestled among the trees and slightly elevated compared to the tea fields in the foreground. They appear to be situated further back in the valley, beyond the expanse of the tea fields.","The houses are located in the background, nestled among the trees and slightly elevated compared to the tea fields. They are situated to the right side of the image, appearing amidst the greenery and set against the backdrop of the mountains."
budget=5120_info_density_delay0_thumbattn,94,1.0000001192092896,0.9999998807907104,0.9999998807907104,0.9999998807907104,The white truck is positioned to the right of the trams in the image.,The white truck is positioned to the right of the trams in the image.
budget=5120_info_density_delay0_thumbattn,95,0.8683093786239624,0.599112331867218,0.8313260078430176,0.6963707208633423,"In the image, the red car is positioned to the left of the black car.","In the image, the red car is positioned to the left of the black car. The red car is partially visible behind some trees on the left side of the image, while the black car is more centrally located, also behind some trees but to the right of the red car. Both cars are situated in the background, behind the building and its reflection in the water."
budget=5120_info_density_delay0_thumbattn,96,0.6137347221374512,0.4910356104373932,0.6746329069137573,0.5683756470680237,The pink banner is to the right of the green trash bin.,"The image shows a panoramic view of the Acropolis in Athens, Greece. In the foreground, there are several ancient structures and modern buildings, with lush green trees scattered throughout. There is no pink banner or green trash bin visible in this image. Therefore, I cannot determine the relative position of a pink banner compared to a green trash bin as they are not present in the scene."
budget=5120_info_density_delay0_thumbattn,97,0.9584897756576538,0.8364807367324829,0.8315123319625854,0.833989143371582,"In the image, the person wearing a light brown hat is positioned to the right and slightly behind the person wearing a pink shirt. The person in the light brown hat appears to be standing closer to the stone structures, while the person in the pink shirt is further to the left and in front of them, closer to the grassy area.","In the image, the person wearing a light brown hat is positioned to the left of the person wearing a pink shirt. They are both standing near the stone structures, but the person in the light brown hat is slightly ahead, closer to the foreground. The person in the pink shirt is positioned a bit further back to the right."
budget=5120_info_density_delay0_thumbattn,98,1.0,0.9999998807907104,0.9999998807907104,0.9999998807907104,"The white car is positioned to the left of the large white building when facing the building. It appears to be further back, near the base of the building, and is partially obscured by some structures or elements in the foreground.","The white car is positioned to the left of the large white building when facing the building. It appears to be further back, near the base of the building, and is partially obscured by some structures or elements in the foreground."
budget=5120_info_density_delay0_thumbattn,99,1.0,1.0,1.0,1.0,"In the image, the black motorcycle is positioned to the left of the silver car. The silver car is parked on the right side near the building by the river, while the black motorcycle is slightly further back and to the left, closer to the water's edge.","In the image, the black motorcycle is positioned to the left of the silver car. The silver car is parked on the right side near the building by the river, while the black motorcycle is slightly further back and to the left, closer to the water's edge."
budget=5120_info_density_delay0_thumbattn,100,1.0000001192092896,1.0000001192092896,1.0000001192092896,1.0000001192092896,"The flag on the left side has three horizontal stripes. From top to bottom, the colors are black, red, and yellow. This is the flag of Germany.","The flag on the left side has three horizontal stripes. From top to bottom, the colors are black, red, and yellow. This is the flag of Germany."
budget=5120_info_density_delay0_thumbattn,101,0.8807628750801086,0.7358164191246033,0.6693165898323059,0.7009928822517395,"The small white building is situated between the large industrial structure with the colorful mural and the body of water. It is positioned on the dock area, closer to the water's edge than the main industrial buildings. The building appears to be at a similar elevation to the water, as it is directly adjacent to the dock where a boat is also present. This placement suggests that the building might be used for purposes related to the waterfront activities, such as storage, maintenance, or operational support for the dock and boat facilities.","The small white building is located on the dock, which is adjacent to the water. It is positioned between the large industrial silos and the water's edge. The building is relatively close to the water, as the dock extends from the building out over the water. The barge is moored near the building, further indicating its proximity to the water."
budget=5120_info_density_delay0_thumbattn,102,1.0,1.0000001192092896,1.0000001192092896,1.0000001192092896,There are four computers visible on the table.,There are four computers visible on the table.
budget=5120_info_density_delay0_thumbattn,103,0.8751242756843567,0.7363653779029846,0.7577102780342102,0.746885359287262,"The American flag is positioned on the left side of the image. It is hanging vertically, with the stars on the top left corner and stripes running horizontally. The flag is attached to a pole that is leaning against some of the items near the entrance of the shop.","The American flag is positioned on the left side of the image. It is attached to a pole and is located near the top left corner, partially obscured by some foliage from a tree. The flag is situated among various items, including a large log and some tools, and it stands out due to its distinctive red, white, and blue colors."
budget=5120_info_density_delay0_thumbattn,104,0.9744929075241089,0.9373412132263184,0.8805559873580933,0.908061683177948,"The ""OPEN"" sign is located above the shop entrance, hanging from the wooden structure of the building. It is positioned towards the right side of the image, just above the various items displayed outside the store. The sign is illuminated with red neon lights, making it stand out against the rustic background of the shop.","The ""OPEN"" sign is located above the shop entrance, hanging from the roof of the building on the right side of the image. The sign is illuminated with red lights, making it stand out against the rustic background of the shop."
budget=5120_info_density_delay0_thumbattn,105,0.9473817348480225,0.9770368337631226,0.9034976363182068,0.9388293623924255,The totem pole is positioned behind and slightly to the left of the bear statue.,The totem pole is positioned to the left of the bear statue.
budget=5120_info_density_delay0_thumbattn,106,0.9575368165969849,0.8188323378562927,0.7562341690063477,0.7862893342971802,"The overhead electric wires are running parallel to the train and are positioned above the train tracks. They are angled slightly downwards towards the front of the train, indicating that they are likely part of the overhead power supply system for the electric locomotive.",The overhead electric wires are running parallel to the train and slightly above it. They are positioned along the tracks to provide power to the train as it moves forward.
budget=5120_info_density_delay0_thumbattn,107,0.9982470273971558,0.9883959293365479,0.981651246547699,0.9850119948387146,"The person in the red jacket is positioned to the right of the large tree. They are walking along the hedge, while the large tree is prominently displayed on the left side of the image.","The person in the red jacket is positioned to the right of the large tree. They are walking along the hedge, while the large tree stands prominently on the left side of the image."
budget=5120_info_density_delay0_thumbattn,108,0.9606862664222717,0.8479333519935608,0.8673215508460999,0.8575178980827332,"To the right of the image, there is a statue of an elephant. The elephant statue appears to be made of stone or a similar material and is positioned near the edge of the waterfall. It has a notable feature where water is flowing from its trunk into the pool below. The statue adds an interesting cultural or artistic element to the natural scenery of the waterfall and the surrounding forest.","To the right of the image, there is a statue of an elephant. The elephant statue appears to be made of stone or a similar material and is positioned near the edge of the waterfall. It has a notable feature where water is flowing out of its trunk, adding to the natural ambiance of the scene. The statue is surrounded by lush greenery, including trees and bushes, which complement the serene environment of the waterfall."
budget=5120_info_density_delay0_thumbattn,109,1.0000001192092896,1.0,0.9999999403953552,0.9999999403953552,There are three people standing in front of the entrance of the building.,There are three people standing in front of the entrance of the building.
budget=5120_info_density_delay0_thumbattn,110,1.0000001192092896,0.9999998807907104,0.9999998807907104,0.9999998807907104,The left tower is closer to the viewer than the right tower.,The left tower is closer to the viewer than the right tower.
budget=5120_info_density_delay0_thumbattn,111,0.9702460169792175,0.7606533169746399,0.8393642902374268,0.7980727553367615,"The building behind the statue is the ""District of Columbia Court of Appeals."" This is indicated by the inscription on the building's facade. The architectural style, featuring large columns and a pediment, is reminiscent of classical courthouse designs, often intended to convey a sense of justice and permanence. The presence of the statue of Abraham Lincoln further suggests a connection to American history and governance.","The building behind the statue is the ""District of Columbia Court of Appeals."" This is indicated by the inscription on the building's facade, which reads ""DISTRICT OF COLUMBIA COURT OF APPEALS."" The architectural style of the building, featuring large columns and a classical pediment, is consistent with many government buildings in the United States, reflecting a sense of formality and importance. The statue in front of the building is of Abraham Lincoln, a prominent historical figure in the United States, which further suggests the building's significance in the judicial system."
budget=5120_info_density_delay0_thumbattn,112,0.8933923244476318,0.8711546659469604,0.7485771179199219,0.8052276968955994,"The statue is located on the right side of the image. It depicts a figure on horseback and is positioned on a pedestal near a row of large columns. The statue is part of an outdoor setting, likely a courtyard or a public square, with classical architecture in the background.","The statue is located on the right side of the image. It depicts a mounted figure, positioned on a pedestal in front of a row of large columns."
budget=5120_info_density_delay0_thumbattn,113,0.6977121233940125,0.9353241324424744,0.8885382413864136,0.9113311171531677,The object directly to the right of the main entrance of the church is a wooden awning or canopy.,The object directly to the right of the main entrance of the church is a lamppost.
budget=5120_info_density_delay0_thumbattn,114,0.8182951211929321,0.8079750537872314,0.9014458656311035,0.8521549701690674,The child in the foreground is running towards the camera on the bridge.,"The child in the foreground is running forward on the bridge, towards the right side of the image."
budget=5120_info_density_delay0_thumbattn,115,0.8255872130393982,0.6739437580108643,0.6245705485343933,0.6483184695243835,"In the image, the person is located on the right side, while the building is situated on the left side. The person appears to be standing in a grassy area near the water's edge, whereas the building is positioned further back, amidst some trees. The person is also closer to the foreground compared to the building, which is set back more in the scene.","In the image, there is no person visible. The building is situated on the left side of the image, reflected in the water. The surrounding area includes grassy fields and trees, with the water body occupying the foreground and middle ground."
budget=5120_info_density_delay0_thumbattn,116,0.9310528635978699,0.8696209192276001,0.8604811429977417,0.8650268912315369,"To the right of the main house in the image, there is a smaller wooden structure. It appears to be a shed or a small outbuilding, situated near the trees and the shoreline.","To the right of the main house, there is a smaller wooden structure, possibly a shed or a boathouse. It is situated near the shoreline, surrounded by trees and rocks."
budget=5120_info_density_delay0_thumbattn,117,0.9172282814979553,0.7814826965332031,0.834601879119873,0.8071693181991577,"The clock is located on the wall to the right side of the room, near the back wall which also features a large framed historical display. The clock is mounted above a wooden cabinet or console.","The clock is located on the wall to the right side of the room, above a wooden cabinet or mantelpiece. It is positioned near the large framed display of portraits. The clock is round with a wooden frame and shows a traditional design with Roman numerals."
budget=5120_info_density_delay0_thumbattn,118,0.8822295665740967,0.8143527507781982,0.8077492713928223,0.8110376000404358,"The component labeled ""Sony"" is positioned to the right of the component labeled ""Mavica."" The ""Sony"" component is a part of the camera body, while the ""Mavica"" component is a separate box, likely a battery or external storage unit, situated to the left of the camera body.","The component labeled ""Sony"" is positioned to the right of the component labeled ""Mavica."" The ""Sony"" component is a smaller, black device with a handle, while the ""Mavica"" component is a larger, black box with a handle and is situated to the left of the ""Sony"" component."
budget=5120_info_density_delay0_thumbattn,119,1.0,0.9999999403953552,1.0,0.9999999403953552,"The word ""Swing"" is written on the parachute.","The word ""Swing"" is written on the parachute."
budget=5120_info_density_delay0_thumbattn,120,1.0000001192092896,0.9999999403953552,0.9999999403953552,0.9999999403953552,"The word ""SWIRL"" is written on the parachute.","The word ""SWIRL"" is written on the parachute."
budget=5120_info_density_delay0_thumbattn,121,1.0000001192092896,1.0,1.0,1.0,"The word ""SWOOP"" is written on the parachute.","The word ""SWOOP"" is written on the parachute."
budget=5120_info_density_delay0_thumbattn,122,1.0,1.0000001192092896,1.0000001192092896,1.0000001192092896,"The word ""SPRING"" is written on the parachute.","The word ""SPRING"" is written on the parachute."
budget=5120_info_density_delay0_thumbattn,123,1.0,1.0,0.9999998807907104,0.9999999403953552,"The word ""Dally"" is visible on the suitcase.","The word ""Dally"" is visible on the suitcase."
budget=5120_info_density_delay0_thumbattn,124,1.0,1.0,1.0,1.0,"The word ""Dolly"" is visible on the suitcase.","The word ""Dolly"" is visible on the suitcase."
budget=5120_info_density_delay0_thumbattn,125,0.6607679128646851,0.9185982942581177,0.9370969533920288,0.9277554154396057,"The word ""NORTH"" is written on the hang glider.","The word ""WISHTREE"" is written on the hang glider."
budget=5120_info_density_delay0_thumbattn,126,1.0000001192092896,1.0,1.0,1.0,"The word ""Cloudy"" is written on the hang glider.","The word ""Cloudy"" is written on the hang glider."
budget=5120_info_density_delay0_thumbattn,127,1.0000001192092896,1.0,1.0,1.0,"The word ""Sunny"" is written on the hang glider.","The word ""Sunny"" is written on the hang glider."
budget=5120_info_density_delay0_thumbattn,128,0.8730453252792358,0.9623903036117554,0.9711973667144775,0.9667737483978271,"The word ""Storff"" is written on the hang glider.","The word ""Storv"" is written on the hang glider."
budget=5120_info_density_delay0_thumbattn,129,0.9999998807907104,1.0000001192092896,1.0000001192092896,1.0000001192092896,The license plate number of the car is 217722 ROMA.,The license plate number of the car is 217722 ROMA.
budget=5120_info_density_delay0_thumbattn,130,1.0,1.0,1.0,1.0,"The bird is positioned on the cobblestone pavement in front of the car, to the left side of the image when facing the car. It appears to be a small bird, possibly a sparrow, standing on the ground near the front left wheel of the car.","The bird is positioned on the cobblestone pavement in front of the car, to the left side of the image when facing the car. It appears to be a small bird, possibly a sparrow, standing on the ground near the front left wheel of the car."
budget=5120_info_density_delay0_thumbattn,131,0.9834040999412537,0.9352443218231201,0.9715019464492798,0.9530284404754639,"The red rectangle on the sign reads ""Muzium Tekstil Negara,"" which translates to ""National Textile Museum.""","The text inside the red rectangle on the sign reads ""Muzium Tekstil Negara,"" which translates to ""National Textile Museum."""
budget=5120_info_density_delay0_thumbattn,132,0.8699373602867126,0.8555242419242859,0.8556797504425049,0.855601966381073,"The red rectangle on the sign contains the text ""BANK"" along with a logo.","The red rectangle highlights the word ""BANK"" in the logo on the building."
budget=5120_info_density_delay0_thumbattn,133,1.0000001192092896,1.0,1.0,1.0,The taller white building is to the right of the National Textile Museum.,The taller white building is to the right of the National Textile Museum.
budget=5120_info_density_delay0_thumbattn,134,1.0,1.0,1.0,1.0,"The word ""family"" is written on the building to the left in the image.","The word ""family"" is written on the building to the left in the image."
budget=5120_info_density_delay0_thumbattn,135,0.9999998807907104,1.0,1.0,1.0,The car located to the right of the orange car is yellow.,The car located to the right of the orange car is yellow.
budget=5120_info_density_delay0_thumbattn,136,1.0,1.0,1.0,1.0,The object placed directly in front of the bench on the left side of the image is a bicycle.,The object placed directly in front of the bench on the left side of the image is a bicycle.
budget=5120_info_density_delay0_thumbattn,137,0.75177001953125,0.8015585541725159,0.6986066699028015,0.7465499639511108,"In the image, there is a table on the right side where a woman in a striped shirt is standing. At this table, there are three people seated. The setting appears to be an outdoor café or restaurant area with several other tables and chairs nearby, under the shade of large umbrellas. The atmosphere is lively with people walking and enjoying the area, which is lined with tall palm trees.","In the image, there are three people seated at the table on the right side where the woman in the striped shirt is standing. They appear to be engaged in conversation or enjoying their time at the café."
budget=5120_info_density_delay0_thumbattn,138,1.0,0.9999997615814209,0.9999997615814209,0.9999997615814209,"Inside the partially built brick structure, there is a wooden box.","Inside the partially built brick structure, there is a wooden box."
budget=5120_info_density_delay0_thumbattn,139,1.0000001192092896,0.9999998807907104,0.9999998807907104,0.9999998807907104,The chairs are positioned to the left of the bicycles.,The chairs are positioned to the left of the bicycles.
budget=5120_info_density_delay0_thumbattn,140,0.9371979832649231,0.9366964101791382,0.8206796646118164,0.8748584985733032,There are three bicycles parked near the building's entrance on the right side of the image.,There are three bicycles visible near the building's entrance.
budget=5120_info_density_delay0_thumbattn,141,0.8117225170135498,0.6508541703224182,0.7649577260017395,0.7033080458641052,"The car is positioned to the left of the statue of the lion, behind the red rope barrier.","The car is positioned behind the statue of the lion, to the left side of the image. The lion statue is in the foreground, while the car is further back, closer to the building."
budget=5120_info_density_delay0_thumbattn,142,1.0,1.000000238418579,1.000000238418579,1.000000238418579,The car is to the left of the central tower of the building.,The car is to the left of the central tower of the building.
budget=5120_info_density_delay0_thumbattn,143,0.9912422895431519,0.9474921226501465,0.9618915319442749,0.9546375274658203,The primary function of the object in the red circle—a plastic water bottle—is to hold and transport drinking water.,"The primary function of the object in the red circle, which is a plastic water bottle, is to contain and transport drinking water."
budget=5120_info_density_delay0_thumbattn,144,0.9991595149040222,0.9840697050094604,0.99481201171875,0.9894117116928101,"The label in the red circle on the water bottle says ""CASH REFUND."" This label typically indicates that the bottle is a deposit returnable for cash. In many places, such labels are used to encourage recycling by offering a small refund when the bottle is returned to a designated recycling center or store.","The label in the red circle on the water bottle says ""CASH REFUND."" This label typically indicates that the bottle is a deposit returnable for cash. In many places, such labels are used to encourage recycling by offering a small refund when the bottle is returned, usually to a designated recycling center or store."
budget=5120_info_density_delay0_thumbattn,145,0.9670126438140869,0.8161678314208984,0.8340680003166199,0.8250207901000977,"The label in the red circle on the water bottle says ""Cash Refund."" This typically indicates that the bottle is a deposit returnable for cash when recycled. It's a common practice in many places to encourage recycling by offering a small refund for returned bottles.","The label in the red circle on the water bottle says ""Cash Refund."" This typically indicates that the bottle is recyclable and that a deposit will be refunded when the bottle is returned. In many places, beverage containers are labeled with a deposit system to encourage recycling and reduce waste."
budget=5120_info_density_delay0_thumbattn,146,0.9468944072723389,0.7654589414596558,0.8256359100341797,0.794409453868866,"The Chinese text in the red rectangle reads ""饶货南福同"". This phrase can be broken down as follows:

- 饶货 (ráo huò): This can be interpreted as ""abundant goods"" or ""rich products.""
- 南福 (nán fú): This means ""South Blessing"" or ""Southern Fortune.""
- 同 (tóng): This means ""together"" or ""same.""

So, the entire phrase roughly translates to ""Abundant Goods South Blessing Together"" or ""Rich Products, South Fortune Together."" It likely refers to a market or area known for its variety and prosperity of goods.","The Chinese text in the red rectangle reads ""饶货南福同"". This phrase can be broken down as follows:

- ���货 (ráo huò): This can be interpreted as ""abundant goods"" or ""rich products"".
- ��福同 (nán fú tóng): This part is a bit less straightforward but can be translated as ""South Blessing Same"" or ""Together with South Blessing"".

Putting it all together, a possible translation could be ""Abundant Goods, South Blessing Together"" or ""Rich Products, Same with South Blessing"". The exact meaning might depend on the specific context in which it is used, but it generally suggests a place where a variety of goods are available, possibly with a focus on items from the south or associated with good fortune."
budget=5120_info_density_delay0_thumbattn,147,0.8872867226600647,0.6095341444015503,0.7720285654067993,0.6812253594398499,"The two numbered locations that belong to the same country are:

- Location 1 and Location 2, which are both in China.","The two numbered locations that belong to the same country are:

- Location 1: This is in Myanmar (Burma).
- Location 2: This is also in Myanmar (Burma).

Both are in the same country, Myanmar."
budget=5120_info_density_delay0_thumbattn,148,0.8956161737442017,0.7819901704788208,0.809904158115387,0.7957023978233337,"The two numbered locations that belong to the same country are:

- Location 1: This is in Myanmar (Burma).
- Location 2: This is also in Myanmar (Burma).

Both are located in the same country, Myanmar, in Southeast Asia.","The two numbered locations that belong to the same country are:

- Location 1: This is in the western part of China, near the Tibetan Plateau.
- Location 2: This is also in China, in the southwestern region near Sichuan Province.

Both locations are within China."
budget=5120_info_density_delay0_thumbattn,149,0.8629000186920166,0.938165545463562,0.8993600606918335,0.9183530807495117,The two numbered locations that belong to the same country are ③ and ④. Both are located in Japan.,The two numbered locations that belong to the same country are �� and ��. Both are in Russia.
budget=5120_info_density_delay0_thumbattn,150,0.8203924298286438,0.7497332096099854,0.7858065962791443,0.7673461437225342,The two numbered locations that belong to the same country are ① and ②. Both are located in China.,"The two numbered locations that belong to the same country are:

- Location 1 and Location 2, which are both in Turkey."
budget=5120_info_density_delay0_thumbattn,151,0.8867230415344238,0.7733826041221619,0.8422228097915649,0.8063361048698425,"The numbered locations 2 and 4 belong to the same country, Japan.",The two numbered locations that belong to the same country are numbers 2 and 4. Both are located in Japan.
budget=5120_info_density_delay0_thumbattn,152,0.7766577005386353,0.7844536900520325,0.8088455200195312,0.7964629530906677,"The two numbered locations that belong to the same country are ③ and ④, both of which are in Japan.","The two numbered locations that belong to the same country are numbers 1 and 2. Both are located in the Aleutian Islands, which are part of Alaska, USA."
budget=5120_info_density_delay0_thumbattn,153,0.9830427169799805,0.9860260486602783,0.9726952314376831,0.9793152213096619,The two numbered locations that belong to the same country are numbers 2 and 3. Both are located in Japan.,The two numbered locations that belong to the same country are numbers 2 and 4. Both are in Japan.
budget=5120_info_density_delay0_thumbattn,154,0.8008311986923218,0.8096302151679993,0.6015962958335876,0.6902797222137451,"The two numbered locations that belong to the same country are:

- Location 2 (Iceland)
- Location 3 (Faroe Islands)

Both are part of Denmark.","The two numbered locations that belong to the same country are numbers 2 and 3, both of which are in Japan."
budget=5120_info_density_delay0_thumbattn,155,0.795329213142395,0.7685216069221497,0.5575736165046692,0.6462693810462952,"The two numbered locations that belong to the same country are:

- Location 3: This is in Central America, specifically in Nicaragua.
- Location 2: This is also in Central America, specifically in Costa Rica.

Both locations are in the Central American region, which is part of the Americas.","The two numbered locations that belong to the same country are numbers 2 and 3, both of which are in Russia."
budget=5120_info_density_delay0_thumbattn,156,0.8489535450935364,0.9617179036140442,0.9617179036140442,0.9617179036140442,"The two numbered locations that belong to the same country are:

- Location 1 and Location 3, both of which are in Mexico.","The two numbered locations that belong to the same country are:

- Location 1 and Location 2, both of which are in Russia."
budget=5120_info_density_delay0_thumbattn,157,0.7953218221664429,0.6814361810684204,0.646732747554779,0.6636310815811157,"The two numbered locations that belong to the same country are:

- Location 3 (central part of the country with a large lake)
- Location 4 (eastern part of the country, near the coast)

Both of these locations are in Canada.","The two numbered locations that belong to the same country are both in Russia. Location 1 is on the island of Olkhon in Lake Baikal, and location 3 is in the Sakha Republic, both of which are in Russia."
budget=5120_info_density_delay0_thumbattn,158,0.8087014555931091,0.796821117401123,0.6509053707122803,0.7165098190307617,"The two numbered locations that belong to the same country are:

- Location 3 (Alaska) and Location 2 (Northern Canada)

Both are in Canada.","The two numbered locations that belong to the same country are numbers 1 and 4, both of which are in Mexico."
budget=5120_info_density_delay0_thumbattn,159,1.0,1.0,1.0,1.0,The red rectangle highlights the face of George Washington on Mount Rushmore.,The red rectangle highlights the face of George Washington on Mount Rushmore.
budget=5120_info_density_delay0_thumbattn,160,0.8405810594558716,0.9550021886825562,0.9550021886825562,0.9550021886825562,The red rectangle highlights the face of Thomas Jefferson on Mount Rushmore.,The red rectangle on Mount Rushmore highlights the face of Abraham Lincoln.
budget=5120_info_density_delay0_thumbattn,161,1.0,1.0,1.0,1.0,The red rectangle on Mount Rushmore highlights the face of George Washington.,The red rectangle on Mount Rushmore highlights the face of George Washington.
budget=5120_info_density_delay0_thumbattn,162,0.8545972108840942,0.9527606964111328,0.9527606964111328,0.9527606964111328,The red rectangle highlights the face of George Washington on Mount Rushmore.,The red rectangle on Mount Rushmore highlights the face of Abraham Lincoln.
budget=5120_info_density_delay0_thumbattn,163,1.0,1.0,1.0,1.0,The red rectangle highlights the face of George Washington on Mount Rushmore.,The red rectangle highlights the face of George Washington on Mount Rushmore.
budget=5120_info_density_delay0_thumbattn,164,0.9772452116012573,0.9475704431533813,0.9668041467666626,0.9570906758308411,The red rectangle highlights the face of Thomas Jefferson on Mount Rushmore.,The red rectangle on Mount Rushmore highlights the face of Thomas Jefferson.
budget=5120_info_density_delay0_thumbattn,165,0.8405810594558716,0.9550023078918457,0.9550021886825562,0.9550022482872009,The red rectangle highlights the face of Thomas Jefferson on Mount Rushmore.,The red rectangle on Mount Rushmore highlights the face of Abraham Lincoln.
budget=5120_info_density_delay0_thumbattn,166,1.0000001192092896,1.0000001192092896,1.0000001192092896,1.0000001192092896,The red rectangle on Mount Rushmore highlights the face of Thomas Jefferson.,The red rectangle on Mount Rushmore highlights the face of Thomas Jefferson.
budget=5120_info_density_delay0_thumbattn,167,1.0000001192092896,0.9999997019767761,0.9999997019767761,0.9999997019767761,97,97
budget=5120_info_density_delay0_thumbattn,168,0.5698320865631104,0.5329265594482422,0.7161564230918884,0.6111023426055908,47,43.5
budget=5120_info_density_delay0_thumbattn,169,1.0000001192092896,0.9999997019767761,0.9999997019767761,0.9999997019767761,97,97
budget=5120_info_density_delay0_thumbattn,170,0.5724890232086182,0.5120450258255005,0.6591898798942566,0.5763744115829468,60,64.5
budget=5120_info_density_delay0_thumbattn,171,1.0000001192092896,0.9999997019767761,0.9999997019767761,0.9999997019767761,97,97
budget=5120_info_density_delay0_thumbattn,172,0.8134607672691345,0.8528873324394226,0.8528873324394226,0.8528873324394226,50,40
budget=5120_info_density_delay0_thumbattn,173,1.0000001192092896,0.9999997019767761,0.9999997019767761,0.9999997019767761,97,97
budget=5120_info_density_delay0_thumbattn,174,0.42161649465560913,0.5365891456604004,0.6662514805793762,0.5944317579269409,40,10.5
budget=5120_info_density_delay0_thumbattn,175,0.5052711963653564,0.7926652431488037,0.7926652431488037,0.7926652431488037,97,169
budget=5120_info_density_delay0_thumbattn,176,0.5193787813186646,0.5191335678100586,0.6754294037818909,0.5870566964149475,49,64.5
budget=5120_info_density_delay0_thumbattn,177,1.0000001192092896,1.0,1.0,1.0,"The flag in the image is red, white, and blue.","The flag in the image is red, white, and blue."
budget=5120_info_density_delay0_thumbattn,178,1.000000238418579,0.9999998211860657,0.9999998211860657,0.9999998211860657,The car is red.,The car is red.
budget=5120_info_density_delay0_thumbattn,179,0.9417413473129272,0.8921602964401245,0.9140591025352478,0.9029769897460938,"There is no house visible in the image. The landscape features rocky terrain, patches of water, and distant mountains.","There is no house in the image. The landscape features rocky cliffs, sandy terrain, and patches of water under a cloudy sky."
budget=5120_info_density_delay0_thumbattn,180,1.0,0.9999997615814209,0.9999997615814209,0.9999997615814209,There are three people on the boat.,There are three people on the boat.
budget=5120_info_density_delay0_thumbattn,181,0.9765555262565613,0.9422814846038818,0.9255326986312866,0.9338319897651672,There isn't a car visible in the image. The picture shows a rocky island in a body of water with some distant land and floating objects.,There isn't a car in the image. It shows a rocky island in a body of water with some distant land and boats.
budget=5120_info_density_delay0_thumbattn,182,0.837880551815033,0.7638079524040222,0.6922510862350464,0.7262712717056274,"The most prominently visible piece of equipment in the person's possession is the golf club, which is partially visible in their right hand. The club has a black grip and a silver head, indicating it is likely a driver or a wood, which are common clubs used for long-distance shots on a golf course. The club is attached to a golf bag, which is also a piece of equipment essential for carrying multiple clubs during a game of golf.","The most prominently visible piece of equipment in the person's possession is the golf bag. It is large, red and black, and has multiple clubs attached to it. The bag also has a glove hanging from it and a water bottle attached to the strap."
budget=5120_info_density_delay0_thumbattn,183,1.0,1.0000001192092896,1.0000001192092896,1.0000001192092896,"The flag on the left is the flag of Germany. It features three horizontal stripes of black, red, and yellow.","The flag on the left is the flag of Germany. It features three horizontal stripes of black, red, and yellow."
budget=5120_info_density_delay0_thumbattn,184,0.9858635663986206,0.905209481716156,0.9003514647483826,0.902773916721344,"The flag on the right is the flag of Bavaria, representing the German federal state of Bavaria (Bayern). The blue and white stripes are characteristic of the Bavarian flag.","The flag on the right is the flag of Bavaria, representing the German federal state of Bavaria (Bayern). The flag features a blue and white design with a horizontal stripe pattern."
budget=5120_info_density_delay0_thumbattn,185,0.909615695476532,0.6976303458213806,0.8216297626495361,0.7545697093009949,"The ship in the image displays the flag of the Netherlands. The flag features horizontal stripes of red, white, and blue, with a red circle in the top left corner (known as the ""Prinsentros"" or ""Prince's Circle""). This flag is commonly associated with the Royal Netherlands Navy. Therefore, the naval ship depicted is from the Netherlands.","The flag shown in the image is the national flag of the Netherlands. The flag features horizontal stripes of red, white, and blue, with a red disc (known as the ""Wilhelmina rose"") in the top left corner (the hoist side) on a white stripe. This flag is commonly flown by the Dutch Navy, and the presence of this flag on the ship indicates that it is a naval vessel of the Netherlands.

Thus, the country whose naval ship is depicted in the image is:

\[
\boxed{\text{Netherlands}}
\]"
budget=5120_info_density_delay0_thumbattn,186,0.9909861087799072,0.9106818437576294,0.935967743396759,0.9231516718864441,"The license plate on the vehicle in the image indicates that it is registered in Iceland. The license plate format and the ""ER"" prefix are characteristic of Icelandic vehicle registration plates. Additionally, the setting of the image, featuring a rugged and volcanic landscape, is consistent with Iceland's distinctive geographical features.","The license plate on the vehicle in the image indicates that it is registered in Iceland. The license plate format and the distinctive ""ER"" followed by numbers are characteristic of Icelandic license plates. Additionally, the setting of the image, featuring the unique volcanic landscapes and mountains, aligns with Iceland's well-known natural scenery."
budget=5120_info_density_delay0_thumbattn,187,0.9244601726531982,0.8867548108100891,0.8372434377670288,0.8612881898880005,"The square white adapter in the image is an Apple USB power adapter. Steve Jobs, along with Steve Wozniak, co-founded Apple Inc., the company that manufactures Apple products.","The square white adapter in the image is an Apple USB power adapter. Apple Inc. was founded by Steve Jobs, Steve Wozniak, and Ronald Wayne."
budget=5120_info_density_delay0_thumbattn,188,0.9883431196212769,0.9432235360145569,0.936378538608551,0.9397885799407959,"The image shows a large industrial building with a colorful mural on one side, situated next to a body of water. There is no blue backpack or airplane visible in the image. Therefore, I can't determine the position of a blue backpack relative to an airplane as these objects are not present in the photograph.","The image shows a large building with colorful murals next to a body of water, with some industrial structures nearby. There is no blue backpack or airplane visible in the image. Therefore, I can't determine the position of a blue backpack relative to an airplane as they are not present in the scene."
budget=5120_info_density_delay0_thumbattn,189,0.8555123209953308,0.6124708652496338,0.7978367209434509,0.6929718255996704,The blue backpack is to the right of the umbrella.,"The blue backpack is on the ground near the fence, while the umbrella is held by a person standing on the bridge. The backpack is positioned to the right and slightly in front of where the umbrella is located."
budget=5120_info_density_delay0_thumbattn,190,1.0,0.9999997615814209,0.9999997615814209,0.9999997615814209,The blue backpack is positioned to the right of the wooden box.,The blue backpack is positioned to the right of the wooden box.
budget=5120_info_density_delay0_thumbattn,191,0.9022198915481567,0.9312310218811035,0.8637514114379883,0.8962228298187256,The wooden jewelry box is to the right of the clock when facing the fireplace.,The wooden jewelry box is positioned to the right of the clock.
budget=5120_info_density_delay0_thumbattn,192,0.7564846873283386,0.910103976726532,0.910103976726532,0.910103976726532,There are two chairs in the image.,There is one chair in the image.
budget=5120_info_density_delay0_thumbattn,193,0.8026895523071289,0.9476442933082581,0.8322566747665405,0.8862102627754211,"The chairs are facing away from the viewer, towards the window.",The chairs are facing towards the window.
budget=5120_info_density_delay0_thumbattn,194,1.0,0.9999998807907104,0.9999998807907104,0.9999998807907104,The blue backpack is positioned to the left of the warning sign.,The blue backpack is positioned to the left of the warning sign.
budget=5120_info_density_delay0_thumbattn,195,0.9006227850914001,0.8246254324913025,0.8904200196266174,0.8562607169151306,"The black car is ahead of the tram, further up the street.","The black car is positioned to the left of the tram, ahead of it on the road."
budget=5120_info_density_delay0_thumbattn,196,0.8023664951324463,0.9909745454788208,0.9909745454788208,0.9909745454788208,There are three people in the image.,There are four people in the image.
budget=5120_info_density_delay0_thumbattn,197,0.8004469275474548,0.9927067756652832,0.9927067756652832,0.9927067756652832,There are five people in the image.,There are four people in the image.
budget=5120_info_density_delay0_thumbattn,198,0.642972469329834,0.8963845372200012,0.9014924764633179,0.8989312052726746,"There are two people in the image. One person is prominently featured in the foreground, wearing a brown outfit and a hat, while the other person is partially visible in the background.","There are two people in the image. One person is prominently featured in the foreground, sitting and smiling at the camera. The other person is partially visible in the background, near a sign."
budget=5120_info_density_delay0_thumbattn,199,1.0,1.0000001192092896,1.0000001192092896,1.0000001192092896,"The boat is positioned on the left side of the image, while the buildings are on the right side. The boat is further away from the shore compared to the buildings.","The boat is positioned on the left side of the image, while the buildings are on the right side. The boat is further away from the shore compared to the buildings."
