tag,sample_idx,cosine_similarity,bertscore_precision,bertscore_recall,bertscore_f1,reference,candidate
budget=1024_info_density_delay0_thumbattn,0,1.0000001192092896,1.0,1.0,1.0,The number displayed above the entrance is 27B.,The number displayed above the entrance is 27B.
budget=1024_info_density_delay0_thumbattn,1,1.000000238418579,1.0000004768371582,1.0000003576278687,1.0000003576278687,The mailbox is blue.,The mailbox is blue.
budget=1024_info_density_delay0_thumbattn,2,1.0,0.9999997615814209,0.9999997615814209,0.9999997615814209,The mailbox is on the right side of the woman.,The mailbox is on the right side of the woman.
budget=1024_info_density_delay0_thumbattn,3,0.9442981481552124,0.9857505559921265,0.9589685201644897,0.972175121307373,"The white board in front of the girl in purple shorts has the text ""ETLE VATE"" written on it.","The white board in front of the girl in purple shorts has the text ""VATE"" written on it."
budget=1024_info_density_delay0_thumbattn,4,0.6090546250343323,0.8562813997268677,0.8596276044845581,0.857951283454895,"The text on the blue golf ball holder reads ""Multi-use"".","The text written on the blue golf ball holder is ""Tour Edge."""
budget=1024_info_density_delay0_thumbattn,5,0.6096158027648926,0.8648825287818909,0.9450098276138306,0.9031724333763123,The golf ball holder is brown.,The golf ball holder is red and black.
budget=1024_info_density_delay0_thumbattn,6,0.5594345331192017,0.574379026889801,0.6596150398254395,0.6140533089637756,The license plate number of the car is FK873.,"The image shows a white SUV parked on a black sand surface with mountains in the background. The license plate is not clearly visible, so I can't determine the license plate number."
budget=1024_info_density_delay0_thumbattn,7,1.0,0.9999999403953552,0.9999999403953552,0.9999999403953552,The person is sitting on the driver's side of the car.,The person is sitting on the driver's side of the car.
budget=1024_info_density_delay0_thumbattn,8,0.939725399017334,0.7353891134262085,0.7624052166938782,0.7486534714698792,"The water bottle is placed on a small ledge or table in front of the person, to their right side (on the left side of the image).","The water bottle is placed on a ledge or surface to the right of the person. It is positioned near the corner of the structure, close to a window, and slightly below the person's waist level."
budget=1024_info_density_delay0_thumbattn,9,0.7606280446052551,0.9155900478363037,0.9394204020500183,0.9273521304130554,"The brand mentioned on the black rectangular device located at the left of the image is ""SanDisk.""","The brand mentioned on the black rectangular device located at the left of the image is ""DINZO."""
budget=1024_info_density_delay0_thumbattn,10,0.864969789981842,0.9655429124832153,0.9330143928527832,0.9490000009536743,"The text written above the logo on the jacket's sleeve is ""epicmix.""","The text written above the logo on the jacket's sleeve is ""epic""."
budget=1024_info_density_delay0_thumbattn,11,0.7477202415466309,0.8542498350143433,0.6194775104522705,0.7181634902954102,"The person in the background is wearing gloves that appear to be work gloves. They are likely designed for manual labor or outdoor activities, given their sturdy look.",The person in the background is wearing blue gloves.
budget=1024_info_density_delay0_thumbattn,12,1.0,1.000000238418579,1.000000238418579,1.000000238418579,The person is standing to the right of the recycle bin.,The person is standing to the right of the recycle bin.
budget=1024_info_density_delay0_thumbattn,13,0.639423131942749,0.8844338059425354,0.8739176988601685,0.8791442513465881,"The number written on the sign in the background is ""08-26"".",The number written on the sign in the background is **15**.
budget=1024_info_density_delay0_thumbattn,14,0.8213123083114624,0.7669346332550049,0.7349621057510376,0.7506080269813538,"The image shows a person standing among ancient stone ruins, taking a photograph. There is a small sign visible on one of the walls in the background. The sign appears to be **yellow**.","The image shows a person standing among ancient stone ruins, taking a photograph. There is no sign visible in the image. The scene includes stone structures, trees, and a dirt path."
budget=1024_info_density_delay0_thumbattn,15,1.0,0.9999997615814209,0.9999998211860657,0.9999998211860657,The umbrella in the image is blue.,The umbrella in the image is blue.
budget=1024_info_density_delay0_thumbattn,16,0.8934696912765503,0.7094606161117554,0.6885568499565125,0.6988524794578552,"The image shows the interior of a grand cathedral with Gothic architectural features, including vaulted ceilings, stained glass windows, and ornate decorations. There is a framed poster on the wall to the right side of the image, near the back of the cathedral.

The title of the framed poster is not clearly visible in the image provided. The text on the poster is too small and indistinct to be read accurately from this perspective. Therefore, I'm unable to provide the specific title of the poster.","The image shows the interior of a large, ornate hall with Gothic architectural features, including vaulted ceilings, stained glass windows, and rows of wooden pews. There is no framed poster visible in the image. Therefore, I cannot provide the title of a framed poster.

If you have another image or need further assistance with this one, feel free to let me know!"
budget=1024_info_density_delay0_thumbattn,17,0.7867053151130676,0.9417973756790161,0.9140686988830566,0.9277259111404419,"The barge on the left side of the image is named ""Petrol Land.""","The barge on the left side of the image is named ""METEOR."""
budget=1024_info_density_delay0_thumbattn,18,1.0,1.000000238418579,1.000000238418579,1.000000238418579,"The neon ""OPEN"" sign hanging above the items for sale is red.","The neon ""OPEN"" sign hanging above the items for sale is red."
budget=1024_info_density_delay0_thumbattn,19,0.645836591720581,0.8249725103378296,0.8896071910858154,0.8560715913772583,"The road sign directly below the American flag reads ""One Way.""","The road sign directly below the American flag reads ""HIawatha."""
budget=1024_info_density_delay0_thumbattn,20,0.9238155484199524,0.979996919631958,0.979996919631958,0.979996919631958,"The number written on the front of the train is ""401 132-5"".","The number written on the front of the train is ""460 112-6""."
budget=1024_info_density_delay0_thumbattn,21,0.8826999664306641,0.8692771196365356,0.8068027496337891,0.8368756175041199,"In the image, there are three dogs being walked. They are accompanied by a person wearing a red jacket. The setting is a park with a large tree and a hedge in the background under a clear blue sky.","In the image, there are three dogs being walked. The person in the red jacket is walking the dogs along a path next to a hedge."
budget=1024_info_density_delay0_thumbattn,22,0.6596192121505737,0.6450248956680298,0.860383152961731,0.7372997999191284,There isn't a bike visible in the image.,There is no bike visible in the image. The image shows a river with a tall cylindrical building and some other structures along the riverbank.
budget=1024_info_density_delay0_thumbattn,23,0.8005859851837158,0.7310695648193359,0.5656501054763794,0.6378087401390076,"The image shows a tall, cylindrical building with a distinctive geometric pattern on its facade, situated next to a body of water. The building appears to be part of a modern architectural complex, with other structures nearby.

As for the shape of the signboard attached to the building, there isn't a clear or visible signboard in the image provided. The photograph mainly focuses on the cylindrical building and its surroundings, but does not distinctly feature any signboard that can be described in terms of shape. 

If you are referring to a specific signboard that might be present but not easily discernible in this image, additional details or a different image might be needed to accurately describe its shape.","The image shows a tall, cylindrical green building near a river. There is a smaller structure adjacent to it with a curved, wave-like roof. However, I don't see any signboard attached to the building in this image."
budget=1024_info_density_delay0_thumbattn,24,0.4306453764438629,0.7010504603385925,0.48991864919662476,0.5767701268196106,"The text on the signboard in the image reads ""Museum für Fotografie"" which translates to ""Photography Museum"" in English.",There is no signboard visible in the image.
budget=1024_info_density_delay0_thumbattn,25,0.9731890559196472,0.9749032855033875,0.9596928954124451,0.9672382473945618,"The orange building is located to the left of the cylindrical green building when facing the image. The cylindrical green building stands prominently on the right side, while the orange building is positioned further back and to the left, closer to the riverbank.","The orange building is located to the left of the cylindrical green building when facing the image. The cylindrical green building is on the right side, while the orange building is positioned further back and to the left, closer to the water."
budget=1024_info_density_delay0_thumbattn,26,0.6303718090057373,0.8174809217453003,0.7237558364868164,0.7677685618400574,"The name of the place mentioned on the signboard above the left door is ""Abri de Pataud.""","The signboard above the left door reads ""pinatubo."""
budget=1024_info_density_delay0_thumbattn,27,0.6341579556465149,0.8691054582595825,0.7850686311721802,0.8249523639678955,The man wearing a yellow shirt is not carrying a backpack in the image.,The man wearing a yellow shirt is carrying a black backpack.
budget=1024_info_density_delay0_thumbattn,28,0.5247676372528076,0.4977388083934784,0.7569442987442017,0.6005668640136719,The girl wearing a blue top is sitting on the left side of the man wearing a yellow shirt.,"The girl wearing a blue top is sitting on the left side of the man wearing a yellow shirt. 

To break it down:
1. Identify the man wearing a yellow shirt in the image.
2. Look at the position of the girl wearing a blue top relative to the man in the yellow shirt.
3. Determine that the girl is to the left of the man when facing the image.

This observation is based on their relative positions in the pathway scene."
budget=1024_info_density_delay0_thumbattn,29,0.6907884478569031,0.8777015805244446,0.7997385263442993,0.8369082808494568,The clock shows a time of approximately 6:10.,The clock shows 1:45.
budget=1024_info_density_delay0_thumbattn,30,0.9974998235702515,0.9606020450592041,0.9606020450592041,0.9606020450592041,The river is flowing from the bottom right to the top left relative to the clock tower.,The river is flowing from the bottom left to the bottom right relative to the clock tower.
budget=1024_info_density_delay0_thumbattn,31,0.8246257305145264,0.7152602672576904,0.8562564253807068,0.7794332504272461,"In the middle of the water, there is a small, circular platform with a yellow railing and a bench. It appears to be a spot for relaxing or enjoying the view.","In the middle of the water, there is a small, circular platform with a yellow railing. Atop this platform, there is a decorative, yellow, metal structure that resembles a small gazebo or an artistic installation. The structure is illuminated from within, casting a warm glow that reflects on the surrounding water. This platform appears to be a focal point in the park, likely serving as a spot for relaxation or aesthetic enjoyment."
budget=1024_info_density_delay0_thumbattn,32,0.9609337449073792,0.892430305480957,0.9017228484153748,0.897052526473999,The speed limit indicated by the sign in the image is 20 km/h.,The speed limit sign in the image indicates a limit of 20 km/h.
budget=1024_info_density_delay0_thumbattn,33,0.5853124856948853,0.973450779914856,0.9556875228881836,0.9644873738288879,The year inscribed on the sundial is 1762.,The year inscribed on the sundial is 1850.
budget=1024_info_density_delay0_thumbattn,34,0.45776766538619995,0.5252096652984619,0.418294221162796,0.46569427847862244,"The message on the sign reads ""KHU VUC CO BAN NGHEM KHOANG 10 PHUT."" This translates from Vietnamese to ""Please stay for at least 10 minutes.""","The image shows a person taking a photograph of a beautiful waterfall surrounded by lush greenery. There is no sign visible in the image, so I can't determine any message written on it."
budget=1024_info_density_delay0_thumbattn,35,0.8273067474365234,0.5105887651443481,0.7812114357948303,0.6175532937049866,The hazard numbers on the left side storage container's label are 1 and 2.,"The left side storage container's label displays the following hazard numbers:

- **2**: Indicates flammability.
- **3**: Indicates oxidizing properties.
- **8**: Indicates corrosivity."
budget=1024_info_density_delay0_thumbattn,36,0.7954200506210327,0.9902099967002869,0.9902099967002869,0.9902099967002869,"The ""1"" on the left side hazard label of the storage container is black.","The ""1"" on the left side hazard label of the storage container is red."
budget=1024_info_density_delay0_thumbattn,37,0.4849371016025543,0.8502233028411865,0.9383318424224854,0.892107367515564,The surveillance camera is black.,The surveillance camera is red and white.
budget=1024_info_density_delay0_thumbattn,38,0.679968535900116,0.6197847723960876,0.7536598443984985,0.6801977157592773,"The text on the sign attached to the wall of the building reads ""San Francisco.""","The sign attached to the wall of the building is a bike route sign. It features a bicycle symbol and the number ""5"" inside a green circle, indicating a bike route. There is no text on the sign."
budget=1024_info_density_delay0_thumbattn,39,0.889046311378479,0.8830158114433289,0.9153631329536438,0.8988985419273376,"There isn't a car clearly visible in the image. The scene shows a town with buildings, a bridge, and a river.","There isn't a car visible in the image. It shows a scenic view of a town with buildings, a bridge, and a church, reflected in the water."
budget=1024_info_density_delay0_thumbattn,40,0.791496992111206,0.8700589537620544,0.7941006422042847,0.8303463459014893,The girl on the raft is wearing a pink shirt.,The girl's shirt is pink.
budget=1024_info_density_delay0_thumbattn,41,0.589562177658081,0.6024677753448486,0.7458078861236572,0.6665183305740356,The car in the image appears to be white.,There is no car visible in the image. It shows a scenic view of a lake with boats and a traditional building surrounded by mountains and greenery.
budget=1024_info_density_delay0_thumbattn,42,0.6275014877319336,0.7941754460334778,0.8393646478652954,0.8161449432373047,The person in the image is wearing a dark-colored jacket.,The primary color of the person's clothing in the image is black.
budget=1024_info_density_delay0_thumbattn,43,0.7540965676307678,0.7839826345443726,0.6470284461975098,0.708952009677887,"The image shows a cityscape with a waterfront and a large Ferris wheel. There is a building with a flag on the left side of the image. The flag appears to be dark in color, likely blue or black, but the exact color is difficult to determine due to the distance and lighting.",The image shows a city skyline with a waterfront in the foreground. There is no flag visible in the image.
budget=1024_info_density_delay0_thumbattn,44,0.6159862279891968,0.6995412111282349,0.8101294040679932,0.7507848143577576,"The street sign on the pole near the center bottom of the image indicates ""Michigan Ave.""","The street indicated by the sign on the pole near the center bottom of the image is ""ONE WAY."" The sign also shows an arrow pointing to the left, indicating the direction of traffic."
budget=1024_info_density_delay0_thumbattn,45,0.6237043738365173,0.980106770992279,0.980106770992279,0.980106770992279,The number written on the boat is 6.,The number written on the boat is 37.
budget=1024_info_density_delay0_thumbattn,46,0.351801335811615,0.630477786064148,0.742804229259491,0.6820471882820129,The person in the image is wearing a blue shirt.,There is no person visible in the image. It features a scenic view of a waterfall and surrounding forested area.
budget=1024_info_density_delay0_thumbattn,47,0.6343494653701782,0.7514197826385498,0.738753616809845,0.7450329065322876,The flag appears to be white.,There is no flag visible in the image.
budget=1024_info_density_delay0_thumbattn,48,0.8911224603652954,0.8711090087890625,0.918379545211792,0.8941199779510498,The figurine on the shelf is wearing a uniform that appears to be gold or brass in color.,"The figurine on the shelf is wearing a uniform that appears to be dark in color, likely brown or black."
budget=1024_info_density_delay0_thumbattn,49,0.9652531147003174,0.8654930591583252,0.844336986541748,0.8547841310501099,The visible vehicle in the image is white.,The vehicle in the background appears to be white.
budget=1024_info_density_delay0_thumbattn,50,1.0000001192092896,0.9999995231628418,0.9999995231628418,0.9999995231628418,The climber's hat is red.,The climber's hat is red.
budget=1024_info_density_delay0_thumbattn,51,1.0000001192092896,1.0,0.9999999403953552,0.9999999403953552,The trailer in the image is orange.,The trailer in the image is orange.
budget=1024_info_density_delay0_thumbattn,52,0.9345340728759766,0.7699854373931885,0.81696617603302,0.792780339717865,The phone number on the boat is 0753 82 188.,The phone number written on the boat is (763) 555-5555.
budget=1024_info_density_delay0_thumbattn,53,0.9656009674072266,0.8391236066818237,0.94871985912323,0.8905625343322754,The motorcycle is red.,The motorcycle in the image is red.
budget=1024_info_density_delay0_thumbattn,54,0.732826292514801,0.9118447303771973,0.914585292339325,0.9132128953933716,"The title of the book displayed prominently on the stand is ""Polycarp.""","The title of the book displayed prominently on the stand is ""Holy Bible."""
budget=1024_info_density_delay0_thumbattn,55,0.7176110148429871,0.7718093991279602,0.7748891115188599,0.7733461260795593,"The flowers in the image are red. They match the overall color scheme of the room, which features rich red wallpaper and curtains. The red flowers complement the luxurious and elegant decor of the space.","The flowers on the canopy and the bedding are a deep pink color, complementing the overall color scheme of the room. The rich pink fabric features intricate patterns, adding to the luxurious and elegant atmosphere of the space."
budget=1024_info_density_delay0_thumbattn,56,0.5287764072418213,0.7170232534408569,0.6504589915275574,0.6821210980415344,The phone number listed on the building in the foreground is 206-441-5000.,The image does not show any phone numbers on the buildings in the foreground.
budget=1024_info_density_delay0_thumbattn,57,0.8269306421279907,0.9800224900245667,0.9800225496292114,0.9800224900245667,The number written on the blue tag is 23.,The number written on the blue tag is 10.
budget=1024_info_density_delay0_thumbattn,58,1.0,0.9999999403953552,0.9999999403953552,0.9999999403953552,The registration number of the boat is TN-01-00026.,The registration number of the boat is TN-01-00026.
budget=1024_info_density_delay0_thumbattn,59,0.8110744953155518,0.8946728110313416,0.7042031288146973,0.7880929112434387,"The flag flying on the top of the boat appears to have a combination of colors. The main part of the flag is red and yellow, with a black triangle on the hoist side. This suggests it might be the flag of Spain.",The flag on the top of the boat appears to be red and yellow.
budget=1024_info_density_delay0_thumbattn,60,1.0000001192092896,1.000000238418579,1.000000238418579,1.000000238418579,The model number of the train shown in the image is 2001.,The model number of the train shown in the image is 2001.
budget=1024_info_density_delay0_thumbattn,61,0.4691433012485504,0.5810419321060181,0.7448683977127075,0.6528341770172119,The person in the image is wearing a blue shirt.,"The image shows a train station platform, but there is no person visible in the image. Therefore, I can't determine the color of any shirt worn by a person."
budget=1024_info_density_delay0_thumbattn,62,0.7176836729049683,0.7039006948471069,0.7795851230621338,0.7398123145103455,"The sign above the parking garage entrance reads ""Public Parking.""","The sign reads ""PARKING"" in large white letters on a black background."
budget=1024_info_density_delay0_thumbattn,63,0.915540337562561,0.759397566318512,0.706202507019043,0.7318346500396729,"The image shows a ship docked at a port, and there is a vehicle parked nearby. The license plate of the vehicle is not clearly visible due to the angle and distance. Therefore, I can't determine the license plate number from this image.","The image shows a ship docked at a port, and there is no vehicle visible in the image. Therefore, there is no license plate number to identify."
budget=1024_info_density_delay0_thumbattn,64,0.6717464327812195,0.7003402709960938,0.45916929841041565,0.5546737313270569,"In the image, the person is standing on the dock next to the ship, while a car is parked on the right side of the dock, further away from the ship. The person appears to be closer to the ship than the car. Specifically, the person is positioned to the left of the car when facing the image. The person is also near the yellow gangway that leads from the dock to the ship.

So, relative to the car, the person is positioned more towards the left and closer to the ship.",The person is to the right of the car.
budget=1024_info_density_delay0_thumbattn,65,0.7718511819839478,0.8330137133598328,0.8189142346382141,0.8259038329124451,The image does not show a car.,There is no car in the image.
budget=1024_info_density_delay0_thumbattn,66,0.5242291688919067,0.7143369913101196,0.7601016759872437,0.7365090847015381,The person in the image is wearing white pants.,The image does not show any person wearing pants.
budget=1024_info_density_delay0_thumbattn,67,0.7905632257461548,0.6040632724761963,0.552722156047821,0.5772533416748047,"The flag in the image appears to have multiple colors. From left to right, the colors seem to be:

1. Yellow
2. Blue
3. Red
4. Yellow
5. Green
6. Black
7. Red

This combination of colors is indicative of the Chilean flag.","The flag in the image appears to have multiple colors. The visible part of the flag shows horizontal stripes, with the top stripe being yellow and the bottom stripe being black. There might be other colors or details not visible in this particular section of the flag."
budget=1024_info_density_delay0_thumbattn,68,0.6714167594909668,0.9818236827850342,0.9818236827850342,0.9818236827850342,The trash can in the image is black.,The trash can in the image is red.
budget=1024_info_density_delay0_thumbattn,69,0.6396814584732056,0.8638129234313965,0.5922135710716248,0.7026818990707397,"There isn't a dog clearly visible in the image. If you're referring to a specific part of the image, please let me know!",There is no dog visible in the image.
budget=1024_info_density_delay0_thumbattn,70,0.6506639719009399,0.9436722993850708,0.961654782295227,0.9525786638259888,"The letters on the green trash bin are ""PET"".","The letters on the green trash bin read ""PETITE."""
budget=1024_info_density_delay0_thumbattn,71,0.6528772711753845,0.5980249643325806,0.48634231090545654,0.5364323854446411,"In the image, there is a black sign with yellow arrows. The arrows indicate directions. Specifically, the arrows on the sign are pointing to the right. This suggests that traffic or pedestrians should proceed in the direction the arrows are facing, which is towards the right side. The positioning of the sign and the arrows is crucial for guiding movement, whether it be vehicular or pedestrian traffic, ensuring an orderly flow in the designated direction.","The image doesn't show a black sign with arrows. It depicts an ancient stone archway, likely part of a historical structure, with a modern building nearby."
budget=1024_info_density_delay0_thumbattn,72,0.7072247266769409,0.8693169355392456,0.8310502767562866,0.8497530221939087,"The text on the black sign reads ""ARCO DE POMPEI.""","The text at the center of the black sign reads ""ZONA""."
budget=1024_info_density_delay0_thumbattn,73,0.690962016582489,0.6676769256591797,0.7072607278823853,0.6868990063667297,The number on the rectangular white sign is 3.,The image doesn't show a rectangular white sign with a number on it.
budget=1024_info_density_delay0_thumbattn,74,0.6675969362258911,0.7909296751022339,0.9207347631454468,0.8509103059768677,"The text on the white building reads ""DB"".","The text on the white building reads ""Park Inn by Radisson."""
budget=1024_info_density_delay0_thumbattn,75,0.9057555794715881,0.7310829162597656,0.6646071076393127,0.6962619423866272,"The building with a red and white striped antenna on its top is the one located towards the right side of the image, slightly to the center. It is a tall skyscraper with a cylindrical shape and a glass facade. The antenna stands out prominently against the clear blue sky. This distinctive feature helps in identifying the building amidst the cluster of modern high-rises.","The building with a red and white striped antenna on its top is the one located on the left side of the tall skyscraper in the center of the image. It's the shorter building with a rectangular shape, situated next to the tower with the antenna."
budget=1024_info_density_delay0_thumbattn,76,0.897688090801239,0.7080245018005371,0.9088934063911438,0.7959820628166199,The ceiling beams in the room are made of wood.,"The ceiling beams in the room are made of wood. The wooden beams add a rustic and natural touch to the space, complementing the overall aesthetic of the room."
budget=1024_info_density_delay0_thumbattn,77,0.9489356279373169,0.7359423637390137,0.8759965896606445,0.7998851537704468,"The small stone cairn is located at the base of the waterfall, near the center of the image, close to where the water collects at the bottom.","The small stone cairn is located at the bottom of the waterfall, near the center of the image. It is situated on the rocky surface where the water collects after cascading down. The cairn appears to be a marker or a point of interest, standing out amidst the greenery and rocks."
budget=1024_info_density_delay0_thumbattn,78,0.9106627106666565,0.8113822937011719,0.7114471197128296,0.7581356167793274,"In the image, there is a piece of cloth or a garment hanging on the wall inside the house, to the right side of the doorway. It appears to be draped over a hook or a similar fixture on the wall. The wall itself is painted in a greenish hue, and the doorway provides a glimpse into the interior space. The hanging cloth adds a touch of everyday life to the scene, suggesting that this is a lived-in and functional space.","Inside the house, there appears to be a piece of cloth or a garment hanging on the wall. It's located to the right side of the doorway, near the top corner of the wall. The item is light-colored and seems to be draped over something, possibly a hook or a nail."
budget=1024_info_density_delay0_thumbattn,79,0.7719582319259644,0.7376109957695007,0.7434045076370239,0.7404964566230774,"The object mounted on the wall in the background appears to be a small plaque or sign. Given the context of the image, which shows an architectural interior with columns and arches, it is likely that the plaque provides information about the historical or architectural significance of the location. It could contain details such as the name of the building, historical dates, or descriptions of the architectural style. However, the text on the plaque is not legible in the image, so the exact content cannot be determined.","In the background, centered on the wall, there is a small, rectangular plaque or sign. It appears to be mounted at a height where it can be seen from the walkway. The plaque is relatively plain and blends with the color of the surrounding wall, making it somewhat subtle. It likely contains informational text or a title related to the architectural space, though the specific details on the plaque are not discernible from this image."
budget=1024_info_density_delay0_thumbattn,80,0.6838231682777405,0.7454382181167603,0.6086969375610352,0.6701634526252747,"The image doesn't show a cup, so I can't determine its color.",The cup in the image is white.
budget=1024_info_density_delay0_thumbattn,81,0.7591865062713623,0.8010050058364868,0.45137619972229004,0.5773874521255493,"The primary material of the cup lying on the ground appears to be paper or thin cardboard. This assessment is based on the following observations:

1. **Shape and Structure**: The cup has a typical cylindrical shape with a flat base, which is common for paper cups.
2. **Surface Texture**: The surface looks smooth and uniform, which is characteristic of paper or cardboard materials.
3. **Size and Proportion**: The cup seems relatively small, consistent with disposable paper cups often used for beverages.
4. **Context**: Given the outdoor setting and the presence of a graffiti wall, it's plausible that the cup is a piece of litter, which is commonly made from paper or cardboard.

Paper cups are often used for disposable purposes and are lightweight, making them easy to carry and discard, which aligns with the scenario depicted in the image.",The primary material of the cup lying on the ground appears to be plastic.
budget=1024_info_density_delay0_thumbattn,82,0.8213880062103271,0.8036114573478699,0.6672351360321045,0.7291008830070496,"The object located in the center of the grassy area is a statue. It appears to be a classical statue, possibly depicting historical or mythological figures, given the architectural style of the surrounding buildings. The statue is positioned on a pedestal, making it a focal point in the courtyard.","In the center of the grassy area, there is a statue. It stands prominently, serving as a focal point amidst the expansive lawn."
budget=1024_info_density_delay0_thumbattn,83,0.8506549596786499,0.6388170123100281,0.5189749002456665,0.5726936459541321,"The sign on the bridge indicates the direction towards Zaragoza. Given the context of the image, which shows a bridge over a body of water with a scenic landscape in the background, it's logical to assume that the sign is providing directions for travelers.

To determine the direction indicated on the sign:

1. **Observation**: The sign is likely placed on the side of the road or bridge, pointing in a specific direction.
2. **Contextual Clues**: Bridges often have directional signs to guide travelers to various destinations. If the sign is pointing towards Zaragoza, it would typically point in the general direction of travel to reach that city.

Considering these points, the direction indicated on the sign pointing towards Zaragoza would be towards the general direction you need to travel to reach Zaragoza from the current location. This is usually forward or to the side, depending on the layout of the road relative to the bridge.

Without the specific visual of the sign, it's reasonable to conclude that the sign points in the direction you would travel to head towards Zaragoza.","The sign pointing towards Zaragoza indicates the direction to the **left**. This suggests that if you follow the road in the direction of the sign, you will be heading towards Zaragoza by taking a left turn."
budget=1024_info_density_delay0_thumbattn,84,0.7210448384284973,0.47109803557395935,0.7015426158905029,0.5636771321296692,The sign pointing towards Alocén indicates the direction to the left.,"The image shows a bridge over a body of water, with hills and vegetation in the background. There is no sign visible in the image pointing towards Alocén or any other location. Therefore, I cannot determine the direction indicated on such a sign.

However, if you have a description or another image showing the sign, I'd be happy to help with that information!"
budget=1024_info_density_delay0_thumbattn,85,0.6949126720428467,0.6260774731636047,0.8264156579971313,0.712430477142334,There isn't a car visible in the image.,There is no car in the image. The scene depicts a barren landscape with a leafless tree and some rocks under a clear blue sky.
budget=1024_info_density_delay0_thumbattn,86,0.7517075538635254,0.8495165705680847,0.7213923931121826,0.7802295088768005,"The image shows a large, historic building with a green dome and several smaller domes, surrounded by trees and a park area. There is a street in front of the building with some people and vehicles.

There is no speed limit sign clearly visible in the image. Therefore, I can't determine the speed limit from this image.","The image shows a historic building with a large dome and several smaller domes, surrounded by trees and a clear blue sky. There is no speed limit sign visible in the image."
budget=1024_info_density_delay0_thumbattn,87,0.9527179002761841,0.9068739414215088,0.9770487546920776,0.9406543970108032,The flag is red with a yellow star.,The flag in the image is red with a yellow star.
budget=1024_info_density_delay0_thumbattn,88,0.6984845995903015,0.8749282360076904,0.8979403972625732,0.8862849473953247,"The name written on the boat is ""Gondola.""","The name written on the side of the boat is ""Rhein."""
budget=1024_info_density_delay0_thumbattn,89,0.6129446029663086,0.5595367550849915,0.6864803433418274,0.6165421009063721,The speed limit sign indicates 30.,The image doesn't show a speed limit sign. It depicts a scenic view of a city with historic buildings along a river.
budget=1024_info_density_delay0_thumbattn,90,1.0,0.9999998211860657,0.9999998211860657,0.9999998211860657,"The name written on the front of the boat is ""Freedom.""","The name written on the front of the boat is ""Freedom."""
budget=1024_info_density_delay0_thumbattn,91,0.7207520008087158,0.6060245037078857,0.597901463508606,0.6019355654716492,"The flag in the image is red, white, and green, which are the colors of the Tunisian flag.","The image doesn't provide a clear view of a flag, so I can't determine its color."
budget=1024_info_density_delay0_thumbattn,92,0.7507256269454956,0.7501636147499084,0.5577296018600464,0.639789879322052,"The Royal Albert Hall is located to the left of the bus in the image. The bus is on the right side of the frame, moving along the road, while the Royal Albert Hall dominates the center and left portion of the image. The Hall's distinctive circular structure and illuminated facade are clearly visible, standing prominently in the scene.",The Royal Albert Hall is positioned to the left of the bus.
budget=1024_info_density_delay0_thumbattn,93,0.9151867032051086,0.7107020020484924,0.8063654899597168,0.7555175423622131,"The houses are located in the background, towards the right side of the image, nestled among the trees and slightly elevated compared to the tea fields in the foreground.","The houses are located in the distance, beyond the expanse of the tea fields. They appear to be nestled among the trees and are relatively small in comparison to the vast tea plantation. The tea fields dominate the foreground and middle ground of the image, with the houses situated towards the right side, partially obscured by the trees and the rolling hills."
budget=1024_info_density_delay0_thumbattn,94,0.8984463214874268,0.8202153444290161,0.6405467987060547,0.7193318009376526,"In the image, the white truck is positioned to the right of the trams. The trams are closer to the left side of the image, near the bridge and the people walking. The truck is situated further to the right, near the edge of the platform area in front of the large building.",The white truck is positioned to the left of the trams in the image.
budget=1024_info_density_delay0_thumbattn,95,0.8099715709686279,0.7829413414001465,0.5743954181671143,0.6626474857330322,"In the image, the red car is positioned to the left of the black car. The red car is closer to the foreground and is situated near the center-left part of the photo, while the black car is slightly behind and to the right of the red car, closer to the background. Both cars are parked near the building on the left side of the image.",The red car is positioned to the left of the black car.
budget=1024_info_density_delay0_thumbattn,96,1.0,1.0,1.0,1.0,The pink banner is to the right of the green trash bin.,The pink banner is to the right of the green trash bin.
budget=1024_info_density_delay0_thumbattn,97,0.610432505607605,0.7705122828483582,0.5375389456748962,0.633278489112854,"In the image, the person wearing a light brown hat is positioned to the left of the person wearing a pink shirt. Both individuals appear to be exploring the ancient stone ruins, with the person in the light brown hat slightly ahead of the person in the pink shirt along the path. The person in the light brown hat seems to be leading or guiding the way, while the person in the pink shirt follows closely behind. This relative positioning suggests they might be traveling together, possibly as tourists or explorers visiting the historical site.",The person in the light brown hat is positioned to the left of the person wearing the pink shirt.
budget=1024_info_density_delay0_thumbattn,98,0.8886809945106506,0.9208166599273682,0.9262489080429077,0.923524796962738,The white car is positioned to the left of the large white building.,The white car is positioned in front of the large white building.
budget=1024_info_density_delay0_thumbattn,99,0.7182091474533081,0.6056002974510193,0.559563398361206,0.5816723108291626,"In the image, the black motorcycle is positioned to the left of the silver car. The silver car is slightly ahead of the motorcycle, and both are situated on the right side of the frame, near the bottom. The motorcycle is closer to the water's edge, while the car is a bit further back, near the buildings.","The image shows a bridge over a river with buildings and boats in the background. There is no black motorcycle or silver car visible in the image. Therefore, I can't determine their relative positions."
budget=1024_info_density_delay0_thumbattn,100,0.9362218976020813,0.625158429145813,0.7606419324874878,0.6862773895263672,"The flag on the left side has three vertical stripes. From left to right, the colors are black, red, and yellow. This is the flag of Germany.","The flag on the left side is the German flag, which consists of three horizontal stripes. The colors from top to bottom are:

1. Black
2. Red
3. Yellow (or Gold)

So, the flag on the left side features the colors black, red, and yellow."
budget=1024_info_density_delay0_thumbattn,101,0.8888505697250366,0.7546047568321228,0.7267962098121643,0.7404394149780273,"The small white building is located along the dock, which is adjacent to the water. It is positioned such that part of it is near the edge of the dock, with the water in the foreground. The building is situated to the right side of the image, closer to the large silos, and it stands on the dock that extends into the water. The building itself is relatively low in height compared to the silos and other structures around it.","The small white building is situated on the dock, which is adjacent to the water. It is positioned such that the water is directly in front of it, along the shoreline. The building appears to be slightly elevated from the water level, as it is on the dock structure that extends into the water. The water surrounds the dock on the sides, but the building itself is not directly in the water."
budget=1024_info_density_delay0_thumbattn,102,0.9134499430656433,0.9945935010910034,0.9945935010910034,0.9945935010910034,There are four computers visible on the table.,There are five computers visible on the table.
budget=1024_info_density_delay0_thumbattn,103,0.94486403465271,0.7875399589538574,0.7894960641860962,0.7885168194770813,"The American flag is positioned on the left side of the image. It is attached to a pole and is located near the front of the scene, slightly behind some of the items and signs in front of the building. The flag is visible among the various objects and appears to be flying or standing upright.","The American flag is located towards the left side of the image. It is positioned near the middle, slightly above the ground level, and is attached to a structure or pole. The flag is visible among the various items and structures in the background, to the left of the main building with the ""One Way"" sign."
budget=1024_info_density_delay0_thumbattn,104,0.8409554958343506,0.8651323318481445,0.801117479801178,0.8318952322006226,"The ""OPEN"" sign is located on the right side of the image, hanging near the front of the rustic shop with the wooden bear statue.","The ""OPEN"" sign is located on the building to the right side of the image, hanging near the roofline."
budget=1024_info_density_delay0_thumbattn,105,0.9348099827766418,0.864012598991394,0.9648808836936951,0.9116652011871338,The totem pole is positioned to the right of the bear statue.,The totem pole is positioned to the left of the bear statue when facing the image.
budget=1024_info_density_delay0_thumbattn,106,0.9215937852859497,0.7611263990402222,0.6792464852333069,0.717859148979187,"The overhead electric wires are running parallel to the train tracks and are positioned above the train. They are angled slightly upwards from the perspective of the image, suggesting they are mounted on poles that extend along the length of the tracks. The wires are likely part of the catenary system that provides power to the electric train.","The overhead electric wires are running parallel to the direction of the train. They are positioned above the train, extending along the same path that the train is traveling on the tracks."
budget=1024_info_density_delay0_thumbattn,107,0.9811309576034546,0.8205761909484863,0.7964434623718262,0.808329701423645,"The person in the red jacket is positioned to the right of the large tree. They are closer to the hedge and appear to be walking along the path or grassy area beside it, while the large tree stands prominently on the left side of the image.","The person in the red jacket is positioned to the right of the large tree. They are walking alongside the hedge, which is adjacent to the tree. The tree is on the left side of the image, while the person is further to the right."
budget=1024_info_density_delay0_thumbattn,108,0.925682783126831,0.7913044691085815,0.8151787519454956,0.8030641674995422,"To the right of the image, there is a structure that appears to be an elephant statue. The statue is positioned near the edge of the waterfall, partially obscured by trees and foliage. The elephant is crafted from a material that resembles stone or concrete, and it has prominent features such as large ears and a trunk. The statue seems to be part of the landscaping around the waterfall, adding an artistic or thematic element to the natural setting.","To the right of the image, there is a structure that appears to be an elephant sculpture. The sculpture is positioned near the edge of the waterfall and is crafted to resemble an elephant with its trunk extended upwards. The trunk of the elephant seems to be spouting water, which adds an interesting element to the scene by contributing to the waterfall effect. The sculpture is made of a material that blends with the natural surroundings, possibly stone or concrete, and it is partially surrounded by lush greenery and trees. This artistic installation enhances the natural beauty of the location and provides a unique focal point in the landscape."
budget=1024_info_density_delay0_thumbattn,109,1.0000001192092896,0.9999998807907104,0.9999998807907104,0.9999998807907104,There are three people standing in front of the entrance of the building.,There are three people standing in front of the entrance of the building.
budget=1024_info_density_delay0_thumbattn,110,0.8881868124008179,0.6382551193237305,0.8684800863265991,0.7357787489891052,The left tower is closer to the viewer than the right tower.,"The left tower is closer to the viewer than the right tower. The perspective in the image shows the left tower prominently in the foreground, while the right tower is positioned further back along the wall, making it appear smaller and farther away."
budget=1024_info_density_delay0_thumbattn,111,0.9382529854774475,0.8492971658706665,0.6026755571365356,0.7050417065620422,"The building behind the statue is the District of Columbia Court of Appeals. The inscription on the building reads ""DISTRICT OF COLUMBIA COURT OF APPEALS."" This neoclassical structure features prominent columns and a pediment, which are characteristic architectural elements of such buildings. The statue in front of it is of Abraham Lincoln, as indicated by the name on the pedestal.",The building behind the statue is the District of Columbia Court of Appeals. The statue in front of it is of Abraham Lincoln.
budget=1024_info_density_delay0_thumbattn,112,0.9164400100708008,0.764613926410675,0.8425652980804443,0.8016992211341858,"The statue is located on the right side of the image, near the end of the colonnade. It depicts a figure on horseback.","The statue is located on the right side of the image, near the end of the colonnade. It appears to be positioned on a pedestal and is part of the exterior view beyond the columns."
budget=1024_info_density_delay0_thumbattn,113,1.0,0.9999999403953552,0.9999999403953552,0.9999999403953552,The object directly to the right of the main entrance of the church is a bell tower.,The object directly to the right of the main entrance of the church is a bell tower.
budget=1024_info_density_delay0_thumbattn,114,0.7576957941055298,0.699641227722168,0.911447286605835,0.7916213870048523,The child in the foreground is running towards the right side of the image on the bridge.,"The child in the foreground is running forward on the bridge, towards the right side of the image. This can be inferred from the position of their legs and the direction they are facing while holding the kite string."
budget=1024_info_density_delay0_thumbattn,115,0.7635397911071777,0.6350496411323547,0.5697466135025024,0.6006283164024353,"In the image, the person is located on the right side, while the building is situated more towards the center-left part of the background. The person appears to be standing on the grassy area near the water's edge, whereas the building is set further back, amidst the trees. The person is in the foreground, and the building is in the midground, with the person being closer to the viewer than the building.","In the image, there is no person visible. However, there is a building in the background, situated among trees and near a body of water. The scene appears to be a serene landscape with a golf course and reflective water in the foreground."
budget=1024_info_density_delay0_thumbattn,116,0.8902559876441956,0.8616212010383606,0.8667494654655457,0.8641777038574219,"To the right of the main house, there is a smaller building, possibly a shed or a cabin. It is nestled among the trees on the shore.","To the right of the main house, there is a smaller structure, possibly a shed or a boathouse. It is partially obscured by trees."
budget=1024_info_density_delay0_thumbattn,117,0.9318414926528931,0.7971254587173462,0.9165993332862854,0.8526977300643921,"The clock is located on the wall to the right side of the room, near the windows. It is positioned above a wooden cabinet or shelf.","The clock is located on the wall to the right side of the room, near the windows. It is positioned above a wooden cabinet or desk, and it is set against the light blue wall. The clock is circular in shape and appears to be a traditional analog clock."
budget=1024_info_density_delay0_thumbattn,118,0.8931192755699158,0.799538254737854,0.6863299012184143,0.7386213541030884,"The component labeled ""Sony"" is positioned to the right of the component labeled ""Mavica."" The ""Sony"" component, which appears to be a control panel or a part of a camera system, is situated further to the right side of the image, while the ""Mavica"" component, identified as ""Hi-Band Mavica MVC-5000,"" is on the left side.","The component labeled ""Sony"" is positioned to the right of the component labeled ""Mavica."" The Sony component is a camcorder, while the Mavica component is a camera bag."
budget=1024_info_density_delay0_thumbattn,119,0.9559338688850403,0.8934309482574463,0.898418128490448,0.895917534828186,"The word ""SWING"" is written on the parachute.","The parachute has the word ""SWING"" written on it."
budget=1024_info_density_delay0_thumbattn,120,1.0000001192092896,0.9999999403953552,0.9999999403953552,0.9999999403953552,"The word ""SWIRL"" is written on the parachute.","The word ""SWIRL"" is written on the parachute."
budget=1024_info_density_delay0_thumbattn,121,1.0,1.0,1.0,1.0,"The word ""SWOOP"" is written on the parachute.","The word ""SWOOP"" is written on the parachute."
budget=1024_info_density_delay0_thumbattn,122,1.0,1.0000001192092896,1.0000001192092896,1.0000001192092896,"The word ""SPRING"" is written on the parachute.","The word ""SPRING"" is written on the parachute."
budget=1024_info_density_delay0_thumbattn,123,1.0,1.0,1.0,1.0,"The word ""Dally"" is visible on the suitcase.","The word ""Dally"" is visible on the suitcase."
budget=1024_info_density_delay0_thumbattn,124,1.0,1.0,0.9999999403953552,0.9999999403953552,"The word ""Dolly"" is visible on the suitcase.","The word ""Dolly"" is visible on the suitcase."
budget=1024_info_density_delay0_thumbattn,125,0.6716974973678589,0.9227455854415894,0.9417526125907898,0.9321522116661072,"The word ""NORTH"" is written on the hang glider.","The word ""WISPA"" is written on the hang glider."
budget=1024_info_density_delay0_thumbattn,126,0.6921818852424622,0.9324209690093994,0.9325789213180542,0.9324999451637268,"The word ""NORTH"" is written on the hang glider.","The word ""Dynam"" is written on the hang glider."
budget=1024_info_density_delay0_thumbattn,127,0.6716974973678589,0.9227455854415894,0.9417526125907898,0.9321522116661072,"The word ""NORTH"" is written on the hang glider.","The word ""WISPA"" is written on the hang glider."
budget=1024_info_density_delay0_thumbattn,128,0.6921818852424622,0.9324209690093994,0.9325789213180542,0.9324999451637268,"The word ""NORTH"" is written on the hang glider.","The word ""Dynam"" is written on the hang glider."
budget=1024_info_density_delay0_thumbattn,129,1.0,1.0000001192092896,1.0000001192092896,1.0000001192092896,The license plate number of the car is 217722 ROMA.,The license plate number of the car is 217722 ROMA.
budget=1024_info_density_delay0_thumbattn,130,0.8109774589538574,0.887525200843811,0.7502537965774536,0.8131368160247803,"The bird is positioned to the left of the car, on the cobblestone street. It appears to be near the front left wheel of the car, close to the ground.","The bird is positioned to the left of the car, walking on the cobblestone street."
budget=1024_info_density_delay0_thumbattn,131,0.5899128913879395,0.6840338706970215,0.5629105567932129,0.6175894737243652,"The red rectangle on the sign reads ""Muzium Tekstil Negara,"" which is Malay for ""National Textile Museum.""","The red rectangle on the sign contains the word ""STAMPEDE"" in white capital letters."
budget=1024_info_density_delay0_thumbattn,132,0.9612456560134888,0.8760982751846313,0.9148314595222473,0.8950459957122803,"The red rectangle on the sign contains the word ""Bank.""","The word ""bank"" is written inside the red rectangle on the sign."
budget=1024_info_density_delay0_thumbattn,133,1.0000001192092896,0.9999999403953552,0.9999998807907104,0.9999999403953552,The taller white building is to the right of the National Textile Museum.,The taller white building is to the right of the National Textile Museum.
budget=1024_info_density_delay0_thumbattn,134,0.6140948534011841,0.8447296619415283,0.8498749136924744,0.8472943902015686,"The word ""Gasthaus"" is written on the building to the left in the image.","The building to the left in the image has the word ""LIBRARY"" written on it."
budget=1024_info_density_delay0_thumbattn,135,1.0,1.000000238418579,1.0000001192092896,1.0000001192092896,The car located to the right of the orange car is yellow.,The car located to the right of the orange car is yellow.
budget=1024_info_density_delay0_thumbattn,136,0.699290931224823,0.9417355060577393,0.9678665399551392,0.954622209072113,The object placed directly in front of the bench on the left side of the image is a bicycle.,The object placed directly in front of the bench on the left side of the image is a palm tree.
budget=1024_info_density_delay0_thumbattn,137,0.8455521464347839,0.9450063705444336,0.9546781182289124,0.9498176574707031,There are three people seated at the table on the right side of the image where the woman in a striped shirt is standing.,There are two people seated at the table on the right side of the image where a woman in a striped shirt is standing.
budget=1024_info_density_delay0_thumbattn,138,0.6328567266464233,0.9261752963066101,0.8348578810691833,0.8781490325927734,"Inside the partially built brick structure, you can see a wooden box and a bouquet of flowers.","Inside the partially built brick structure, there is a wooden crate."
budget=1024_info_density_delay0_thumbattn,139,0.7634565830230713,0.4993494153022766,0.7094305753707886,0.5861343145370483,"In the image, the chairs are located to the left of the bicycles. The chairs are part of an outdoor seating area, while the bicycles are parked near the building entrance on the right side of the seating area.","To determine the position of the chair relative to the bicycles, let's carefully observe the scene in the image:

1. **Identify the Bicycles**: On the right side of the image, there are several bicycles parked against the building.

2. **Identify the Chairs**: On the left side of the image, there are chairs arranged around tables, likely part of an outdoor seating area for a café or restaurant.

3. **Analyze the Positioning**:
   - The chairs are located on the left side of the image, while the bicycles are on the right side.
   - The chairs are situated in front of a building with large windows and a tree nearby.
   - The bicycles are parked in front of a different section of the building, closer to the right edge of the image.

4. **Relative Position**:
   - The chairs are to the left of the bicycles.
   - The chairs are positioned further away from the camera compared to the bicycles, which are closer to the camera.

In summary, the chairs are positioned to the left and further away from the camera, while the bicycles are to the right and closer to the camera."
budget=1024_info_density_delay0_thumbattn,140,0.9710360765457153,0.9653723239898682,0.8549132347106934,0.9067913293838501,There are three bicycles visible near the building's entrance on the right side of the image.,There are three bicycles visible near the building's entrance.
budget=1024_info_density_delay0_thumbattn,141,0.8703600168228149,0.6926618814468384,0.6267452836036682,0.6580569744110107,"The car is located behind the statue of the lion on the left side of the image. The lion statue is in the foreground, while the car is further back, partially obscured by the building and other structures.","The car is not in the image, but the statue of the lion is positioned on the left side of the steps leading up to the building."
budget=1024_info_density_delay0_thumbattn,142,0.8615504503250122,0.8241384029388428,0.6047335267066956,0.6975910663604736,"The car is positioned to the left of the central tower of the building when facing the building directly. It appears to be on a street or road that runs alongside the building, slightly in front of the lower sections of the structure. The car is at a lower elevation compared to the central tower, which rises prominently above the rest of the building.",The car is positioned to the left of the central tower of the building.
budget=1024_info_density_delay0_thumbattn,143,0.9230281114578247,0.7810995578765869,0.8811711072921753,0.8281230926513672,The object in the red circle is a plastic water bottle. Its primary function is to contain and transport drinking water.,"The primary function of the object in the red circle, which is a clear plastic water bottle, is to contain and transport drinking water. The bottle is designed to hold liquids, typically water, and is portable for personal use."
budget=1024_info_density_delay0_thumbattn,144,0.936892569065094,0.6679465174674988,0.6445134878158569,0.6560208201408386,The label in the red circle on the water bottle likely serves to indicate that the bottle is open or has been used. This is a common practice to remind the user or others that the contents have been accessed and may not be sterile anymore. It helps in maintaining hygiene and ensuring that the bottle is properly managed.,"The label in the red circle on the water bottle is likely a warning or informational label. Such labels often indicate contents, usage instructions, or safety warnings. In this context, it might specify that the bottle contains drinking water, provide usage instructions, or include a caution about opening or handling the bottle."
budget=1024_info_density_delay0_thumbattn,145,0.9666600823402405,0.8338940143585205,0.7428074479103088,0.7857196927070618,"The label in the red circle on the water bottle is a ""Recycle"" symbol. This symbol is widely recognized and used to indicate that the bottle is recyclable. The presence of this label suggests an emphasis on environmental consciousness and recycling practices. It's a small but important detail that aligns with efforts to promote sustainability and proper waste management.","The label in the red circle on the water bottle is a ""Recycle"" symbol. This symbol indicates that the bottle is made from recyclable materials and should be recycled properly to help conserve resources and reduce environmental impact."
budget=1024_info_density_delay0_thumbattn,146,0.7672315835952759,0.5993402600288391,0.5715228915214539,0.5851011276245117,"The Chinese text in the red rectangle reads ""南福同"" (Nán Fú Tóng). This phrase doesn't directly translate to a meaningful English phrase as it seems to be a proper noun, possibly the name of a place, business, or market. The characters individually translate to:

- 南 (Nán): South
- 福 (Fú): Blessing, fortune
- 同 (Tóng): Together, same

So, ""南福同"" could be interpreted as ""South Blessing Together"" or ""South Fortune Together,"" but it likely retains its original form as a name.","The Chinese text in the red rectangle reads ""南货號,"" which can be translated to ""Nam Huo Number"" or ""South Goods Number"" in English. 

This sign likely refers to a shop or market stall that specializes in goods from the south, possibly offering items such as dried fruits, nuts, spices, or other regional specialties commonly associated with southern regions in China. The character ""號"" (hào) typically signifies a number or designation, implying this could be a specific stall or shop within a larger market."
budget=1024_info_density_delay0_thumbattn,147,0.7942348718643188,0.7731072306632996,0.53908771276474,0.6352297067642212,"The two numbered locations that belong to the same country are:

- **1** (near the center, in the region of Xinjiang, China)
- **2** (southeast of location 1, in the region of Tibet, China)

Both locations are in China.","The two numbered locations that belong to the same country are 110 and 111, both located in Myanmar."
budget=1024_info_density_delay0_thumbattn,148,0.796201229095459,0.8230271339416504,0.6565206050872803,0.7304046750068665,"The two numbered locations that belong to the same country are:

1. Location 3
2. Location 4

Both are in China.","The two numbered locations that belong to the same country are 110 and 111, both located in Myanmar."
budget=1024_info_density_delay0_thumbattn,149,0.9377714395523071,0.6732500791549683,0.7485235929489136,0.7088941931724548,"The two numbered locations that belong to the same country are:

- Location 1 and Location 2, which are both in China.","The two numbered locations that belong to the same country are both in China. Location 1 is in the southwestern part of China, and location 2 is in the southeastern part of China, near the coast."
budget=1024_info_density_delay0_thumbattn,150,0.8121473789215088,0.6565520763397217,0.5432236194610596,0.5945354104042053,"The two numbered locations that belong to the same country are:

- **1** and **2**: Both are in China.
- **3** and **4**: Both are in Russia.

However, since the question asks for only one pair, you can choose either pair. If you need a specific pair, please let me know!","The two numbered locations that belong to the same country are both in China. Location 1 is in the southwestern part of China, and location 2 is in the southeastern part of China, near the coast."
budget=1024_info_density_delay0_thumbattn,151,0.8800773620605469,0.8657035231590271,0.8895987272262573,0.8774884939193726,The two numbered locations that belong to the same country are 2 and 3. Both are located in Japan.,The two numbered locations that belong to the same country are both in China. They are marked as 11 and 12.
budget=1024_info_density_delay0_thumbattn,152,0.8453168869018555,0.7939012050628662,0.8674815893173218,0.8290619850158691,The two numbered locations that belong to the same country are 2 and 3. Both are located in Turkey.,The two numbered locations that belong to the same country are both in Egypt. They are marked as Egypt 1 and Egypt 2 on the map.
budget=1024_info_density_delay0_thumbattn,153,0.8390219807624817,0.8149495720863342,0.8838607668876648,0.8480074405670166,The two numbered locations that belong to the same country are numbers 2 and 3. Both are located in Russia.,The two numbered locations that belong to the same country are both in Japan. They are marked as numbers 1 and 2 on the map.
budget=1024_info_density_delay0_thumbattn,154,0.7887341976165771,0.7392393350601196,0.5933266878128052,0.6582944989204407,"The two numbered locations that belong to the same country are:

- Location 2 (Iceland)
- Location 3 (Greenland)

Both are part of Denmark.",The two numbered locations that belong to the same country are both in Russia. They are marked as 106 and 107.
budget=1024_info_density_delay0_thumbattn,155,0.8277215957641602,0.6701333522796631,0.5251572132110596,0.5888532400131226,"The two numbered locations that belong to the same country are:

- Location 3: This is in Central America, specifically in Nicaragua.
- Location 4: This is in North America, specifically in Alaska, USA.

However, upon closer inspection, it appears that Locations 3 and 4 do not belong to the same country. Let's reassess:

- Location 1 and Location 2 are both in Russia. 

So, the correct answer is that Locations 1 and 2 belong to the same country, Russia.","The two numbered locations that belong to the same country are both in Russia. Specifically, number 2 is located in the eastern part of Russia, near the Kamchatka Peninsula, and number 3 is situated in the western part of Russia, near the border with Europe."
budget=1024_info_density_delay0_thumbattn,156,0.9549987316131592,0.865233302116394,0.7569119930267334,0.8074559569358826,"The two numbered locations that belong to the same country are:

- Location 1 and Location 2, which are both in Russia.","The two numbered locations that belong to the same country are numbers 2 and 3, both located in Russia."
budget=1024_info_density_delay0_thumbattn,157,0.872842013835907,0.6302387118339539,0.8212265968322754,0.7131672501564026,The two numbered locations that belong to the same country are 3 and 4. Both are in Russia.,"The two numbered locations that belong to the same country are both in Russia. Location 1 is in the European part of Russia, near the Ural Mountains, and location 2 is in the North American part of Russia, specifically in the Kamchatka Peninsula."
budget=1024_info_density_delay0_thumbattn,158,0.7828634977340698,0.6787362098693848,0.5838465094566345,0.6277256011962891,"The two numbered locations that belong to the same country are:

- Location 1: This is in Central America, specifically in Nicaragua.
- Location 4: This is also in Central America, specifically in Costa Rica.

Both locations are in the Central American region, which is part of the Americas.","The two numbered locations that belong to the same country are both in Canada. Specifically, numbers 1 and 2 are in the northern part of the country, while number 3 is on the west coast."
budget=1024_info_density_delay0_thumbattn,159,0.9796067476272583,0.9303910732269287,0.9626789689064026,0.9462596774101257,The red rectangle highlights the face of George Washington on Mount Rushmore.,The red rectangle on Mount Rushmore highlights the face of President George Washington.
budget=1024_info_density_delay0_thumbattn,160,0.9816904067993164,0.9728341102600098,0.9728341102600098,0.9728341102600098,The red rectangle highlights the face of Abraham Lincoln on Mount Rushmore.,The red rectangle on Mount Rushmore highlights the face of Abraham Lincoln.
budget=1024_info_density_delay0_thumbattn,161,0.827972948551178,0.9530404210090637,0.9702391624450684,0.9615629315376282,The red rectangle on Mount Rushmore highlights the face of Abraham Lincoln.,The red rectangle on Mount Rushmore highlights the face of Thomas Jefferson.
budget=1024_info_density_delay0_thumbattn,162,0.7712282538414001,0.5658584833145142,0.8438180685043335,0.6774342656135559,The red rectangle highlights the face of George Washington on Mount Rushmore.,"The red rectangle on Mount Rushmore highlights the face of **Abraham Lincoln**, the 16th President of the United States. Lincoln's face is positioned to the right of Thomas Jefferson's when facing the mountain, and he is the third figure from the left in the presidential lineup. His depiction on Mount Rushmore symbolizes his significant role in American history, particularly his leadership during the Civil War and his efforts to preserve the Union and abolish slavery."
budget=1024_info_density_delay0_thumbattn,163,0.9796067476272583,0.9303910732269287,0.9626789689064026,0.9462596774101257,The red rectangle highlights the face of George Washington on Mount Rushmore.,The red rectangle on Mount Rushmore highlights the face of President George Washington.
budget=1024_info_density_delay0_thumbattn,164,0.8109711408615112,0.8841938972473145,0.940242350101471,0.9113572239875793,The red rectangle highlights the face of Thomas Jefferson on Mount Rushmore.,The red rectangle on Mount Rushmore highlights the face of President Franklin D. Roosevelt.
budget=1024_info_density_delay0_thumbattn,165,0.7833024263381958,0.7891740798950195,0.8440424799919128,0.8156865835189819,The red rectangle highlights the face of George Washington on Mount Rushmore.,The president's face highlighted in the red rectangle on Mount Rushmore is Thomas Jefferson.
budget=1024_info_density_delay0_thumbattn,166,0.9920884966850281,0.9776971936225891,0.975726306438446,0.9767107963562012,The red rectangle on Mount Rushmore highlights the face of Thomas Jefferson.,The red rectangle on Mount Rushmore highlights the face of President Thomas Jefferson.
budget=1024_info_density_delay0_thumbattn,167,0.6534994840621948,0.7652409076690674,0.7652409076690674,0.7652409076690674,97,100
budget=1024_info_density_delay0_thumbattn,168,0.5177419781684875,0.5241918563842773,0.6825218200683594,0.5929697751998901,57,48.5
budget=1024_info_density_delay0_thumbattn,169,0.6534994840621948,0.7652409076690674,0.7652409076690674,0.7652409076690674,97,100
budget=1024_info_density_delay0_thumbattn,170,0.39914852380752563,0.6350331902503967,0.5097042918205261,0.5655080676078796,44.5,70
budget=1024_info_density_delay0_thumbattn,171,0.8280118703842163,0.8976742029190063,0.8976742029190063,0.8976742029190063,97,93
budget=1024_info_density_delay0_thumbattn,172,0.5764657258987427,0.7049257755279541,0.5339288711547852,0.6076261401176453,51.5,53
budget=1024_info_density_delay0_thumbattn,173,0.47048041224479675,0.7655282616615295,0.7655282616615295,0.7655282616615295,97,174
budget=1024_info_density_delay0_thumbattn,174,1.0,1.000000238418579,1.000000238418579,1.000000238418579,46.5,46.5
budget=1024_info_density_delay0_thumbattn,175,0.593595564365387,0.7680056691169739,0.7680056691169739,0.7680056691169739,94,182
budget=1024_info_density_delay0_thumbattn,176,0.4746650457382202,0.9332040548324585,0.9332040548324585,0.9332040548324585,61.5,93.5
budget=1024_info_density_delay0_thumbattn,177,0.43124914169311523,0.6988426446914673,0.5826801061630249,0.6354966759681702,"The image does not show a flag, so I can't determine its color.",The flag on the boat is red and white.
budget=1024_info_density_delay0_thumbattn,178,0.4418727159500122,0.5370671153068542,0.6647583246231079,0.5941293239593506,The car is red.,"The image does not show a car. It depicts a scenic landscape with a mountain, a forest, and a lake. There are a few people near the shore, but no vehicle is visible."
budget=1024_info_density_delay0_thumbattn,179,0.955036997795105,0.9250273108482361,0.9008344411849976,0.9127706289291382,"There is no house visible in the image. The landscape features rocky cliffs, a flat plain with some water pools, and distant mountains.","There is no house in the image. The landscape features rocky cliffs, a flat plain, and distant mountains under a cloudy sky."
budget=1024_info_density_delay0_thumbattn,180,1.000000238418579,0.9999999403953552,0.9999999403953552,0.9999999403953552,There are two people in the boat.,There are two people in the boat.
budget=1024_info_density_delay0_thumbattn,181,0.9000950455665588,0.8088776469230652,0.8883920311927795,0.8467722535133362,"There isn't a car visible in the image. The picture shows a coastal landscape with cliffs, water, and some vegetation.","There is no car in the image. The picture shows a coastal landscape with cacti in the foreground, two large rock formations in the water, and a clear blue sky."
budget=1024_info_density_delay0_thumbattn,182,0.8962929844856262,0.7474954724311829,0.7745189666748047,0.7607672810554504,"The person is carrying a golf bag, which is prominently visible in the image. The golf bag contains several golf clubs, and the person is also wearing a glove on one hand, which is typical equipment for a golfer.","The person is prominently holding a golf bag, which is a piece of equipment used to carry golf clubs. The golf bag is large and has multiple pockets, designed to hold various golf clubs and accessories. The bag also has a strap over the person's shoulder, indicating it is being carried while walking."
budget=1024_info_density_delay0_thumbattn,183,1.0,1.0,0.9999999403953552,0.9999999403953552,"The flag on the left is the flag of Germany. It features three horizontal bands of black, red, and yellow.","The flag on the left is the flag of Germany. It features three horizontal bands of black, red, and yellow."
budget=1024_info_density_delay0_thumbattn,184,0.9041569232940674,0.9114633798599243,0.7868977785110474,0.8446124792098999,"The flag on the right is the flag of Bavaria, representing the German federal state of Bavaria (Bayern). The flag features a blue and white diagonal division, with a white ""B"" on a blue background in the upper left corner, symbolizing the historical connection to the Babenberg family.","The flag on the right in the image is the flag of Bavaria, representing the German federal state of Bavaria. The flag features a blue and white design with a horizontal stripe pattern."
budget=1024_info_density_delay0_thumbattn,185,0.9175525903701782,0.5361487865447998,0.7103396654129028,0.6110730767250061,"The ship in the image displays the flag of the Netherlands. The flag features horizontal stripes of red, white, and blue, which are the colors of the Dutch national flag. This indicates that the naval ship belongs to the Netherlands.","The ship in the image is a naval vessel from the Netherlands. This identification is based on the flag displayed prominently on the ship's mast, which is the national flag of the Netherlands. The flag features horizontal stripes of red, white, and blue, with a smaller red stripe bordered by white stripes on the top and bottom, and a blue stripe in the middle. The red stripe contains a white-bordered white stripe in the middle, which is a unique design element of the Dutch flag.

Thus, the country's naval ship depicted in the image is:

\[
\boxed{\text{Netherlands}}
\]"
budget=1024_info_density_delay0_thumbattn,186,0.7739263772964478,0.6552397608757019,0.6201682686805725,0.6372218132019043,"The license plate on the vehicle in the image provides a clue to the country of registration. Let's break down the details:

1. **License Plate Format**: The license plate reads ""FK-879"". This format, with a letter followed by a combination of numbers and letters, is common in several countries.

2. **Region Clue**: The letter ""F"" often indicates a specific region within a country. In many European countries, the first letter of the license plate denotes the region where the vehicle was registered.

3. **Country Identification**: The combination ""FK"" is specific to Faroe Islands. The Faroe Islands is a self-governing territory within the Kingdom of Denmark, and ""FK"" is the code used for vehicles registered there.

Therefore, the license plate ""FK-879"" indicates that the vehicle is registered in the Faroe Islands. This conclusion is supported by the distinctive alphanumeric format used by Faroe Islands for vehicle registration plates.","The license plate on the vehicle in the image appears to be from Iceland. This conclusion is based on several factors:

1. **Vehicle Design**: The SUV resembles models produced by Subaru, a brand known for its vehicles used in Icelandic conditions due to their robustness and capability in rough terrain.

2. **License Plate Style**: The style of the license plate, with its layout and the alphanumeric format, is consistent with Icelandic registration plates.

3. **Geographical Context**: The landscape in the image is characteristic of Iceland, with its volcanic soil and distant mountains, which are typical of the Icelandic terrain.

4. **Environmental Conditions**: The person in the image is dressed warmly, suggesting cold weather, which aligns with Iceland's climate.

Combining these observations, it is reasonable to deduce that the license plate is registered in Iceland."
budget=1024_info_density_delay0_thumbattn,187,0.955514669418335,0.9523898363113403,0.9685987830162048,0.9604259133338928,"The square white adapter in the image is an Apple USB-C adapter. Apple was founded by Steve Jobs, Steve Wozniak, and Ronald Wayne.","The square white adapter in the image is an Apple USB power adapter. Apple Inc. was founded by Steve Jobs, Steve Wozniak, and Ronald Wayne."
budget=1024_info_density_delay0_thumbattn,188,0.5915938019752502,0.7273650169372559,0.5231055617332458,0.6085527539253235,"The image shows an industrial waterfront scene with silos, conveyor structures, and buildings. There is no blue backpack or airplane visible in the image. Therefore, I can't determine the position of a blue backpack relative to an airplane.",The blue backpack is not in the image.
budget=1024_info_density_delay0_thumbattn,189,0.7001364231109619,0.6555820107460022,0.35044223070144653,0.456735759973526,"To determine the position of the blue backpack relative to the umbrella, let's carefully observe the image.

1. **Identify the Umbrella**: The umbrella is located on the bridge in the foreground, slightly to the left side of the image. It is being held by a person standing on the bridge.

2. **Identify the Blue Backpack**: The blue backpack is situated on the ground near the rocks at the base of the castle, closer to the right side of the image.

3. **Compare Positions**:
   - The umbrella is positioned higher up, as it is on the bridge, while the blue backpack is on the ground level near the rocks.
   - The umbrella is more towards the left side of the image, whereas the blue backpack is more towards the right side.

4. **Relative Position**: The blue backpack is located to the right and below the position of the umbrella when viewed from the perspective of the image.

In summary, the blue backpack is situated to the right and below the umbrella.",The blue backpack is to the left of the umbrella.
budget=1024_info_density_delay0_thumbattn,190,1.0,0.9999997615814209,0.9999997615814209,0.9999997615814209,The blue backpack is positioned to the right of the wooden box.,The blue backpack is positioned to the right of the wooden box.
budget=1024_info_density_delay0_thumbattn,191,1.0,0.9999999403953552,0.9999999403953552,0.9999999403953552,The wooden jewelry box is positioned to the right of the clock.,The wooden jewelry box is positioned to the right of the clock.
budget=1024_info_density_delay0_thumbattn,192,1.0,1.0,1.0,1.0,There are two chairs in the image.,There are two chairs in the image.
budget=1024_info_density_delay0_thumbattn,193,0.8007997870445251,0.6120800971984863,0.8683194518089294,0.7180237174034119,The chairs are facing towards the window.,"The chairs in the image are facing away from the viewer, positioned near the windows at the far end of the room. They appear to be oriented towards the windows, likely to provide a view of the outside scenery."
budget=1024_info_density_delay0_thumbattn,194,0.9756633043289185,0.9417530298233032,0.9832120537757874,0.9620360732078552,The blue backpack is to the left of the warning sign.,The blue backpack is positioned to the left of the warning sign.
budget=1024_info_density_delay0_thumbattn,195,0.8939749002456665,0.8791054487228394,0.6993136405944824,0.7789698243141174,"The black car is positioned to the left of the tram when facing down the street. It is parked along the side of the road, while the tram is traveling down the center of the street.",The black car is positioned to the right of the tram.
budget=1024_info_density_delay0_thumbattn,196,0.27794501185417175,0.6553552150726318,0.8020254969596863,0.7213099002838135,There are three people in the image.,"There are no people in the image. It depicts a serene landscape with a mountain, forest, and lake."
budget=1024_info_density_delay0_thumbattn,197,1.0,0.9999997615814209,0.9999997615814209,0.9999997615814209,There are five people in the image.,There are five people in the image.
budget=1024_info_density_delay0_thumbattn,198,0.5317257642745972,0.8460378646850586,0.5910619497299194,0.6959304809570312,"There are two people in the image. One person is prominently visible sitting in the foreground, wearing a hat and a brown outfit. Another person can be seen in the background, partially obscured and out of focus.",There is one person visible in the image.
budget=1024_info_density_delay0_thumbattn,199,0.9327526092529297,0.7804375290870667,0.7760447263717651,0.7782348990440369,"The boat is located further out in the water, to the left side of the image, while the buildings are situated on the rocky outcrop to the right. So, the boat is to the left and somewhat in front of the buildings.","The boat is located in the water near the shore, while the buildings are situated on the land further inland. The boat appears to be to the left of the buildings when looking from the perspective of the image."
budget=2048_info_density_delay0_thumbattn,0,1.0000001192092896,1.0,1.0,1.0,The number displayed above the entrance is 27B.,The number displayed above the entrance is 27B.
budget=2048_info_density_delay0_thumbattn,1,1.000000238418579,1.0000003576278687,1.0000003576278687,1.0000003576278687,The mailbox is blue.,The mailbox is blue.
budget=2048_info_density_delay0_thumbattn,2,0.9765014052391052,0.9935877323150635,0.9935877323150635,0.9935877323150635,The mailbox is on the right side of the woman.,The mailbox is on the left side of the woman.
budget=2048_info_density_delay0_thumbattn,3,0.9442981481552124,0.9857505559921265,0.9589685797691345,0.9721751809120178,"The white board in front of the girl in purple shorts has the text ""ETLE VATE"" written on it.","The white board in front of the girl in purple shorts has the text ""VATE"" written on it."
budget=2048_info_density_delay0_thumbattn,4,0.609054684638977,0.8562815189361572,0.8596276640892029,0.857951283454895,"The text on the blue golf ball holder reads ""Multi-use"".","The text written on the blue golf ball holder is ""Tour Edge."""
budget=2048_info_density_delay0_thumbattn,5,0.9498081207275391,0.847895622253418,0.9412656426429749,0.8921443819999695,The golf ball holder is brown.,The golf ball holder in the image is brown.
budget=2048_info_density_delay0_thumbattn,6,0.6390060186386108,0.5820400714874268,0.6537408828735352,0.6158103942871094,The license plate number of the car is FK873.,"The image shows a car on a scenic landscape, but the license plate is not clearly visible. Therefore, I can't determine the license plate number."
budget=2048_info_density_delay0_thumbattn,7,1.0,0.9999998807907104,0.9999998807907104,0.9999998807907104,The person is sitting on the driver's side of the car.,The person is sitting on the driver's side of the car.
budget=2048_info_density_delay0_thumbattn,8,0.9448901414871216,0.8936575651168823,0.8561152219772339,0.8744836449623108,"The water bottle is placed on a small ledge or table in front of the person, to their right side (on the left side of the image).","The water bottle is placed on a small ledge or table in front of the person, to their right side when facing the camera."
budget=2048_info_density_delay0_thumbattn,9,0.7353278994560242,0.94544517993927,0.9307562708854675,0.9380432367324829,"The brand mentioned on the black rectangular device located at the left of the image is ""SanDisk.""","The brand mentioned on the black rectangular device located at the left of the image is ""SONOS""."
budget=2048_info_density_delay0_thumbattn,10,0.8649697303771973,0.9655429124832153,0.9330143332481384,0.9490000009536743,"The text written above the logo on the jacket's sleeve is ""epicmix.""","The text written above the logo on the jacket's sleeve is ""epic""."
budget=2048_info_density_delay0_thumbattn,11,0.7768511772155762,0.8398751616477966,0.6318926811218262,0.7211884260177612,"The person in the background is wearing gloves that appear to be work gloves. They are likely designed for manual labor or outdoor activities, given their sturdy look.",The person in the background appears to be wearing blue gloves.
budget=2048_info_density_delay0_thumbattn,12,1.0,1.000000238418579,1.000000238418579,1.000000238418579,The person is standing to the right of the recycle bin.,The person is standing to the right of the recycle bin.
budget=2048_info_density_delay0_thumbattn,13,0.9770843982696533,0.9897893667221069,0.9693424701690674,0.9794592261314392,"The number written on the sign in the background is ""08-26"".",The number written on the sign in the background is 08-26.
budget=2048_info_density_delay0_thumbattn,14,0.4101451635360718,0.7812262773513794,0.565102219581604,0.6558172106742859,"The image shows a person standing among ancient stone ruins, taking a photograph. There is a small sign visible on one of the walls in the background. The sign appears to be **yellow**.",There is no sign visible in the image.
budget=2048_info_density_delay0_thumbattn,15,1.0,0.9999996423721313,0.9999996423721313,0.9999996423721313,The umbrella in the image is blue.,The umbrella in the image is blue.
budget=2048_info_density_delay0_thumbattn,16,0.9371576309204102,0.8745412826538086,0.7866630554199219,0.8282777667045593,"The image shows the interior of a grand cathedral with Gothic architectural features, including vaulted ceilings, stained glass windows, and ornate decorations. There is a framed poster on the wall to the right side of the image, near the back of the cathedral.

The title of the framed poster is not clearly visible in the image provided. The text on the poster is too small and indistinct to be read accurately from this perspective. Therefore, I'm unable to provide the specific title of the poster.","The image shows the interior of a grand cathedral with high vaulted ceilings, stained glass windows, and wooden pews. There is a framed poster on one of the pews, but the title of the poster is not clearly visible in the image. Therefore, I cannot provide the title of the framed poster."
budget=2048_info_density_delay0_thumbattn,17,0.8145413398742676,0.9459869861602783,0.9405912160873413,0.9432814121246338,"The barge on the left side of the image is named ""Petrol Land.""","The barge on the left side of the image is named ""WESTLAND."""
budget=2048_info_density_delay0_thumbattn,18,1.0,1.000000238418579,1.0000001192092896,1.0000001192092896,"The neon ""OPEN"" sign hanging above the items for sale is red.","The neon ""OPEN"" sign hanging above the items for sale is red."
budget=2048_info_density_delay0_thumbattn,19,1.0,1.0,0.9999998807907104,0.9999999403953552,"The road sign directly below the American flag reads ""One Way.""","The road sign directly below the American flag reads ""One Way."""
budget=2048_info_density_delay0_thumbattn,20,0.9238156676292419,0.9799968004226685,0.9799968004226685,0.9799968004226685,"The number written on the front of the train is ""401 132-5"".","The number written on the front of the train is ""460 112-6""."
budget=2048_info_density_delay0_thumbattn,21,0.8949841260910034,0.8841118812561035,0.8389732837677002,0.8609513640403748,"In the image, there are three dogs being walked. They are accompanied by a person wearing a red jacket. The setting is a park with a large tree and a hedge in the background under a clear blue sky.","In the image, there are three dogs being walked. The person in the red jacket is walking the dogs along a path next to a hedge and a large tree."
budget=2048_info_density_delay0_thumbattn,22,1.0,1.000000238418579,1.000000238418579,1.000000238418579,There isn't a bike visible in the image.,There isn't a bike visible in the image.
budget=2048_info_density_delay0_thumbattn,23,0.7336135506629944,0.6599687337875366,0.45950302481651306,0.5417870283126831,"The image shows a tall, cylindrical building with a distinctive geometric pattern on its facade, situated next to a body of water. The building appears to be part of a modern architectural complex, with other structures nearby.

As for the shape of the signboard attached to the building, there isn't a clear or visible signboard in the image provided. The photograph mainly focuses on the cylindrical building and its surroundings, but does not distinctly feature any signboard that can be described in terms of shape. 

If you are referring to a specific signboard that might be present but not easily discernible in this image, additional details or a different image might be needed to accurately describe its shape.",The signboard attached to the building is shaped like a diamond or rhombus.
budget=2048_info_density_delay0_thumbattn,24,0.44999054074287415,0.6553082466125488,0.4934673011302948,0.5629875659942627,"The text on the signboard in the image reads ""Museum für Fotografie"" which translates to ""Photography Museum"" in English.",The image does not show any text on a signboard.
budget=2048_info_density_delay0_thumbattn,25,0.972920298576355,0.9595329761505127,0.9539241790771484,0.9567203521728516,"The orange building is located to the left of the cylindrical green building when facing the image. The cylindrical green building stands prominently on the right side, while the orange building is positioned further back and to the left, closer to the riverbank.","The orange building is located to the left of the cylindrical green building when facing the image. The cylindrical green building is on the right side, while the orange building is positioned further back and slightly to the left, closer to the water's edge."
budget=2048_info_density_delay0_thumbattn,26,0.6283648014068604,0.5841671228408813,0.781294047832489,0.6685013175010681,"The name of the place mentioned on the signboard above the left door is ""Abri de Pataud.""","The signboard above the left door reads ""pinetaud."" This could be the name of the place, possibly indicating a business, residence, or establishment located in this picturesque setting. The surrounding area, with its stone buildings and natural rock formations, adds to the charm and character of the location."
budget=2048_info_density_delay0_thumbattn,27,0.6341579556465149,0.869105339050293,0.7850686311721802,0.8249523639678955,The man wearing a yellow shirt is not carrying a backpack in the image.,The man wearing a yellow shirt is carrying a black backpack.
budget=2048_info_density_delay0_thumbattn,28,0.6236545443534851,0.49627187848091125,0.750972330570221,0.5976158380508423,The girl wearing a blue top is sitting on the left side of the man wearing a yellow shirt.,"The girl wearing a blue top is sitting on the left side of the man wearing a yellow shirt. 

To break it down logically:
1. The man in the yellow shirt is positioned further back in the image, near the center.
2. The girl in the blue top is closer to the foreground and to the left of the man in the yellow shirt.
3. Both are sitting on a stone ledge, with the girl in the blue top clearly to the left of the man in the yellow shirt.

This positioning is evident from their relative locations along the path and their spatial arrangement in the scene."
budget=2048_info_density_delay0_thumbattn,29,0.9713532328605652,0.9618179202079773,0.9618178606033325,0.9618179202079773,The clock shows a time of approximately 6:10.,The clock shows a time of approximately 6:00.
budget=2048_info_density_delay0_thumbattn,30,0.9974998235702515,0.9606021046638489,0.9606021046638489,0.9606020450592041,The river is flowing from the bottom right to the top left relative to the clock tower.,The river is flowing from the bottom left to the bottom right relative to the clock tower.
budget=2048_info_density_delay0_thumbattn,31,0.8287076950073242,0.6640417575836182,0.7926508784294128,0.7226689457893372,"In the middle of the water, there is a small, circular platform with a yellow railing and a bench. It appears to be a spot for relaxing or enjoying the view.","In the middle of the water, there is a small, circular platform with a decorative, yellow structure on it. This structure appears to be a small gazebo or pavilion, illuminated from within, creating a warm and inviting light. The platform is surrounded by water and is connected to the shore via a narrow walkway or bridge. The surrounding area is lush with trees and greenery, contributing to a serene and picturesque setting."
budget=2048_info_density_delay0_thumbattn,32,1.0,1.0000001192092896,1.0000001192092896,1.0000001192092896,The speed limit indicated by the sign in the image is 20 km/h.,The speed limit indicated by the sign in the image is 20 km/h.
budget=2048_info_density_delay0_thumbattn,33,1.0000001192092896,0.9999998211860657,0.9999997615814209,0.9999998211860657,The year inscribed on the sundial is 1762.,The year inscribed on the sundial is 1762.
budget=2048_info_density_delay0_thumbattn,34,0.40384048223495483,0.47709891200065613,0.4181748628616333,0.44569775462150574,"The message on the sign reads ""KHU VUC CO BAN NGHEM KHOANG 10 PHUT."" This translates from Vietnamese to ""Please stay for at least 10 minutes.""","In the image, there is no visible sign with any writing on it. The main focus of the image is a person taking a photograph of a multi-tiered waterfall surrounded by lush greenery. The person is standing on rocks near the water, and there are trees and foliage all around. However, no signs or messages are apparent in the scene."
budget=2048_info_density_delay0_thumbattn,35,0.9362596869468689,0.7746573090553284,0.8717989921569824,0.8203625082969666,The hazard numbers on the left side storage container's label are 1 and 2.,"The left side storage container's label displays the hazard numbers ""2.1"" and ""3.1""."
budget=2048_info_density_delay0_thumbattn,36,0.815888524055481,0.9949140548706055,0.9949140548706055,0.9949140548706055,"The ""1"" on the left side hazard label of the storage container is black.","The ""1"" on the left side hazard label of the storage container is white."
budget=2048_info_density_delay0_thumbattn,37,0.5261586308479309,0.966942548751831,0.966942548751831,0.966942548751831,The surveillance camera is black.,The surveillance camera is red.
budget=2048_info_density_delay0_thumbattn,38,0.5111514329910278,0.925202488899231,0.9321815371513367,0.9286789298057556,"The text on the sign attached to the wall of the building reads ""San Francisco.""","The text on the sign attached to the wall of the building reads ""Single Park."""
budget=2048_info_density_delay0_thumbattn,39,0.8877713680267334,0.9146426320075989,0.9566426873207092,0.9351713061332703,"There isn't a car clearly visible in the image. The scene shows a town with buildings, a bridge, and a river.","There isn't a car visible in the image. The scene shows a town with buildings, a bridge, and a church, reflected in the water."
budget=2048_info_density_delay0_thumbattn,40,0.791496992111206,0.8700568675994873,0.7941005825996399,0.8303453326225281,The girl on the raft is wearing a pink shirt.,The girl's shirt is pink.
budget=2048_info_density_delay0_thumbattn,41,0.5352416038513184,0.5739052295684814,0.7509578466415405,0.6506010293960571,The car in the image appears to be white.,"There is no car in the image. The scene depicts a scenic area with a body of water, boats, and a traditional-style building surrounded by lush greenery and mountains."
budget=2048_info_density_delay0_thumbattn,42,1.0,0.9999998807907104,0.9999998807907104,0.9999998807907104,The person in the image is wearing a dark-colored jacket.,The person in the image is wearing a dark-colored jacket.
budget=2048_info_density_delay0_thumbattn,43,0.6539056897163391,0.8062515258789062,0.5775392055511475,0.6729946136474609,"The image shows a cityscape with a waterfront and a large Ferris wheel. There is a building with a flag on the left side of the image. The flag appears to be dark in color, likely blue or black, but the exact color is difficult to determine due to the distance and lighting.",The flag in the image appears to be white.
budget=2048_info_density_delay0_thumbattn,44,0.9999999403953552,1.000000238418579,1.000000238418579,1.000000238418579,"The street sign on the pole near the center bottom of the image indicates ""Michigan Ave.""","The street sign on the pole near the center bottom of the image indicates ""Michigan Ave."""
budget=2048_info_density_delay0_thumbattn,45,0.6851617693901062,0.9801036715507507,0.980103611946106,0.9801036715507507,The number written on the boat is 6.,The number written on the boat is 34.
budget=2048_info_density_delay0_thumbattn,46,0.3621235191822052,0.6361963748931885,0.7419120073318481,0.684999406337738,The person in the image is wearing a blue shirt.,There is no person visible in the image. It features a waterfall and surrounding landscape with trees and cliffs.
budget=2048_info_density_delay0_thumbattn,47,0.8250623941421509,0.7628499865531921,0.842914342880249,0.8008860945701599,The flag appears to be white.,The flag in the image is red and white.
budget=2048_info_density_delay0_thumbattn,48,0.8862832188606262,0.8690569400787354,0.9186559915542603,0.8931683897972107,The figurine on the shelf is wearing a uniform that appears to be gold or brass in color.,"The figurine on the shelf is wearing a uniform that appears to be dark in color, likely black or dark brown."
budget=2048_info_density_delay0_thumbattn,49,0.9652531147003174,0.86549311876297,0.844336986541748,0.8547841906547546,The visible vehicle in the image is white.,The vehicle in the background appears to be white.
budget=2048_info_density_delay0_thumbattn,50,1.0000001192092896,0.9999995827674866,0.9999995827674866,0.9999995827674866,The climber's hat is red.,The climber's hat is red.
budget=2048_info_density_delay0_thumbattn,51,1.0000001192092896,1.0,1.0000001192092896,1.0000001192092896,The trailer in the image is orange.,The trailer in the image is orange.
budget=2048_info_density_delay0_thumbattn,52,0.9322811365127563,0.7787400484085083,0.8266025185585022,0.8019577264785767,The phone number on the boat is 0753 82 188.,The phone number written on the boat is 369-383-8888.
budget=2048_info_density_delay0_thumbattn,53,0.9999999403953552,0.9999999403953552,0.9999998807907104,0.9999999403953552,The motorcycle is red.,The motorcycle is red.
budget=2048_info_density_delay0_thumbattn,54,1.0,0.9999999403953552,0.9999998807907104,0.9999999403953552,"The title of the book displayed prominently on the stand is ""Polycarp.""","The title of the book displayed prominently on the stand is ""Polycarp."""
budget=2048_info_density_delay0_thumbattn,55,0.919263482093811,0.7531923651695251,0.7728794813156128,0.762908935546875,"The flowers in the image are red. They match the overall color scheme of the room, which features rich red wallpaper and curtains. The red flowers complement the luxurious and elegant decor of the space.","The flowers in the image are red. They are part of the intricate damask pattern on the wallpaper, which features large, detailed floral designs in a deep red color that complements the overall color scheme of the room."
budget=2048_info_density_delay0_thumbattn,56,0.6493275761604309,0.5877373814582825,0.630967378616333,0.6085856556892395,The phone number listed on the building in the foreground is 206-441-5000.,"The image provided does not show any phone numbers on the buildings in the foreground. Therefore, I cannot provide a phone number based on this image."
budget=2048_info_density_delay0_thumbattn,57,0.9353974461555481,0.993476152420044,0.9934760928153992,0.9934760928153992,The number written on the blue tag is 23.,The number written on the blue tag is 24.
budget=2048_info_density_delay0_thumbattn,58,1.0,0.9999998807907104,0.9999999403953552,0.9999999403953552,The registration number of the boat is TN-01-00026.,The registration number of the boat is TN-01-00026.
budget=2048_info_density_delay0_thumbattn,59,0.878054141998291,0.710556149482727,0.7702217102050781,0.7391868829727173,"The flag flying on the top of the boat appears to have a combination of colors. The main part of the flag is red and yellow, with a black triangle on the hoist side. This suggests it might be the flag of Spain.","The flag flying on the top of the boat appears to have multiple colors. From what can be seen, it includes yellow, black, and red. The specific design might represent a particular country or organization, but the exact identification would require a clearer view or additional context."
budget=2048_info_density_delay0_thumbattn,60,1.0000001192092896,1.000000238418579,1.000000238418579,1.000000238418579,The model number of the train shown in the image is 2001.,The model number of the train shown in the image is 2001.
budget=2048_info_density_delay0_thumbattn,61,0.5096307396888733,0.6305904984474182,0.776822566986084,0.6961097121238708,The person in the image is wearing a blue shirt.,"The image does not show a person wearing a shirt. It depicts a train station platform with the name ""Schifferstadt"" on a building."
budget=2048_info_density_delay0_thumbattn,62,0.9082978367805481,0.9354709982872009,0.8513492941856384,0.8914299607276917,"The sign above the parking garage entrance reads ""Public Parking.""","The sign reads ""Public Parking."""
budget=2048_info_density_delay0_thumbattn,63,0.6309038400650024,0.760739803314209,0.6100164651870728,0.6770915985107422,"The image shows a ship docked at a port, and there is a vehicle parked nearby. The license plate of the vehicle is not clearly visible due to the angle and distance. Therefore, I can't determine the license plate number from this image.",The image does not show a vehicle with a visible license plate.
budget=2048_info_density_delay0_thumbattn,64,0.8928704857826233,0.7365198135375977,0.6978965997695923,0.7166882157325745,"In the image, the person is standing on the dock next to the ship, while a car is parked on the right side of the dock, further away from the ship. The person appears to be closer to the ship than the car. Specifically, the person is positioned to the left of the car when facing the image. The person is also near the yellow gangway that leads from the dock to the ship.

So, relative to the car, the person is positioned more towards the left and closer to the ship.","In the image, the person is standing on the dock beside the ship, while the car is parked further down the dock, away from the ship. The person appears to be closer to the ship and the camera, whereas the car is positioned towards the background, further away from both the person and the ship. The person is also near some yellow hoses on the dock, while the car is situated near a building in the background."
budget=2048_info_density_delay0_thumbattn,65,0.6229721307754517,0.7282857894897461,0.6885779500007629,0.7078754901885986,The image does not show a car.,The car in the image is black.
budget=2048_info_density_delay0_thumbattn,66,0.23810617625713348,0.630119264125824,0.7176145315170288,0.6710268259048462,The person in the image is wearing white pants.,"There is no person visible in the image. The scene shows a coastal landscape with greenery, a road, and the ocean."
budget=2048_info_density_delay0_thumbattn,67,0.7807230949401855,0.6474096775054932,0.5453685522079468,0.5920243263244629,"The flag in the image appears to have multiple colors. From left to right, the colors seem to be:

1. Yellow
2. Blue
3. Red
4. Yellow
5. Green
6. Black
7. Red

This combination of colors is indicative of the Chilean flag.","The flag in the image features multiple colors. It has horizontal stripes in the colors red, yellow, green, and blue. The flag is located on the right side of the image, flying atop one of the cacti."
budget=2048_info_density_delay0_thumbattn,68,0.6714167594909668,0.9818236827850342,0.9818236827850342,0.9818236827850342,The trash can in the image is black.,The trash can in the image is red.
budget=2048_info_density_delay0_thumbattn,69,0.7844604253768921,0.8974031209945679,0.6300206184387207,0.7403086423873901,"There isn't a dog clearly visible in the image. If you're referring to a specific part of the image, please let me know!",There isn't a dog clearly visible in the image.
budget=2048_info_density_delay0_thumbattn,70,1.0000001192092896,0.9999997615814209,0.9999997615814209,0.9999997615814209,"The letters on the green trash bin are ""PET"".","The letters on the green trash bin are ""PET""."
budget=2048_info_density_delay0_thumbattn,71,0.7241122126579285,0.6358513236045837,0.5300465822219849,0.5781481266021729,"In the image, there is a black sign with yellow arrows. The arrows indicate directions. Specifically, the arrows on the sign are pointing to the right. This suggests that traffic or pedestrians should proceed in the direction the arrows are facing, which is towards the right side. The positioning of the sign and the arrows is crucial for guiding movement, whether it be vehicular or pedestrian traffic, ensuring an orderly flow in the designated direction.","The image doesn't show a black sign with arrows. However, there are yellow directional arrows painted on the road in the foreground, indicating a no-parking zone."
budget=2048_info_density_delay0_thumbattn,72,0.6789522171020508,0.6007086038589478,0.6380897760391235,0.6188352108001709,"The text on the black sign reads ""ARCO DE POMPEI.""","The image does not contain any text on a black sign at the center. The focus is on an ancient stone archway, with modern buildings and trees in the background."
budget=2048_info_density_delay0_thumbattn,73,0.5588919520378113,0.5814129114151001,0.6855200529098511,0.629189133644104,The number on the rectangular white sign is 3.,The image does not show a rectangular white sign with a number on it. The focus is on an ancient stone archway and surrounding structures.
budget=2048_info_density_delay0_thumbattn,74,0.6675969362258911,0.7909297347068787,0.9207347631454468,0.8509103655815125,"The text on the white building reads ""DB"".","The text on the white building reads ""Park Inn by Radisson."""
budget=2048_info_density_delay0_thumbattn,75,0.925005316734314,0.804097056388855,0.8260686993598938,0.8149347901344299,"The building with a red and white striped antenna on its top is the one located towards the right side of the image, slightly to the center. It is a tall skyscraper with a cylindrical shape and a glass facade. The antenna stands out prominently against the clear blue sky. This distinctive feature helps in identifying the building amidst the cluster of modern high-rises.","The building with the red and white striped antenna on its top is the one located towards the right side of the image, slightly behind the other skyscrapers. It is a tall building with a dark facade and a distinctive antenna that stands out against the clear blue sky. This antenna is a notable feature, often used for telecommunications purposes, and it adds a unique visual element to the city's skyline."
budget=2048_info_density_delay0_thumbattn,76,0.8976880311965942,0.7080245018005371,0.908893346786499,0.7959820032119751,The ceiling beams in the room are made of wood.,"The ceiling beams in the room are made of wood. The wooden beams add a rustic and natural touch to the space, complementing the overall aesthetic of the room."
budget=2048_info_density_delay0_thumbattn,77,0.9874793291091919,0.9048073887825012,0.8655982613563538,0.8847686648368835,"The small stone cairn is located at the base of the waterfall, near the center of the image, close to where the water collects at the bottom.","The small stone cairn is located at the base of the waterfall, near the center of the image, just below the waterfall."
budget=2048_info_density_delay0_thumbattn,78,0.8977550268173218,0.8180348873138428,0.8748735189437866,0.8455000519752502,"In the image, there is a piece of cloth or a garment hanging on the wall inside the house, to the right side of the doorway. It appears to be draped over a hook or a similar fixture on the wall. The wall itself is painted in a greenish hue, and the doorway provides a glimpse into the interior space. The hanging cloth adds a touch of everyday life to the scene, suggesting that this is a lived-in and functional space.","In the image, there is a piece of cloth hanging on the wall inside the house. It is located to the right side of the doorway, slightly above the bench on which the elderly man is sitting. The cloth appears to be draped over a hook or a nail, and it hangs loosely against the wall. The wall itself is painted in a dark green color, which contrasts with the lighter-colored clothing of the man sitting outside. The cloth adds a touch of everyday life to the scene, suggesting that this might be a lived-in and frequently used space."
budget=2048_info_density_delay0_thumbattn,79,0.8403266072273254,0.7987073063850403,0.7877956628799438,0.793213963508606,"The object mounted on the wall in the background appears to be a small plaque or sign. Given the context of the image, which shows an architectural interior with columns and arches, it is likely that the plaque provides information about the historical or architectural significance of the location. It could contain details such as the name of the building, historical dates, or descriptions of the architectural style. However, the text on the plaque is not legible in the image, so the exact content cannot be determined.","The image shows a series of arches and columns in what appears to be a historical or architectural interior space. On the wall in the background, there is a small, rectangular object that looks like a plaque or sign. It is mounted at about eye level and is positioned between two arches. The plaque is likely informational, possibly providing details about the location or structure. However, the text on the plaque is not legible in the image."
budget=2048_info_density_delay0_thumbattn,80,0.6838231682777405,0.7454382181167603,0.6086969971656799,0.6701634526252747,"The image doesn't show a cup, so I can't determine its color.",The cup in the image is white.
budget=2048_info_density_delay0_thumbattn,81,0.7591863870620728,0.8010050654411316,0.45137619972229004,0.5773874521255493,"The primary material of the cup lying on the ground appears to be paper or thin cardboard. This assessment is based on the following observations:

1. **Shape and Structure**: The cup has a typical cylindrical shape with a flat base, which is common for paper cups.
2. **Surface Texture**: The surface looks smooth and uniform, which is characteristic of paper or cardboard materials.
3. **Size and Proportion**: The cup seems relatively small, consistent with disposable paper cups often used for beverages.
4. **Context**: Given the outdoor setting and the presence of a graffiti wall, it's plausible that the cup is a piece of litter, which is commonly made from paper or cardboard.

Paper cups are often used for disposable purposes and are lightweight, making them easy to carry and discard, which aligns with the scenario depicted in the image.",The primary material of the cup lying on the ground appears to be plastic.
budget=2048_info_density_delay0_thumbattn,82,0.9071056246757507,0.7412157654762268,0.8044931888580322,0.7715592980384827,"The object located in the center of the grassy area is a statue. It appears to be a classical statue, possibly depicting historical or mythological figures, given the architectural style of the surrounding buildings. The statue is positioned on a pedestal, making it a focal point in the courtyard.","The object located in the center of the grassy area is a statue. It appears to be a classical statue, possibly made of stone or marble, depicting a figure standing on a pedestal. The statue is positioned on a square base and is surrounded by a well-maintained lawn. The surrounding architecture, with its red brick and ornate details, suggests that this might be a courtyard or open space within a historic building or estate."
budget=2048_info_density_delay0_thumbattn,83,0.78983473777771,0.6421658396720886,0.46175459027290344,0.5372180938720703,"The sign on the bridge indicates the direction towards Zaragoza. Given the context of the image, which shows a bridge over a body of water with a scenic landscape in the background, it's logical to assume that the sign is providing directions for travelers.

To determine the direction indicated on the sign:

1. **Observation**: The sign is likely placed on the side of the road or bridge, pointing in a specific direction.
2. **Contextual Clues**: Bridges often have directional signs to guide travelers to various destinations. If the sign is pointing towards Zaragoza, it would typically point in the general direction of travel to reach that city.

Considering these points, the direction indicated on the sign pointing towards Zaragoza would be towards the general direction you need to travel to reach Zaragoza from the current location. This is usually forward or to the side, depending on the layout of the road relative to the bridge.

Without the specific visual of the sign, it's reasonable to conclude that the sign points in the direction you would travel to head towards Zaragoza.","The image shows a bridge over a body of water with hills in the background. There isn't a sign visible in the image pointing towards Zaragoza, so I can't determine the direction it indicates."
budget=2048_info_density_delay0_thumbattn,84,0.7247580289840698,0.5527843236923218,0.7535520792007446,0.637740433216095,The sign pointing towards Alocén indicates the direction to the left.,"The image shows a bridge over a body of water with hills in the background. There isn't a sign visible in the image pointing towards Alocén or any other direction. Therefore, I can't determine the direction indicated on such a sign."
budget=2048_info_density_delay0_thumbattn,85,0.6162517666816711,0.6837310194969177,0.8764285445213318,0.7681795954704285,There isn't a car visible in the image.,There isn't a car in the image. The scene shows a desert landscape with a small tree and some rocks.
budget=2048_info_density_delay0_thumbattn,86,0.8217065334320068,0.8044774532318115,0.6665331721305847,0.7290374040603638,"The image shows a large, historic building with a green dome and several smaller domes, surrounded by trees and a park area. There is a street in front of the building with some people and vehicles.

There is no speed limit sign clearly visible in the image. Therefore, I can't determine the speed limit from this image.","The image shows a large, historic building with a green dome, likely a cathedral or significant landmark. There is no speed limit sign visible in the image."
budget=2048_info_density_delay0_thumbattn,87,0.9527179002761841,0.906873881816864,0.9770487546920776,0.9406543374061584,The flag is red with a yellow star.,The flag in the image is red with a yellow star.
budget=2048_info_density_delay0_thumbattn,88,0.7276987433433533,0.9033608436584473,0.9075552225112915,0.9054531455039978,"The name written on the boat is ""Gondola.""","The name written on the side of the boat is ""Regina."""
budget=2048_info_density_delay0_thumbattn,89,1.0000001192092896,1.0000001192092896,1.0000001192092896,1.0000001192092896,The speed limit sign indicates 30.,The speed limit sign indicates 30.
budget=2048_info_density_delay0_thumbattn,90,1.0,0.9999997615814209,0.9999997615814209,0.9999997615814209,"The name written on the front of the boat is ""Freedom.""","The name written on the front of the boat is ""Freedom."""
budget=2048_info_density_delay0_thumbattn,91,0.7207520008087158,0.6060245037078857,0.597901463508606,0.6019355654716492,"The flag in the image is red, white, and green, which are the colors of the Tunisian flag.","The image doesn't provide a clear view of a flag, so I can't determine its color."
budget=2048_info_density_delay0_thumbattn,92,0.7507256269454956,0.7501636147499084,0.5577295422554016,0.639789879322052,"The Royal Albert Hall is located to the left of the bus in the image. The bus is on the right side of the frame, moving along the road, while the Royal Albert Hall dominates the center and left portion of the image. The Hall's distinctive circular structure and illuminated facade are clearly visible, standing prominently in the scene.",The Royal Albert Hall is positioned to the left of the bus.
budget=2048_info_density_delay0_thumbattn,93,0.923741340637207,0.7631626129150391,0.8288544416427612,0.7946531772613525,"The houses are located in the background, towards the right side of the image, nestled among the trees and slightly elevated compared to the tea fields in the foreground.","The houses are located in the background, nestled among the trees and slightly elevated compared to the tea fields. They appear to be situated further back in the valley, beyond the expanse of the tea plantation."
budget=2048_info_density_delay0_thumbattn,94,0.9041919112205505,0.8226467370986938,0.6414936780929565,0.7208634614944458,"In the image, the white truck is positioned to the right of the trams. The trams are closer to the left side of the image, near the bridge and the people walking. The truck is situated further to the right, near the edge of the platform area in front of the large building.",The white truck is positioned to the right of the trams in the image.
budget=2048_info_density_delay0_thumbattn,95,0.9593154788017273,0.8591489195823669,0.794658899307251,0.8256464600563049,"In the image, the red car is positioned to the left of the black car. The red car is closer to the foreground and is situated near the center-left part of the photo, while the black car is slightly behind and to the right of the red car, closer to the background. Both cars are parked near the building on the left side of the image.","In the image, the red car is positioned to the left of the black car. The red car is partially visible behind the structure on the left side, while the black car is further back and to the right, near the center of the image."
budget=2048_info_density_delay0_thumbattn,96,0.9744490385055542,0.969463586807251,0.9864066243171692,0.977861762046814,The pink banner is to the right of the green trash bin.,The pink banner is positioned to the right of the green trash bin.
budget=2048_info_density_delay0_thumbattn,97,0.7914168238639832,0.7914600968360901,0.7277050018310547,0.7582448124885559,"In the image, the person wearing a light brown hat is positioned to the left of the person wearing a pink shirt. Both individuals appear to be exploring the ancient stone ruins, with the person in the light brown hat slightly ahead of the person in the pink shirt along the path. The person in the light brown hat seems to be leading or guiding the way, while the person in the pink shirt follows closely behind. This relative positioning suggests they might be traveling together, possibly as tourists or explorers visiting the historical site.","In the image, the person wearing a light brown hat is positioned to the left of the person wearing a pink shirt. Both individuals are standing near the stone structures, but the person in the light brown hat is slightly ahead, closer to the left side of the frame, while the person in the pink shirt is a bit further to the right."
budget=2048_info_density_delay0_thumbattn,98,1.0000001192092896,1.0,1.0,1.0,The white car is positioned to the left of the large white building.,The white car is positioned to the left of the large white building.
budget=2048_info_density_delay0_thumbattn,99,0.9138696193695068,0.8248867392539978,0.8301331996917725,0.827501654624939,"In the image, the black motorcycle is positioned to the left of the silver car. The silver car is slightly ahead of the motorcycle, and both are situated on the right side of the frame, near the bottom. The motorcycle is closer to the water's edge, while the car is a bit further back, near the buildings.","In the image, the black motorcycle is positioned to the left of the silver car. The silver car is slightly ahead of the motorcycle, and both vehicles are traveling along the road near the river on the right side of the bridge. The motorcycle appears to be closer to the riverbank compared to the silver car."
budget=2048_info_density_delay0_thumbattn,100,0.9683758020401001,0.9194836020469666,0.9066824913024902,0.9130381345748901,"The flag on the left side has three vertical stripes. From left to right, the colors are black, red, and yellow. This is the flag of Germany.","The flag on the left side is the German flag, which consists of three vertical stripes. From left to right, the colors are black, red, and yellow."
budget=2048_info_density_delay0_thumbattn,101,0.8858534693717957,0.7268846035003662,0.751772403717041,0.7391191124916077,"The small white building is located along the dock, which is adjacent to the water. It is positioned such that part of it is near the edge of the dock, with the water in the foreground. The building is situated to the right side of the image, closer to the large silos, and it stands on the dock that extends into the water. The building itself is relatively low in height compared to the silos and other structures around it.","The small white building is situated on the dock, which is adjacent to the water. It is positioned such that the water is directly in front of it, along the shoreline. The building appears to be at a lower elevation compared to the large industrial structures behind it, and the water is at the same level as the base of the building. The building is likely part of the dockside infrastructure, providing support or storage near the water's edge."
budget=2048_info_density_delay0_thumbattn,102,1.0000001192092896,1.0000001192092896,1.0000001192092896,1.0000001192092896,There are four computers visible on the table.,There are four computers visible on the table.
budget=2048_info_density_delay0_thumbattn,103,0.9545949101448059,0.7913310527801514,0.769769549369812,0.7804014086723328,"The American flag is positioned on the left side of the image. It is attached to a pole and is located near the front of the scene, slightly behind some of the items and signs in front of the building. The flag is visible among the various objects and appears to be flying or standing upright.","The American flag is positioned on the left side of the image, near the center but slightly towards the top. It is attached to a pole and is waving in the wind. The flag is located behind a collection of items and to the left of the building with the rustic appearance."
budget=2048_info_density_delay0_thumbattn,104,0.8757315874099731,0.7318904995918274,0.7711647152900696,0.7510144710540771,"The ""OPEN"" sign is located on the right side of the image, hanging near the front of the rustic shop with the wooden bear statue.","The ""OPEN"" sign is located on the building to the right side of the image, near the top, just below the roofline. It is positioned among other signs and items that are part of the storefront display."
budget=2048_info_density_delay0_thumbattn,105,1.0000001192092896,1.0,1.0,1.0,The totem pole is positioned to the right of the bear statue.,The totem pole is positioned to the right of the bear statue.
budget=2048_info_density_delay0_thumbattn,106,0.9111868143081665,0.7777549624443054,0.7259513139724731,0.7509608268737793,"The overhead electric wires are running parallel to the train tracks and are positioned above the train. They are angled slightly upwards from the perspective of the image, suggesting they are mounted on poles that extend along the length of the tracks. The wires are likely part of the catenary system that provides power to the electric train.","The overhead electric wires are running parallel to the direction of the train. They are positioned above the train, extending from the front to the rear of the locomotive, providing power to the train as it travels along the tracks."
budget=2048_info_density_delay0_thumbattn,107,0.9787188172340393,0.815922737121582,0.8091703653335571,0.8125325441360474,"The person in the red jacket is positioned to the right of the large tree. They are closer to the hedge and appear to be walking along the path or grassy area beside it, while the large tree stands prominently on the left side of the image.","The person in the red jacket is positioned to the right of the large tree. They are walking along the hedge, which is adjacent to the tree. The tree is on the left side of the image, while the person is further to the right, closer to the foreground."
budget=2048_info_density_delay0_thumbattn,108,0.8679622411727905,0.7320001125335693,0.7801427841186523,0.7553050518035889,"To the right of the image, there is a structure that appears to be an elephant statue. The statue is positioned near the edge of the waterfall, partially obscured by trees and foliage. The elephant is crafted from a material that resembles stone or concrete, and it has prominent features such as large ears and a trunk. The statue seems to be part of the landscaping around the waterfall, adding an artistic or thematic element to the natural setting.","In the image, to the right, there is a structure that appears to be an elephant's head. This structure is part of a larger rock formation and is positioned near the edge of the waterfall. The elephant's head seems to be made of stone or a similar material and is integrated into the natural landscape, adding an artistic or thematic element to the scene. The trunk of the elephant is extended towards the waterfall, which might symbolize the elephant interacting with the water. This kind of structure is often found in themed parks or natural attractions where elements of wildlife are incorporated into the scenery to enhance the visitor experience."
budget=2048_info_density_delay0_thumbattn,109,1.0,0.9999999403953552,0.9999999403953552,0.9999999403953552,There are three people standing in front of the entrance of the building.,There are three people standing in front of the entrance of the building.
budget=2048_info_density_delay0_thumbattn,110,1.0,0.9999999403953552,0.9999999403953552,0.9999999403953552,The left tower is closer to the viewer than the right tower.,The left tower is closer to the viewer than the right tower.
budget=2048_info_density_delay0_thumbattn,111,0.9649630188941956,0.7611393928527832,0.845260739326477,0.8009975552558899,"The building behind the statue is the District of Columbia Court of Appeals. The inscription on the building reads ""DISTRICT OF COLUMBIA COURT OF APPEALS."" This neoclassical structure features prominent columns and a pediment, which are characteristic architectural elements of such buildings. The statue in front of it is of Abraham Lincoln, as indicated by the name on the pedestal.","The building behind the statue is the ""District of Columbia Court of Appeals."" This is evident from the inscription on the building's facade, which clearly reads ""DISTRICT OF COLUMBIA COURT OF APPEALS."" The statue in front of the building is of Abraham Lincoln, as indicated by the name ""LINCOLN"" on the pedestal. The Court of Appeals is a significant judicial institution in the District of Columbia, handling appeals from lower courts. The neoclassical architecture, featuring large columns and a triangular pediment, is also characteristic of many important government buildings in the United States."
budget=2048_info_density_delay0_thumbattn,112,0.9414643049240112,0.7571065425872803,0.8926547765731812,0.8193121552467346,"The statue is located on the right side of the image, near the end of the colonnade. It depicts a figure on horseback.","The statue is located on the right side of the image. It appears to be positioned near the end of the colonnade, slightly set back from the columns. The statue depicts a figure with a horse, and it is placed on a pedestal. The background features a large, domed building with architectural details."
budget=2048_info_density_delay0_thumbattn,113,1.0,0.9999998807907104,0.9999998807907104,0.9999998807907104,The object directly to the right of the main entrance of the church is a bell tower.,The object directly to the right of the main entrance of the church is a bell tower.
budget=2048_info_density_delay0_thumbattn,114,0.9538289308547974,0.9459238648414612,0.961683452129364,0.9537385702133179,The child in the foreground is running towards the right side of the image on the bridge.,"The child in the foreground is running forward on the bridge, towards the right side of the image."
budget=2048_info_density_delay0_thumbattn,115,0.7556056976318359,0.6455767750740051,0.5968725681304932,0.6202700734138489,"In the image, the person is located on the right side, while the building is situated more towards the center-left part of the background. The person appears to be standing on the grassy area near the water's edge, whereas the building is set further back, amidst the trees. The person is in the foreground, and the building is in the midground, with the person being closer to the viewer than the building.","In the image, there is no person visible. However, there is a building in the background, reflected in the water. The building appears to be situated on the far side of the water body, opposite the viewpoint of the camera. The surrounding area includes lush greenery and trees on both sides of the water."
budget=2048_info_density_delay0_thumbattn,116,0.8664233088493347,0.8690403699874878,0.8663815855979919,0.8677089810371399,"To the right of the main house, there is a smaller building, possibly a shed or a cabin. It is nestled among the trees on the shore.","To the right of the main house, there is another smaller structure, possibly a shed or a cabin. It is partially obscured by the trees."
budget=2048_info_density_delay0_thumbattn,117,0.9952564239501953,0.967430055141449,0.9839211702346802,0.9756059646606445,"The clock is located on the wall to the right side of the room, near the windows. It is positioned above a wooden cabinet or shelf.","The clock is located on the wall to the right side of the room, near the windows. It is positioned above a wooden cabinet or mantelpiece."
budget=2048_info_density_delay0_thumbattn,118,0.7853537201881409,0.6629346609115601,0.6787526607513428,0.6707504391670227,"The component labeled ""Sony"" is positioned to the right of the component labeled ""Mavica."" The ""Sony"" component, which appears to be a control panel or a part of a camera system, is situated further to the right side of the image, while the ""Mavica"" component, identified as ""Hi-Band Mavica MVC-5000,"" is on the left side.","The component labeled ""Sony"" is positioned to the right of the component labeled ""Mavica."" The ""Sony"" component is a black, rectangular device with a handle-like extension on its left side, while the ""Mavica"" component is a black, boxy device with a protruding handle on its left side. The ""Sony"" component is slightly smaller and more compact in appearance compared to the ""Mavica"" component."
budget=2048_info_density_delay0_thumbattn,119,1.0,0.9999999403953552,1.0,0.9999999403953552,"The word ""SWING"" is written on the parachute.","The word ""SWING"" is written on the parachute."
budget=2048_info_density_delay0_thumbattn,120,1.0,0.9999999403953552,0.9999999403953552,0.9999999403953552,"The word ""SWIRL"" is written on the parachute.","The word ""SWIRL"" is written on the parachute."
budget=2048_info_density_delay0_thumbattn,121,1.0,1.0,1.0,1.0,"The word ""SWOOP"" is written on the parachute.","The word ""SWOOP"" is written on the parachute."
budget=2048_info_density_delay0_thumbattn,122,1.0,1.0000001192092896,1.0000001192092896,1.0000001192092896,"The word ""SPRING"" is written on the parachute.","The word ""SPRING"" is written on the parachute."
budget=2048_info_density_delay0_thumbattn,123,1.0,1.0,1.0,1.0,"The word ""Dally"" is visible on the suitcase.","The word ""Dally"" is visible on the suitcase."
budget=2048_info_density_delay0_thumbattn,124,1.0,1.0,0.9999999403953552,0.9999999403953552,"The word ""Dolly"" is visible on the suitcase.","The word ""Dolly"" is visible on the suitcase."
budget=2048_info_density_delay0_thumbattn,125,0.6944534182548523,0.91495281457901,0.9330422878265381,0.923909068107605,"The word ""NORTH"" is written on the hang glider.","The word ""DORNIER"" is written on the hang glider."
budget=2048_info_density_delay0_thumbattn,126,0.6921818852424622,0.9324209690093994,0.9325789213180542,0.9324999451637268,"The word ""NORTH"" is written on the hang glider.","The word ""Dynam"" is written on the hang glider."
budget=2048_info_density_delay0_thumbattn,127,0.6921818852424622,0.9324209690093994,0.9325789213180542,0.9324999451637268,"The word ""NORTH"" is written on the hang glider.","The word ""Dynam"" is written on the hang glider."
budget=2048_info_density_delay0_thumbattn,128,0.6921818852424622,0.9324209690093994,0.9325789213180542,0.9324999451637268,"The word ""NORTH"" is written on the hang glider.","The word ""Dynam"" is written on the hang glider."
budget=2048_info_density_delay0_thumbattn,129,1.0,1.0000001192092896,1.0000001192092896,1.0000001192092896,The license plate number of the car is 217722 ROMA.,The license plate number of the car is 217722 ROMA.
budget=2048_info_density_delay0_thumbattn,130,0.8138713240623474,0.8681377172470093,0.7648681402206421,0.8132376074790955,"The bird is positioned to the left of the car, on the cobblestone street. It appears to be near the front left wheel of the car, close to the ground.","The bird is positioned to the left of the car, walking on the cobblestone street in front of it."
budget=2048_info_density_delay0_thumbattn,131,0.9227699041366577,0.9152011275291443,0.9214563369750977,0.9183180332183838,"The red rectangle on the sign reads ""Muzium Tekstil Negara,"" which is Malay for ""National Textile Museum.""","The text inside the red rectangle on the sign reads ""Muzium Tekstil Negara"" which translates to ""National Textile Museum""."
budget=2048_info_density_delay0_thumbattn,132,0.9999999403953552,1.0,1.0,1.0,"The red rectangle on the sign contains the word ""Bank.""","The red rectangle on the sign contains the word ""Bank."""
budget=2048_info_density_delay0_thumbattn,133,1.0,1.0,0.9999999403953552,0.9999999403953552,The taller white building is to the right of the National Textile Museum.,The taller white building is to the right of the National Textile Museum.
budget=2048_info_density_delay0_thumbattn,134,0.6529826521873474,0.8604092597961426,0.8655447363853455,0.8629693388938904,"The word ""Gasthaus"" is written on the building to the left in the image.","The word written on the building to the left in the image is ""LIBRARY."""
budget=2048_info_density_delay0_thumbattn,135,1.0,1.0000001192092896,1.0000001192092896,1.0000001192092896,The car located to the right of the orange car is yellow.,The car located to the right of the orange car is yellow.
budget=2048_info_density_delay0_thumbattn,136,0.699290931224823,0.9417351484298706,0.9678665399551392,0.9546220302581787,The object placed directly in front of the bench on the left side of the image is a bicycle.,The object placed directly in front of the bench on the left side of the image is a palm tree.
budget=2048_info_density_delay0_thumbattn,137,0.8413523435592651,0.9611828923225403,0.9708857536315918,0.9660099744796753,There are three people seated at the table on the right side of the image where the woman in a striped shirt is standing.,There are two people seated at the table on the right side of the image where the woman in the striped shirt is standing.
budget=2048_info_density_delay0_thumbattn,138,0.6328568458557129,0.9261753559112549,0.8348578214645386,0.8781489133834839,"Inside the partially built brick structure, you can see a wooden box and a bouquet of flowers.","Inside the partially built brick structure, there is a wooden crate."
budget=2048_info_density_delay0_thumbattn,139,0.9476027488708496,0.7375034689903259,0.7838134169578552,0.7599535584449768,"In the image, the chairs are located to the left of the bicycles. The chairs are part of an outdoor seating area, while the bicycles are parked near the building entrance on the right side of the seating area.","In the image, the chairs are located on the left side, while the bicycles are on the right side. The chairs are positioned closer to the building, near what appears to be an outdoor seating area. The bicycles are parked along the right edge of the image, near the sidewalk. Thus, the chairs are to the left of the bicycles."
budget=2048_info_density_delay0_thumbattn,140,0.8620593547821045,0.9899718761444092,0.9899718761444092,0.9899718761444092,There are three bicycles visible near the building's entrance on the right side of the image.,There are two bicycles visible near the building's entrance on the right side of the image.
budget=2048_info_density_delay0_thumbattn,141,0.8038461804389954,0.7505532503128052,0.6231019496917725,0.6809149384498596,"The car is located behind the statue of the lion on the left side of the image. The lion statue is in the foreground, while the car is further back, partially obscured by the building and other structures.",The car is positioned to the left of the statue of the lion when facing the building.
budget=2048_info_density_delay0_thumbattn,142,0.8615506291389465,0.8241384029388428,0.6047334671020508,0.6975910067558289,"The car is positioned to the left of the central tower of the building when facing the building directly. It appears to be on a street or road that runs alongside the building, slightly in front of the lower sections of the structure. The car is at a lower elevation compared to the central tower, which rises prominently above the rest of the building.",The car is positioned to the left of the central tower of the building.
budget=2048_info_density_delay0_thumbattn,143,0.9548946619033813,0.8996455073356628,0.9044322967529297,0.9020324945449829,The object in the red circle is a plastic water bottle. Its primary function is to contain and transport drinking water.,The primary function of the object in the red circle—a plastic water bottle—is to hold and transport drinking water.
budget=2048_info_density_delay0_thumbattn,144,0.9072483777999878,0.6129816770553589,0.6518279314041138,0.6318082809448242,The label in the red circle on the water bottle likely serves to indicate that the bottle is open or has been used. This is a common practice to remind the user or others that the contents have been accessed and may not be sterile anymore. It helps in maintaining hygiene and ensuring that the bottle is properly managed.,"The label in the red circle on the water bottle likely serves to provide important information about the product. This can include details such as the brand name, ingredients, nutritional information, recycling instructions, or warnings. In some cases, labels may also indicate whether the bottle is reusable or made from specific materials. The exact purpose of this label would depend on the text and symbols it contains, but it is generally intended to inform consumers about the product they are using."
budget=2048_info_density_delay0_thumbattn,145,0.9855746030807495,0.9119747281074524,0.8828054666519165,0.8971530199050903,"The label in the red circle on the water bottle is a ""Recycle"" symbol. This symbol is widely recognized and used to indicate that the bottle is recyclable. The presence of this label suggests an emphasis on environmental consciousness and recycling practices. It's a small but important detail that aligns with efforts to promote sustainability and proper waste management.","The label in the red circle on the water bottle is a ""Recycle"" symbol. This symbol is widely recognized and used to indicate that the bottle is recyclable. The presence of this label suggests an emphasis on environmental responsibility and recycling efforts. It encourages proper disposal and recycling of the bottle to reduce waste and promote sustainability."
budget=2048_info_density_delay0_thumbattn,146,0.8165184259414673,0.6961141228675842,0.613985538482666,0.6524755954742432,"The Chinese text in the red rectangle reads ""南福同"" (Nán Fú Tóng). This phrase doesn't directly translate to a meaningful English phrase as it seems to be a proper noun, possibly the name of a place, business, or market. The characters individually translate to:

- 南 (Nán): South
- 福 (Fú): Blessing, fortune
- 同 (Tóng): Together, same

So, ""南福同"" could be interpreted as ""South Blessing Together"" or ""South Fortune Together,"" but it likely retains its original form as a name.","The Chinese text in the red rectangle reads ""南福同"" (Nán Fú Tóng). This phrase doesn't directly translate to a meaningful English phrase as it seems to be a proper noun, possibly the name of a place, business, or a specific designation within the context of the image. Without additional context, it's challenging to provide a precise translation. It could be a name of a market stall, shop, or area within the market scene depicted."
budget=2048_info_density_delay0_thumbattn,147,0.7942348718643188,0.7731071710586548,0.53908771276474,0.6352297067642212,"The two numbered locations that belong to the same country are:

- **1** (near the center, in the region of Xinjiang, China)
- **2** (southeast of location 1, in the region of Tibet, China)

Both locations are in China.","The two numbered locations that belong to the same country are 110 and 111, both located in Myanmar."
budget=2048_info_density_delay0_thumbattn,148,0.796201229095459,0.8230271935462952,0.6565206050872803,0.7304046750068665,"The two numbered locations that belong to the same country are:

1. Location 3
2. Location 4

Both are in China.","The two numbered locations that belong to the same country are 110 and 111, both located in Myanmar."
budget=2048_info_density_delay0_thumbattn,149,0.9646620154380798,0.8825827240943909,0.7713012099266052,0.8231981992721558,"The two numbered locations that belong to the same country are:

- Location 1 and Location 2, which are both in China.",The two numbered locations that belong to the same country are 1 and 2. Both are located in China.
budget=2048_info_density_delay0_thumbattn,150,0.8081821799278259,0.6782819032669067,0.5416629314422607,0.6023225784301758,"The two numbered locations that belong to the same country are:

- **1** and **2**: Both are in China.
- **3** and **4**: Both are in Russia.

However, since the question asks for only one pair, you can choose either pair. If you need a specific pair, please let me know!","The two numbered locations that belong to the same country are both in China. Location �� is in the Xinjiang region in the northwest, and location �� is in the Sichuan region in the southwest."
budget=2048_info_density_delay0_thumbattn,151,0.8773770332336426,0.8550392389297485,0.8776648044586182,0.8662043213844299,The two numbered locations that belong to the same country are 2 and 3. Both are located in Japan.,The two numbered locations that belong to the same country are both in China. They are marked as 110 and 111.
budget=2048_info_density_delay0_thumbattn,152,0.8049736022949219,0.6409628987312317,0.7736321687698364,0.7010762691497803,The two numbered locations that belong to the same country are 2 and 3. Both are located in Turkey.,"The two numbered locations that belong to the same country are both in Egypt. Location �� is in the Sinai Peninsula, and location �� is on the mainland of Egypt, both of which are part of Egypt."
budget=2048_info_density_delay0_thumbattn,153,0.9023504257202148,0.9412504434585571,0.9329527020454407,0.9370831251144409,The two numbered locations that belong to the same country are numbers 2 and 3. Both are located in Russia.,"The two numbered locations that belong to the same country are numbers 2 and 3, both of which are in Japan."
budget=2048_info_density_delay0_thumbattn,154,0.7414981722831726,0.7562673091888428,0.5966644287109375,0.6670518517494202,"The two numbered locations that belong to the same country are:

- Location 2 (Iceland)
- Location 3 (Greenland)

Both are part of Denmark.",The two numbered locations that belong to the same country are both in Russia. They are marked with numbers 4 and 5.
budget=2048_info_density_delay0_thumbattn,155,0.8537393808364868,0.6880068778991699,0.4816916584968567,0.5666540265083313,"The two numbered locations that belong to the same country are:

- Location 3: This is in Central America, specifically in Nicaragua.
- Location 4: This is in North America, specifically in Alaska, USA.

However, upon closer inspection, it appears that Locations 3 and 4 do not belong to the same country. Let's reassess:

- Location 1 and Location 2 are both in Russia. 

So, the correct answer is that Locations 1 and 2 belong to the same country, Russia.","The two numbered locations that belong to the same country are both in Russia. Specifically, numbers 2 and 3 are located within Russia."
budget=2048_info_density_delay0_thumbattn,156,0.9277850389480591,0.6352265477180481,0.7615039944648743,0.692656934261322,"The two numbered locations that belong to the same country are:

- Location 1 and Location 2, which are both in Russia.","The two numbered locations that belong to the same country are numbers 1 and 2. Both are located in Russia. Number 1 is on the eastern part of the country, near the Kamchatka Peninsula, and number 2 is in the northwest, near the border with Norway."
budget=2048_info_density_delay0_thumbattn,157,0.8805397152900696,0.6114811897277832,0.8151038885116577,0.6987605690956116,The two numbered locations that belong to the same country are 3 and 4. Both are in Russia.,"The two numbered locations that belong to the same country are both in Russia. Location 1 is in the European part of Russia, near the Ural Mountains, and location 2 is in the North American part of Russia, in the Far East near the Kamchatka Peninsula."
budget=2048_info_density_delay0_thumbattn,158,0.8466297388076782,0.6652237772941589,0.6125880479812622,0.6378218531608582,"The two numbered locations that belong to the same country are:

- Location 1: This is in Central America, specifically in Nicaragua.
- Location 4: This is also in Central America, specifically in Costa Rica.

Both locations are in the Central American region, which is part of the Americas.","The two numbered locations that belong to the same country are both in Mexico. Location 1 is on the Yucatán Peninsula, and location 2 is on the mainland part of Mexico, specifically in the central plateau region. Both are within Mexico's borders."
budget=2048_info_density_delay0_thumbattn,159,1.0,1.0,1.0,1.0,The red rectangle highlights the face of George Washington on Mount Rushmore.,The red rectangle highlights the face of George Washington on Mount Rushmore.
budget=2048_info_density_delay0_thumbattn,160,0.9816904664039612,0.9728341102600098,0.9728341102600098,0.9728341102600098,The red rectangle highlights the face of Abraham Lincoln on Mount Rushmore.,The red rectangle on Mount Rushmore highlights the face of Abraham Lincoln.
budget=2048_info_density_delay0_thumbattn,161,0.827972948551178,0.9530404806137085,0.9702391624450684,0.9615629315376282,The red rectangle on Mount Rushmore highlights the face of Abraham Lincoln.,The red rectangle on Mount Rushmore highlights the face of Thomas Jefferson.
budget=2048_info_density_delay0_thumbattn,162,0.7529674768447876,0.5105189085006714,0.8431944251060486,0.635979175567627,The red rectangle highlights the face of George Washington on Mount Rushmore.,"The red rectangle on Mount Rushmore highlights the face of Thomas Jefferson. 

To provide a bit more context, Mount Rushmore features the carved faces of four U.S. presidents: George Washington, Thomas Jefferson, Theodore Roosevelt, and Abraham Lincoln. Each president represents a different era in American history. Thomas Jefferson, highlighted in the image, is known for his role in the American Revolution, serving as the principal author of the Declaration of Independence, and as the third President of the United States. His presidency is marked by the Louisiana Purchase and the Lewis and Clark Expedition."
budget=2048_info_density_delay0_thumbattn,163,1.0,1.0,1.0,1.0,The red rectangle highlights the face of George Washington on Mount Rushmore.,The red rectangle highlights the face of George Washington on Mount Rushmore.
budget=2048_info_density_delay0_thumbattn,164,0.9772451519966125,0.9475705623626709,0.9668041467666626,0.9570907354354858,The red rectangle highlights the face of Thomas Jefferson on Mount Rushmore.,The red rectangle on Mount Rushmore highlights the face of Thomas Jefferson.
budget=2048_info_density_delay0_thumbattn,165,0.9947464466094971,0.9787948131561279,0.9945093393325806,0.9865894913673401,The red rectangle highlights the face of George Washington on Mount Rushmore.,The red rectangle highlights the face of President George Washington on Mount Rushmore.
budget=2048_info_density_delay0_thumbattn,166,0.6790943145751953,0.4081386923789978,0.7467665672302246,0.5278083086013794,The red rectangle on Mount Rushmore highlights the face of Thomas Jefferson.,"The president's face highlighted in the red rectangle on Mount Rushmore belongs to **Theodore Roosevelt**. 

To provide some context, Mount Rushmore features the carved faces of four U.S. presidents who played significant roles in the history of the United States. From left to right, they are:

1. **George Washington** - The first President of the United States and one of the founding fathers.
2. **Thomas Jefferson** - The third President and the principal author of the Declaration of Independence.
3. **Abraham Lincoln** - The 16th President, known for leading the nation through the Civil War and issuing the Emancipation Proclamation.
4. **Theodore Roosevelt** - The 26th President, known for his progressive policies and conservation efforts.

Theodore Roosevelt's face is the third one from the left on the mountain. He served as president from 1901 to 1909 and is often remembered for his ""Square Deal"" domestic program and his role in negotiating the end of the Russo-Japanese War. His image on Mount Rushmore emphasizes his significant contributions to American history and his reputation as a robust and influential leader."
budget=2048_info_density_delay0_thumbattn,167,0.9026094079017639,0.922189474105835,0.922189474105835,0.922189474105835,97,98
budget=2048_info_density_delay0_thumbattn,168,0.7554242014884949,0.8337685465812683,0.8337685465812683,0.8337685465812683,57,44
budget=2048_info_density_delay0_thumbattn,169,0.7517149448394775,0.8517476916313171,0.8517476916313171,0.8517476916313171,97,103
budget=2048_info_density_delay0_thumbattn,170,0.38188838958740234,0.6411007642745972,0.49577710032463074,0.559150755405426,44.5,77
budget=2048_info_density_delay0_thumbattn,171,0.629086971282959,0.8069109916687012,0.8069109916687012,0.8069109916687012,97,74
budget=2048_info_density_delay0_thumbattn,172,0.5356446504592896,0.6616936922073364,0.5128151178359985,0.5778186321258545,51.5,42
budget=2048_info_density_delay0_thumbattn,173,0.6488319635391235,0.8681061267852783,0.8681061267852783,0.8681061267852783,97,117
budget=2048_info_density_delay0_thumbattn,174,0.9270129799842834,0.9715718626976013,0.9715718626976013,0.9715718626976013,46.5,45.5
budget=2048_info_density_delay0_thumbattn,175,0.5729830265045166,0.7719151973724365,0.7719151973724365,0.7719151973724365,94,167
budget=2048_info_density_delay0_thumbattn,176,0.7580333948135376,0.9476178884506226,0.9476178884506226,0.9476178884506226,61.5,82.5
budget=2048_info_density_delay0_thumbattn,177,0.43124914169311523,0.6988426446914673,0.5826801061630249,0.6354966759681702,"The image does not show a flag, so I can't determine its color.",The flag on the boat is red and white.
budget=2048_info_density_delay0_thumbattn,178,1.000000238418579,0.9999999403953552,0.9999999403953552,0.9999999403953552,The car is red.,The car is red.
budget=2048_info_density_delay0_thumbattn,179,0.955036997795105,0.92502760887146,0.9008343815803528,0.9127707481384277,"There is no house visible in the image. The landscape features rocky cliffs, a flat plain with some water pools, and distant mountains.","There is no house in the image. The landscape features rocky cliffs, a flat plain, and distant mountains under a cloudy sky."
budget=2048_info_density_delay0_thumbattn,180,1.000000238418579,0.9999999403953552,0.9999999403953552,0.9999999403953552,There are two people in the boat.,There are two people in the boat.
budget=2048_info_density_delay0_thumbattn,181,0.8778495788574219,0.8011876344680786,0.8872981071472168,0.8420470952987671,"There isn't a car visible in the image. The picture shows a coastal landscape with cliffs, water, and some vegetation.","There is no car in the image. The picture shows a coastal landscape with cacti in the foreground, and two large rock formations in the water under a clear blue sky."
budget=2048_info_density_delay0_thumbattn,182,0.9079518914222717,0.7149150967597961,0.828368067741394,0.7674713730812073,"The person is carrying a golf bag, which is prominently visible in the image. The golf bag contains several golf clubs, and the person is also wearing a glove on one hand, which is typical equipment for a golfer.","The person is prominently holding a golf bag, which contains several golf clubs. The golf bag has the word ""TourEdge"" written on it, indicating the brand. The clubs are visible, with one club having a black grip and another having a white grip. The person is also wearing a glove on their left hand, which is commonly used for better grip on the club."
budget=2048_info_density_delay0_thumbattn,183,1.0,0.9999999403953552,1.0,0.9999999403953552,"The flag on the left is the flag of Germany. It features three horizontal bands of black, red, and yellow.","The flag on the left is the flag of Germany. It features three horizontal bands of black, red, and yellow."
budget=2048_info_density_delay0_thumbattn,184,0.9333277940750122,0.8960793018341064,0.8336989879608154,0.8637643456459045,"The flag on the right is the flag of Bavaria, representing the German federal state of Bavaria (Bayern). The flag features a blue and white diagonal division, with a white ""B"" on a blue background in the upper left corner, symbolizing the historical connection to the Babenberg family.","The flag on the right is the flag of Bavaria, representing the German federal state of Bavaria. The flag features a blue and white diagonal division, with a white square in the blue section containing a stylized letter ""B"" in black."
budget=2048_info_density_delay0_thumbattn,185,0.9687529802322388,0.8163015246391296,0.7861793041229248,0.8009572625160217,"The ship in the image displays the flag of the Netherlands. The flag features horizontal stripes of red, white, and blue, which are the colors of the Dutch national flag. This indicates that the naval ship belongs to the Netherlands.","The flag shown in the image is the flag of the Netherlands. The flag features horizontal stripes of red, white, and blue. Therefore, the naval ship depicted in the image belongs to the Netherlands."
budget=2048_info_density_delay0_thumbattn,186,0.818027675151825,0.6180273294448853,0.5703675150871277,0.5932417511940002,"The license plate on the vehicle in the image provides a clue to the country of registration. Let's break down the details:

1. **License Plate Format**: The license plate reads ""FK-879"". This format, with a letter followed by a combination of numbers and letters, is common in several countries.

2. **Region Clue**: The letter ""F"" often indicates a specific region within a country. In many European countries, the first letter of the license plate denotes the region where the vehicle was registered.

3. **Country Identification**: The combination ""FK"" is specific to Faroe Islands. The Faroe Islands is a self-governing territory within the Kingdom of Denmark, and ""FK"" is the code used for vehicles registered there.

Therefore, the license plate ""FK-879"" indicates that the vehicle is registered in the Faroe Islands. This conclusion is supported by the distinctive alphanumeric format used by Faroe Islands for vehicle registration plates.","The license plate on the vehicle in the image appears to be from Iceland. The blue strip on the left side of the plate, which typically indicates the country, matches the European Union's system where Iceland, along with other EU countries, uses a blue strip at the top of the plate. The specific format and design also align with Icelandic license plates. 

Icelandic license plates usually have a white background with black text and numbers, and they often include a blue strip on the left side, which is a common feature for EU countries. The combination of these elements suggests that this vehicle is registered in Iceland."
budget=2048_info_density_delay0_thumbattn,187,0.955514669418335,0.9523898363113403,0.9685987830162048,0.9604259133338928,"The square white adapter in the image is an Apple USB-C adapter. Apple was founded by Steve Jobs, Steve Wozniak, and Ronald Wayne.","The square white adapter in the image is an Apple USB power adapter. Apple Inc. was founded by Steve Jobs, Steve Wozniak, and Ronald Wayne."
budget=2048_info_density_delay0_thumbattn,188,0.99217689037323,0.9703148603439331,0.9629718065261841,0.9666293859481812,"The image shows an industrial waterfront scene with silos, conveyor structures, and buildings. There is no blue backpack or airplane visible in the image. Therefore, I can't determine the position of a blue backpack relative to an airplane.","The image shows an industrial waterfront scene with large silos and a conveyor structure. There is no blue backpack or airplane visible in the image. Therefore, I cannot determine the position of a blue backpack relative to an airplane."
budget=2048_info_density_delay0_thumbattn,189,0.9907277822494507,0.8763184547424316,0.8721121549606323,0.8742102384567261,"To determine the position of the blue backpack relative to the umbrella, let's carefully observe the image.

1. **Identify the Umbrella**: The umbrella is located on the bridge in the foreground, slightly to the left side of the image. It is being held by a person standing on the bridge.

2. **Identify the Blue Backpack**: The blue backpack is situated on the ground near the rocks at the base of the castle, closer to the right side of the image.

3. **Compare Positions**:
   - The umbrella is positioned higher up, as it is on the bridge, while the blue backpack is on the ground level near the rocks.
   - The umbrella is more towards the left side of the image, whereas the blue backpack is more towards the right side.

4. **Relative Position**: The blue backpack is located to the right and below the position of the umbrella when viewed from the perspective of the image.

In summary, the blue backpack is situated to the right and below the umbrella.","To determine the position of the blue backpack relative to the umbrella, let's carefully observe the image.

1. **Identify the Umbrella**: The umbrella is located on the bridge to the left side of the image. It is being held by a person standing near the railing.

2. **Identify the Blue Backpack**: The blue backpack is situated on the ground near the large rock formation at the bottom right of the image. It is positioned close to the pathway that leads towards the castle.

3. **Compare Positions**:
   - The umbrella is on the upper left side of the image, near the railing of the bridge.
   - The blue backpack is on the lower right side of the image, near the rock formation.

4. **Relative Position**:
   - The blue backpack is to the right of the umbrella.
   - The blue backpack is also lower (further down) on the image compared to the umbrella.

In summary, the blue backpack is positioned to the right and below the umbrella."
budget=2048_info_density_delay0_thumbattn,190,0.9442523717880249,0.9222813844680786,0.9248689413070679,0.92357337474823,The blue backpack is positioned to the right of the wooden box.,The blue backpack is positioned on top of the wooden box.
budget=2048_info_density_delay0_thumbattn,191,1.000000238418579,1.0,1.0,1.0,The wooden jewelry box is positioned to the right of the clock.,The wooden jewelry box is positioned to the right of the clock.
budget=2048_info_density_delay0_thumbattn,192,0.7564845681190491,0.910103976726532,0.910103976726532,0.910103976726532,There are two chairs in the image.,There is one chair in the image.
budget=2048_info_density_delay0_thumbattn,193,0.761218786239624,0.7452026009559631,0.9128056764602661,0.8205329179763794,The chairs are facing towards the window.,"The chairs in the image are facing away from the viewer, positioned against the wall near the windows."
budget=2048_info_density_delay0_thumbattn,194,0.9756634831428528,0.9417533874511719,0.9832121133804321,0.9620362520217896,The blue backpack is to the left of the warning sign.,The blue backpack is positioned to the left of the warning sign.
budget=2048_info_density_delay0_thumbattn,195,0.8675827383995056,0.674612820148468,0.7868207693099976,0.7264091372489929,"The black car is positioned to the left of the tram when facing down the street. It is parked along the side of the road, while the tram is traveling down the center of the street.","In the image, the black car is positioned to the right of the tram. The tram is more towards the center-left of the street, while the black car is slightly ahead and to the right, indicating it is moving in the same direction as the tram but is further ahead. The tram appears to be on the tracks that run down the middle of the street, while the car is on the road beside the tracks."
budget=2048_info_density_delay0_thumbattn,196,1.0,0.9999997019767761,0.9999997019767761,0.9999997019767761,There are three people in the image.,There are three people in the image.
budget=2048_info_density_delay0_thumbattn,197,0.8004468679428101,0.9927067160606384,0.9927067160606384,0.9927067160606384,There are five people in the image.,There are four people in the image.
budget=2048_info_density_delay0_thumbattn,198,0.48024964332580566,0.8396178483963013,0.564073383808136,0.6748009324073792,"There are two people in the image. One person is prominently visible sitting in the foreground, wearing a hat and a brown outfit. Another person can be seen in the background, partially obscured and out of focus.",There is one person in the image.
budget=2048_info_density_delay0_thumbattn,199,0.7116991281509399,0.7555528879165649,0.6002476811408997,0.669005274772644,"The boat is located further out in the water, to the left side of the image, while the buildings are situated on the rocky outcrop to the right. So, the boat is to the left and somewhat in front of the buildings.",The boat is located to the left of the buildings.
budget=3072_info_density_delay0_thumbattn,0,1.0000001192092896,1.0,1.0,1.0,The number displayed above the entrance is 27B.,The number displayed above the entrance is 27B.
budget=3072_info_density_delay0_thumbattn,1,1.0000001192092896,1.0000004768371582,1.0000003576278687,1.0000003576278687,The mailbox is blue.,The mailbox is blue.
budget=3072_info_density_delay0_thumbattn,2,1.0000001192092896,0.9999998211860657,0.9999998807907104,0.9999998211860657,The mailbox is on the right side of the woman.,The mailbox is on the right side of the woman.
budget=3072_info_density_delay0_thumbattn,3,0.9933227896690369,0.9915815591812134,0.9619394540786743,0.9765356183052063,"The white board in front of the girl in purple shorts has the text ""ETLE VATE"" written on it.","The white board in front of the girl in purple shorts has ""ETLE VATE"" written on it."
budget=3072_info_density_delay0_thumbattn,4,0.6106190085411072,0.8602408170700073,0.8629971146583557,0.8616167306900024,"The text on the blue golf ball holder reads ""Multi-use"".","The text written on the blue golf ball holder is ""Titleist."""
budget=3072_info_density_delay0_thumbattn,5,0.9498079419136047,0.847895622253418,0.9412656426429749,0.8921443819999695,The golf ball holder is brown.,The golf ball holder in the image is brown.
budget=3072_info_density_delay0_thumbattn,6,0.8547438383102417,0.9594831466674805,0.9260686635971069,0.9424798488616943,The license plate number of the car is FK873.,The license plate number of the car is 7913.
budget=3072_info_density_delay0_thumbattn,7,1.0,0.9999999403953552,0.9999998807907104,0.9999999403953552,The person is sitting on the driver's side of the car.,The person is sitting on the driver's side of the car.
budget=3072_info_density_delay0_thumbattn,8,0.9755865931510925,0.8950071334838867,0.8833106756210327,0.8891204595565796,"The water bottle is placed on a small ledge or table in front of the person, to their right side (on the left side of the image).","The water bottle is placed on a small table or ledge in front of the person, to their right side (viewer's left side)."
budget=3072_info_density_delay0_thumbattn,9,0.7984932661056519,0.9588360786437988,0.951287031173706,0.9550466537475586,"The brand mentioned on the black rectangular device located at the left of the image is ""SanDisk.""","The brand mentioned on the black rectangular device located at the left of the image is ""SONY."""
budget=3072_info_density_delay0_thumbattn,10,0.8649698495864868,0.9655429720878601,0.9330143928527832,0.9490000009536743,"The text written above the logo on the jacket's sleeve is ""epicmix.""","The text written above the logo on the jacket's sleeve is ""epic""."
budget=3072_info_density_delay0_thumbattn,11,0.776851236820221,0.8398752212524414,0.6318926811218262,0.7211884260177612,"The person in the background is wearing gloves that appear to be work gloves. They are likely designed for manual labor or outdoor activities, given their sturdy look.",The person in the background appears to be wearing blue gloves.
budget=3072_info_density_delay0_thumbattn,12,1.0,1.000000238418579,1.000000238418579,1.000000238418579,The person is standing to the right of the recycle bin.,The person is standing to the right of the recycle bin.
budget=3072_info_density_delay0_thumbattn,13,0.9770843982696533,0.9897892475128174,0.9693423509597778,0.9794591069221497,"The number written on the sign in the background is ""08-26"".",The number written on the sign in the background is 08-26.
budget=3072_info_density_delay0_thumbattn,14,0.8145389556884766,0.7331386208534241,0.7129608392715454,0.7229089140892029,"The image shows a person standing among ancient stone ruins, taking a photograph. There is a small sign visible on one of the walls in the background. The sign appears to be **yellow**.","There is no sign in the image. The person is standing among ancient stone ruins, taking a photograph. The surroundings include stone structures and a natural landscape with trees and hills in the background."
budget=3072_info_density_delay0_thumbattn,15,0.5850989818572998,0.7689336538314819,0.7895886301994324,0.7791242599487305,The umbrella in the image is blue.,There is no umbrella visible in the image.
budget=3072_info_density_delay0_thumbattn,16,0.972682774066925,0.8839274644851685,0.7982723712921143,0.8389192223548889,"The image shows the interior of a grand cathedral with Gothic architectural features, including vaulted ceilings, stained glass windows, and ornate decorations. There is a framed poster on the wall to the right side of the image, near the back of the cathedral.

The title of the framed poster is not clearly visible in the image provided. The text on the poster is too small and indistinct to be read accurately from this perspective. Therefore, I'm unable to provide the specific title of the poster.","The image shows the interior of a grand cathedral with Gothic architectural features, including vaulted ceilings, stained glass windows, and wooden pews. There is a framed poster on one of the pews, but the title of the poster is not clearly visible in the image. Therefore, I can't provide the title of the framed poster."
budget=3072_info_density_delay0_thumbattn,17,1.0,1.0,0.9999999403953552,0.9999999403953552,"The barge on the left side of the image is named ""Petrol Land.""","The barge on the left side of the image is named ""Petrol Land."""
budget=3072_info_density_delay0_thumbattn,18,0.7031087279319763,0.993005096912384,0.993005096912384,0.993005096912384,"The neon ""OPEN"" sign hanging above the items for sale is red.","The neon ""OPEN"" sign hanging above the items for sale is green."
budget=3072_info_density_delay0_thumbattn,19,1.0000001192092896,0.9893604516983032,0.9893603920936584,0.9893603920936584,"The road sign directly below the American flag reads ""One Way.""","The road sign directly below the American flag reads ""ONE WAY."""
budget=3072_info_density_delay0_thumbattn,20,1.0,1.0,1.0,1.0,"The number written on the front of the train is ""401 132-5"".","The number written on the front of the train is ""401 132-5""."
budget=3072_info_density_delay0_thumbattn,21,0.9479491710662842,0.8053914308547974,0.8978301286697388,0.8491023778915405,"In the image, there are three dogs being walked. They are accompanied by a person wearing a red jacket. The setting is a park with a large tree and a hedge in the background under a clear blue sky.","In the image, there are three dogs being walked. They are all on leashes and being led by a person dressed in a red jacket. The setting appears to be a park or a similar open area with a large tree and a hedge in the background. The autumn foliage adds a warm, scenic backdrop to the activity."
budget=3072_info_density_delay0_thumbattn,22,1.0,1.000000238418579,1.000000238418579,1.000000238418579,There isn't a bike visible in the image.,There isn't a bike visible in the image.
budget=3072_info_density_delay0_thumbattn,23,0.7404171228408813,0.6720105409622192,0.45724475383758545,0.5442051887512207,"The image shows a tall, cylindrical building with a distinctive geometric pattern on its facade, situated next to a body of water. The building appears to be part of a modern architectural complex, with other structures nearby.

As for the shape of the signboard attached to the building, there isn't a clear or visible signboard in the image provided. The photograph mainly focuses on the cylindrical building and its surroundings, but does not distinctly feature any signboard that can be described in terms of shape. 

If you are referring to a specific signboard that might be present but not easily discernible in this image, additional details or a different image might be needed to accurately describe its shape.",The signboard attached to the building is shaped like a diamond or a rhombus.
budget=3072_info_density_delay0_thumbattn,24,0.6577013731002808,0.7950565814971924,0.6147857904434204,0.6933959722518921,"The text on the signboard in the image reads ""Museum für Fotografie"" which translates to ""Photography Museum"" in English.","The text on the signboard in the image reads ""Welcome to the City."""
budget=3072_info_density_delay0_thumbattn,25,0.9911071062088013,0.9852023124694824,0.9770417213439941,0.9811050891876221,"The orange building is located to the left of the cylindrical green building when facing the image. The cylindrical green building stands prominently on the right side, while the orange building is positioned further back and to the left, closer to the riverbank.","The orange building is located to the left of the cylindrical green building in the image. The cylindrical green building stands prominently on the right side, while the orange building is positioned further back and to the left, closer to the riverbank."
budget=3072_info_density_delay0_thumbattn,26,0.6283647418022156,0.5841671228408813,0.7812941074371338,0.6685013175010681,"The name of the place mentioned on the signboard above the left door is ""Abri de Pataud.""","The signboard above the left door reads ""pinetaud."" This could be the name of the place, possibly indicating a business, residence, or establishment located in this picturesque setting. The surrounding area, with its stone buildings and natural rock formations, adds to the charm and character of the location."
budget=3072_info_density_delay0_thumbattn,27,0.6341580152511597,0.8691054582595825,0.785068690776825,0.8249524235725403,The man wearing a yellow shirt is not carrying a backpack in the image.,The man wearing a yellow shirt is carrying a black backpack.
budget=3072_info_density_delay0_thumbattn,28,0.6252551078796387,0.494812548160553,0.7274512052536011,0.5889922976493835,The girl wearing a blue top is sitting on the left side of the man wearing a yellow shirt.,"The girl wearing a blue top is sitting on the left side of the man wearing a yellow shirt. 

To break it down logically:
1. The man in the yellow shirt is standing in the middle of the path, slightly to the right.
2. The girl in the blue top is sitting on a stone ledge to the left of him.
3. Therefore, from the perspective of the man in the yellow shirt, the girl in the blue top is on his left side."
budget=3072_info_density_delay0_thumbattn,29,0.9713532328605652,0.9618178606033325,0.9618178606033325,0.9618178606033325,The clock shows a time of approximately 6:10.,The clock shows a time of approximately 6:00.
budget=3072_info_density_delay0_thumbattn,30,1.0,1.0,1.0,1.0,The river is flowing from the bottom right to the top left relative to the clock tower.,The river is flowing from the bottom right to the top left relative to the clock tower.
budget=3072_info_density_delay0_thumbattn,31,0.8759468197822571,0.7688013315200806,0.8627263903617859,0.8130602836608887,"In the middle of the water, there is a small, circular platform with a yellow railing and a bench. It appears to be a spot for relaxing or enjoying the view.","In the middle of the water, there is a small, circular platform with a yellow railing. It appears to be a decorative or functional structure, possibly used for lighting or as a small gathering spot. The platform is surrounded by trees and is connected to the shore via a wooden walkway with stairs."
budget=3072_info_density_delay0_thumbattn,32,0.9999999403953552,0.9999999403953552,1.0,0.9999999403953552,The speed limit indicated by the sign in the image is 20 km/h.,The speed limit indicated by the sign in the image is 20 km/h.
budget=3072_info_density_delay0_thumbattn,33,1.0000001192092896,0.9999997615814209,0.9999997615814209,0.9999997615814209,The year inscribed on the sundial is 1762.,The year inscribed on the sundial is 1762.
budget=3072_info_density_delay0_thumbattn,34,0.4385667145252228,0.45919638872146606,0.41982361674308777,0.43862825632095337,"The message on the sign reads ""KHU VUC CO BAN NGHEM KHOANG 10 PHUT."" This translates from Vietnamese to ""Please stay for at least 10 minutes.""","In the image, there is no visible sign with any writing on it. The main focus of the image is a person standing near a waterfall, surrounded by lush greenery. The person appears to be taking a photograph of the scenic view. The waterfall cascades into a serene pool below, and the area is rich with trees and foliage. However, there is no sign or message present in the photograph."
budget=3072_info_density_delay0_thumbattn,35,0.9939539432525635,0.9526465535163879,0.9844528436660767,0.9682886004447937,The hazard numbers on the left side storage container's label are 1 and 2.,The hazard numbers on the label of the left side storage container are 1 and 2.
budget=3072_info_density_delay0_thumbattn,36,1.0,1.0,0.9999999403953552,0.9999999403953552,"The ""1"" on the left side hazard label of the storage container is black.","The ""1"" on the left side hazard label of the storage container is black."
budget=3072_info_density_delay0_thumbattn,37,0.5389934182167053,0.9634612798690796,0.9634612202644348,0.9634612202644348,The surveillance camera is black.,The surveillance camera is green.
budget=3072_info_density_delay0_thumbattn,38,0.5111514925956726,0.925202488899231,0.9321815371513367,0.9286789298057556,"The text on the sign attached to the wall of the building reads ""San Francisco.""","The text on the sign attached to the wall of the building reads ""Single Park."""
budget=3072_info_density_delay0_thumbattn,39,0.9095443487167358,0.882582426071167,0.9055380821228027,0.8939129114151001,"There isn't a car clearly visible in the image. The scene shows a town with buildings, a bridge, and a river.",There isn't a car visible in the image. It shows a scenic view of a town with a bridge and buildings reflected in the water.
budget=3072_info_density_delay0_thumbattn,40,0.791496992111206,0.8700568675994873,0.7941006422042847,0.8303453326225281,The girl on the raft is wearing a pink shirt.,The girl's shirt is pink.
budget=3072_info_density_delay0_thumbattn,41,0.547744870185852,0.6165069341659546,0.7619242668151855,0.6815451979637146,The car in the image appears to be white.,"There is no car in the image. The scene depicts a scenic area with boats, a body of water, and lush greenery."
budget=3072_info_density_delay0_thumbattn,42,1.0,0.9999998807907104,0.9999998807907104,0.9999998807907104,The person in the image is wearing a dark-colored jacket.,The person in the image is wearing a dark-colored jacket.
budget=3072_info_density_delay0_thumbattn,43,0.6539056897163391,0.806251585483551,0.5775392055511475,0.6729946732521057,"The image shows a cityscape with a waterfront and a large Ferris wheel. There is a building with a flag on the left side of the image. The flag appears to be dark in color, likely blue or black, but the exact color is difficult to determine due to the distance and lighting.",The flag in the image appears to be white.
budget=3072_info_density_delay0_thumbattn,44,0.9999999403953552,1.0000001192092896,1.000000238418579,1.0000001192092896,"The street sign on the pole near the center bottom of the image indicates ""Michigan Ave.""","The street sign on the pole near the center bottom of the image indicates ""Michigan Ave."""
budget=3072_info_density_delay0_thumbattn,45,0.6094971895217896,0.9837585687637329,0.9837585091590881,0.9837585091590881,The number written on the boat is 6.,The number written on the boat is 14.
budget=3072_info_density_delay0_thumbattn,46,0.3714601993560791,0.6703428626060486,0.7398897409439087,0.7034014463424683,The person in the image is wearing a blue shirt.,There is no person visible in the image. It features a waterfall and surrounding landscape.
budget=3072_info_density_delay0_thumbattn,47,1.0,1.0,1.0,1.0,The flag appears to be white.,The flag appears to be white.
budget=3072_info_density_delay0_thumbattn,48,0.8556104302406311,0.8454200625419617,0.8356722593307495,0.8405179381370544,The figurine on the shelf is wearing a uniform that appears to be gold or brass in color.,"The figurine on the shelf is wearing a dark uniform, likely black or dark blue."
budget=3072_info_density_delay0_thumbattn,49,1.0,1.0000001192092896,1.0000001192092896,1.0000001192092896,The visible vehicle in the image is white.,The visible vehicle in the image is white.
budget=3072_info_density_delay0_thumbattn,50,1.0000001192092896,0.9999995827674866,0.9999995827674866,0.9999995827674866,The climber's hat is red.,The climber's hat is red.
budget=3072_info_density_delay0_thumbattn,51,1.0000001192092896,1.0,1.0000001192092896,1.0000001192092896,The trailer in the image is orange.,The trailer in the image is orange.
budget=3072_info_density_delay0_thumbattn,52,0.4600643217563629,0.5206692218780518,0.5709268450737,0.5446410775184631,The phone number on the boat is 0753 82 188.,"The image shows a serene beach scene with a hammock in the foreground and a boat anchored near the shore. There is another boat in the background with some people on it. The sky is cloudy, and there are palm trees swaying gently.

There is no phone number visible on the boat in the image."
budget=3072_info_density_delay0_thumbattn,53,1.0000001192092896,1.0,1.0,1.0,The motorcycle is red.,The motorcycle is red.
budget=3072_info_density_delay0_thumbattn,54,1.0,0.9999998807907104,0.9999998807907104,0.9999998807907104,"The title of the book displayed prominently on the stand is ""Polycarp.""","The title of the book displayed prominently on the stand is ""Polycarp."""
budget=3072_info_density_delay0_thumbattn,55,0.8822183609008789,0.7559840679168701,0.7113956212997437,0.7330124378204346,"The flowers in the image are red. They match the overall color scheme of the room, which features rich red wallpaper and curtains. The red flowers complement the luxurious and elegant decor of the space.","The flowers in the image are red. They are part of the damask pattern on the wallpaper, which features intricate floral designs in a matching red hue."
budget=3072_info_density_delay0_thumbattn,56,0.8899520635604858,0.9262648820877075,0.9535049200057983,0.9396875500679016,The phone number listed on the building in the foreground is 206-441-5000.,The phone number listed on the building in the foreground is 415-555-0199.
budget=3072_info_density_delay0_thumbattn,57,0.9353973865509033,0.993476152420044,0.9934760928153992,0.9934760928153992,The number written on the blue tag is 23.,The number written on the blue tag is 24.
budget=3072_info_density_delay0_thumbattn,58,1.0,0.9999999403953552,0.9999999403953552,0.9999999403953552,The registration number of the boat is TN-01-00026.,The registration number of the boat is TN-01-00026.
budget=3072_info_density_delay0_thumbattn,59,0.8319363594055176,0.704039454460144,0.7240848541259766,0.7139214277267456,"The flag flying on the top of the boat appears to have a combination of colors. The main part of the flag is red and yellow, with a black triangle on the hoist side. This suggests it might be the flag of Spain.","The flag flying on the top of the boat appears to have multiple colors. From what can be seen, it includes red, yellow, and black colors. The flag is positioned at the stern of the boat, above the small inflatable dinghy that is tied to the side."
budget=3072_info_density_delay0_thumbattn,60,1.0000001192092896,1.000000238418579,1.000000238418579,1.000000238418579,The model number of the train shown in the image is 2001.,The model number of the train shown in the image is 2001.
budget=3072_info_density_delay0_thumbattn,61,0.5202463269233704,0.9917659759521484,0.9917659759521484,0.9917659759521484,The person in the image is wearing a blue shirt.,The person in the image is wearing a yellow shirt.
budget=3072_info_density_delay0_thumbattn,62,0.9082976579666138,0.9354708790779114,0.8513493537902832,0.8914299607276917,"The sign above the parking garage entrance reads ""Public Parking.""","The sign reads ""Public Parking."""
budget=3072_info_density_delay0_thumbattn,63,0.7301424145698547,0.6921778917312622,0.6815877556800842,0.6868419647216797,"The image shows a ship docked at a port, and there is a vehicle parked nearby. The license plate of the vehicle is not clearly visible due to the angle and distance. Therefore, I can't determine the license plate number from this image.","The image shows a vehicle parked near a building to the right. The license plate of the vehicle is yellow with black text. The license plate number is ""W-1234""."
budget=3072_info_density_delay0_thumbattn,64,0.7804657816886902,0.6807067394256592,0.6282012462615967,0.6534008979797363,"In the image, the person is standing on the dock next to the ship, while a car is parked on the right side of the dock, further away from the ship. The person appears to be closer to the ship than the car. Specifically, the person is positioned to the left of the car when facing the image. The person is also near the yellow gangway that leads from the dock to the ship.

So, relative to the car, the person is positioned more towards the left and closer to the ship.","In the image, the person is standing near the front of the car, which is parked on the right side of the dock. The person appears to be working or inspecting something near the car, possibly related to the boat or the dock area. The person is positioned slightly behind and to the left of the car when facing the boat."
budget=3072_info_density_delay0_thumbattn,65,1.0000001192092896,0.9999998807907104,0.9999998807907104,0.9999998807907104,The image does not show a car.,The image does not show a car.
budget=3072_info_density_delay0_thumbattn,66,0.6342398524284363,0.9898167848587036,0.9898166656494141,0.9898167252540588,The person in the image is wearing white pants.,The person in the image is wearing blue pants.
budget=3072_info_density_delay0_thumbattn,67,0.7852357029914856,0.6524025201797485,0.5540480017662048,0.5992161631584167,"The flag in the image appears to have multiple colors. From left to right, the colors seem to be:

1. Yellow
2. Blue
3. Red
4. Yellow
5. Green
6. Black
7. Red

This combination of colors is indicative of the Chilean flag.","The flag in the image features multiple colors. It has a horizontal arrangement with the colors red, yellow, green, and blue. The flag is located on the right side of the image, atop one of the rocky areas with cacti."
budget=3072_info_density_delay0_thumbattn,68,1.0,1.000000238418579,1.000000238418579,1.000000238418579,The trash can in the image is black.,The trash can in the image is black.
budget=3072_info_density_delay0_thumbattn,69,1.0,0.9999998211860657,0.9999997615814209,0.9999998211860657,"There isn't a dog clearly visible in the image. If you're referring to a specific part of the image, please let me know!","There isn't a dog clearly visible in the image. If you're referring to a specific part of the image, please let me know!"
budget=3072_info_density_delay0_thumbattn,70,1.0000001192092896,0.9999999403953552,1.0,0.9999999403953552,"The letters on the green trash bin are ""PET"".","The letters on the green trash bin are ""PET""."
budget=3072_info_density_delay0_thumbattn,71,0.598739743232727,0.5873609781265259,0.48603975772857666,0.5319184064865112,"In the image, there is a black sign with yellow arrows. The arrows indicate directions. Specifically, the arrows on the sign are pointing to the right. This suggests that traffic or pedestrians should proceed in the direction the arrows are facing, which is towards the right side. The positioning of the sign and the arrows is crucial for guiding movement, whether it be vehicular or pedestrian traffic, ensuring an orderly flow in the designated direction.","The image doesn't show a black sign with arrows. It depicts an ancient stone structure with arches, a stone wall, and a modern building in the background."
budget=3072_info_density_delay0_thumbattn,72,0.580203652381897,0.8000774383544922,0.7051172852516174,0.7496019601821899,"The text on the black sign reads ""ARCO DE POMPEI.""","The text written at the center of the black sign is ""no entry."""
budget=3072_info_density_delay0_thumbattn,73,0.6664043068885803,0.6453930139541626,0.7109144926071167,0.6765711307525635,The number on the rectangular white sign is 3.,The image does not show a rectangular white sign with a number on it.
budget=3072_info_density_delay0_thumbattn,74,0.6675969958305359,0.7909297347068787,0.9207347631454468,0.8509103655815125,"The text on the white building reads ""DB"".","The text on the white building reads ""Park Inn by Radisson."""
budget=3072_info_density_delay0_thumbattn,75,0.9314301609992981,0.8864759206771851,0.7625719904899597,0.8198691606521606,"The building with a red and white striped antenna on its top is the one located towards the right side of the image, slightly to the center. It is a tall skyscraper with a cylindrical shape and a glass facade. The antenna stands out prominently against the clear blue sky. This distinctive feature helps in identifying the building amidst the cluster of modern high-rises.","The building with a red and white striped antenna on its top is the one located towards the right side of the image, slightly behind the other buildings. It is a tall skyscraper with a dark facade and a distinctive antenna."
budget=3072_info_density_delay0_thumbattn,76,1.0,1.0,1.0,1.0,The ceiling beams in the room are made of wood.,The ceiling beams in the room are made of wood.
budget=3072_info_density_delay0_thumbattn,77,0.9729404449462891,0.9368003606796265,0.9465785622596741,0.9416640400886536,"The small stone cairn is located at the base of the waterfall, near the center of the image, close to where the water collects at the bottom.","The small stone cairn is located at the base of the waterfall, near the center of the image, close to where the water flows into the pool below."
budget=3072_info_density_delay0_thumbattn,78,0.9274799823760986,0.7523460984230042,0.7579792737960815,0.7551521062850952,"In the image, there is a piece of cloth or a garment hanging on the wall inside the house, to the right side of the doorway. It appears to be draped over a hook or a similar fixture on the wall. The wall itself is painted in a greenish hue, and the doorway provides a glimpse into the interior space. The hanging cloth adds a touch of everyday life to the scene, suggesting that this is a lived-in and functional space.","In the image, there is a piece of cloth hanging on the wall inside the house, to the right side of the doorway. The wall itself appears aged and weathered, with patches of discoloration and wear, suggesting a setting that has seen many years pass. The cloth seems to be casually draped, possibly indicating everyday life and simplicity. This small detail adds to the rustic and homely atmosphere of the scene."
budget=3072_info_density_delay0_thumbattn,79,0.8442062139511108,0.7939352989196777,0.7974953055381775,0.79571133852005,"The object mounted on the wall in the background appears to be a small plaque or sign. Given the context of the image, which shows an architectural interior with columns and arches, it is likely that the plaque provides information about the historical or architectural significance of the location. It could contain details such as the name of the building, historical dates, or descriptions of the architectural style. However, the text on the plaque is not legible in the image, so the exact content cannot be determined.","The image shows a series of arches and columns in what appears to be a historical or architectural interior space. On the wall in the background, there is a small, rectangular object that looks like a plaque or sign. It is mounted at about eye level and is positioned between two arches. The plaque is likely informational, possibly providing details about the location or the architectural features of the space. However, the text on the plaque is not legible in the image."
budget=3072_info_density_delay0_thumbattn,80,0.9999999403953552,0.9999998807907104,0.9999998807907104,0.9999998807907104,"The image doesn't show a cup, so I can't determine its color.","The image doesn't show a cup, so I can't determine its color."
budget=3072_info_density_delay0_thumbattn,81,0.6980684399604797,0.56904137134552,0.4558849334716797,0.5062166452407837,"The primary material of the cup lying on the ground appears to be paper or thin cardboard. This assessment is based on the following observations:

1. **Shape and Structure**: The cup has a typical cylindrical shape with a flat base, which is common for paper cups.
2. **Surface Texture**: The surface looks smooth and uniform, which is characteristic of paper or cardboard materials.
3. **Size and Proportion**: The cup seems relatively small, consistent with disposable paper cups often used for beverages.
4. **Context**: Given the outdoor setting and the presence of a graffiti wall, it's plausible that the cup is a piece of litter, which is commonly made from paper or cardboard.

Paper cups are often used for disposable purposes and are lightweight, making them easy to carry and discard, which aligns with the scenario depicted in the image.","The image shows a cobblestone path with some greenery and a mural on a wall. There is a tree with bare branches in the foreground, and a couple of street lamps are visible. However, I don't see any cup lying on the ground in the image. If you're referring to something specific, please provide more details!"
budget=3072_info_density_delay0_thumbattn,82,0.9597275257110596,0.786257266998291,0.8387069702148438,0.8116356134414673,"The object located in the center of the grassy area is a statue. It appears to be a classical statue, possibly depicting historical or mythological figures, given the architectural style of the surrounding buildings. The statue is positioned on a pedestal, making it a focal point in the courtyard.","The object located in the center of the grassy area is a statue. It appears to be a classical statue, possibly made of stone or marble, and is positioned on a pedestal. The statue is surrounded by a well-maintained lawn, and it serves as a focal point in the courtyard. The architecture of the surrounding buildings suggests a historical or institutional setting, possibly a university or a palace."
budget=3072_info_density_delay0_thumbattn,83,0.78983473777771,0.6421658992767334,0.46175459027290344,0.5372181534767151,"The sign on the bridge indicates the direction towards Zaragoza. Given the context of the image, which shows a bridge over a body of water with a scenic landscape in the background, it's logical to assume that the sign is providing directions for travelers.

To determine the direction indicated on the sign:

1. **Observation**: The sign is likely placed on the side of the road or bridge, pointing in a specific direction.
2. **Contextual Clues**: Bridges often have directional signs to guide travelers to various destinations. If the sign is pointing towards Zaragoza, it would typically point in the general direction of travel to reach that city.

Considering these points, the direction indicated on the sign pointing towards Zaragoza would be towards the general direction you need to travel to reach Zaragoza from the current location. This is usually forward or to the side, depending on the layout of the road relative to the bridge.

Without the specific visual of the sign, it's reasonable to conclude that the sign points in the direction you would travel to head towards Zaragoza.","The image shows a bridge over a body of water with hills in the background. There isn't a sign visible in the image pointing towards Zaragoza, so I can't determine the direction it indicates."
budget=3072_info_density_delay0_thumbattn,84,0.6316877007484436,0.5615025758743286,0.7417136430740356,0.6391481757164001,The sign pointing towards Alocén indicates the direction to the left.,"The image shows a bridge over a body of water with a road running across it. There is no sign visible in the image that points towards Alocén or indicates any direction. Therefore, I can't determine the direction based on this image."
budget=3072_info_density_delay0_thumbattn,85,0.6122299432754517,0.6954385638237,0.8743847012519836,0.7747125029563904,There isn't a car visible in the image.,There isn't a car in the image. The scene shows a desert landscape with a tree and some rocks.
budget=3072_info_density_delay0_thumbattn,86,0.6067565679550171,0.7268170118331909,0.5292116403579712,0.6124700903892517,"The image shows a large, historic building with a green dome and several smaller domes, surrounded by trees and a park area. There is a street in front of the building with some people and vehicles.

There is no speed limit sign clearly visible in the image. Therefore, I can't determine the speed limit from this image.",The image shows a speed limit sign indicating a limit of 30 km/h.
budget=3072_info_density_delay0_thumbattn,87,1.0,1.0,1.0,1.0,The flag is red with a yellow star.,The flag is red with a yellow star.
budget=3072_info_density_delay0_thumbattn,88,1.0,0.9999997615814209,0.9999997615814209,0.9999997615814209,"The name written on the boat is ""Gondola.""","The name written on the boat is ""Gondola."""
budget=3072_info_density_delay0_thumbattn,89,1.0000001192092896,1.0000001192092896,1.0000001192092896,1.0000001192092896,The speed limit sign indicates 30.,The speed limit sign indicates 30.
budget=3072_info_density_delay0_thumbattn,90,1.0,0.9999997615814209,0.9999997615814209,0.9999997615814209,"The name written on the front of the boat is ""Freedom.""","The name written on the front of the boat is ""Freedom."""
budget=3072_info_density_delay0_thumbattn,91,0.5889507532119751,0.5906603336334229,0.557813286781311,0.5737670660018921,"The flag in the image is red, white, and green, which are the colors of the Tunisian flag.",The image doesn't show a flag that I can identify or describe.
budget=3072_info_density_delay0_thumbattn,92,0.974144458770752,0.8887994885444641,0.8352645635604858,0.8612008094787598,"The Royal Albert Hall is located to the left of the bus in the image. The bus is on the right side of the frame, moving along the road, while the Royal Albert Hall dominates the center and left portion of the image. The Hall's distinctive circular structure and illuminated facade are clearly visible, standing prominently in the scene.","The Royal Albert Hall is situated to the left of the bus in the image. The bus is on the right side, moving along the road, while the Royal Albert Hall is prominently positioned in the center background, illuminated and easily recognizable by its distinctive architecture."
budget=3072_info_density_delay0_thumbattn,93,0.974259078502655,0.8368748426437378,0.9160552620887756,0.8746767640113831,"The houses are located in the background, towards the right side of the image, nestled among the trees and slightly elevated compared to the tea fields in the foreground.","The houses are located in the background, nestled among the trees and slightly elevated compared to the tea fields in the foreground. They appear to be situated on the right side of the image, further back in the landscape."
budget=3072_info_density_delay0_thumbattn,94,0.9649919271469116,0.8571228384971619,0.8083786368370056,0.8320374488830566,"In the image, the white truck is positioned to the right of the trams. The trams are closer to the left side of the image, near the bridge and the people walking. The truck is situated further to the right, near the edge of the platform area in front of the large building.","The white truck is positioned to the right of the trams in the image. The trams are on the left side, and the truck is near the center-right part of the scene, close to the building."
budget=3072_info_density_delay0_thumbattn,95,0.9466482400894165,0.8023370504379272,0.7632617354393005,0.782311737537384,"In the image, the red car is positioned to the left of the black car. The red car is closer to the foreground and is situated near the center-left part of the photo, while the black car is slightly behind and to the right of the red car, closer to the background. Both cars are parked near the building on the left side of the image.","In the image, there is a red car and a black car. The red car is positioned to the left of the black car. Both cars are near the building on the left side of the image. The red car is slightly in front of the black car, making it appear a bit closer to the viewer."
budget=3072_info_density_delay0_thumbattn,96,0.9965547919273376,0.9947417974472046,0.9947418570518494,0.9947418570518494,The pink banner is to the right of the green trash bin.,The pink banner is to the left of the green trash bin.
budget=3072_info_density_delay0_thumbattn,97,0.9423098564147949,0.8321520090103149,0.8294371962547302,0.8307924270629883,"In the image, the person wearing a light brown hat is positioned to the left of the person wearing a pink shirt. Both individuals appear to be exploring the ancient stone ruins, with the person in the light brown hat slightly ahead of the person in the pink shirt along the path. The person in the light brown hat seems to be leading or guiding the way, while the person in the pink shirt follows closely behind. This relative positioning suggests they might be traveling together, possibly as tourists or explorers visiting the historical site.","In the image, the person wearing a light brown hat is positioned to the left of the person wearing a pink shirt. They appear to be exploring the ancient stone ruins together, with the individual in the light brown hat slightly ahead or leading the way. The person in the pink shirt follows closely behind, suggesting they might be part of the same group. The ruins and lush greenery provide a scenic backdrop for their visit."
budget=3072_info_density_delay0_thumbattn,98,1.000000238418579,1.0,1.0,1.0,The white car is positioned to the left of the large white building.,The white car is positioned to the left of the large white building.
budget=3072_info_density_delay0_thumbattn,99,0.937445342540741,0.8239726424217224,0.845275342464447,0.834488034248352,"In the image, the black motorcycle is positioned to the left of the silver car. The silver car is slightly ahead of the motorcycle, and both are situated on the right side of the frame, near the bottom. The motorcycle is closer to the water's edge, while the car is a bit further back, near the buildings.","In the image, the black motorcycle is positioned to the left of the silver car. The motorcycle appears to be closer to the foreground, while the silver car is slightly further back, positioned more towards the right side relative to the motorcycle. Both vehicles are on the right bank of the river, near the buildings and under the streetlights."
budget=3072_info_density_delay0_thumbattn,100,1.0,1.0,1.0,1.0,"The flag on the left side has three vertical stripes. From left to right, the colors are black, red, and yellow. This is the flag of Germany.","The flag on the left side has three vertical stripes. From left to right, the colors are black, red, and yellow. This is the flag of Germany."
budget=3072_info_density_delay0_thumbattn,101,0.9398631453514099,0.7878492474555969,0.7243368625640869,0.7547593712806702,"The small white building is located along the dock, which is adjacent to the water. It is positioned such that part of it is near the edge of the dock, with the water in the foreground. The building is situated to the right side of the image, closer to the large silos, and it stands on the dock that extends into the water. The building itself is relatively low in height compared to the silos and other structures around it.","The small white building is located on the dock, which is adjacent to the water. It is positioned such that the water is directly in front of it, along the shoreline. The building appears to be part of the industrial complex, situated between the large silos and the water's edge."
budget=3072_info_density_delay0_thumbattn,102,1.0000001192092896,1.0000001192092896,1.0000001192092896,1.0000001192092896,There are four computers visible on the table.,There are four computers visible on the table.
budget=3072_info_density_delay0_thumbattn,103,0.9627612829208374,0.8009862899780273,0.7815865278244019,0.7911674976348877,"The American flag is positioned on the left side of the image. It is attached to a pole and is located near the front of the scene, slightly behind some of the items and signs in front of the building. The flag is visible among the various objects and appears to be flying or standing upright.","The American flag is positioned on the left side of the image, near the center but slightly towards the top. It is attached to a pole and is waving in the wind. The flag is located behind a collection of items and to the left of the large tree that is in front of the building."
budget=3072_info_density_delay0_thumbattn,104,0.81288081407547,0.7225531339645386,0.771592378616333,0.7462680339813232,"The ""OPEN"" sign is located on the right side of the image, hanging near the front of the rustic shop with the wooden bear statue.","The ""OPEN"" sign is located on the building to the right side of the image, near the roofline, just below a sign that says ""MAIL"" and above a sign indicating the address ""15""."
budget=3072_info_density_delay0_thumbattn,105,0.9348099827766418,0.864012598991394,0.9648809432983398,0.9116652011871338,The totem pole is positioned to the right of the bear statue.,The totem pole is positioned to the left of the bear statue when facing the image.
budget=3072_info_density_delay0_thumbattn,106,0.8829381465911865,0.7351179718971252,0.8160712718963623,0.7734822630882263,"The overhead electric wires are running parallel to the train tracks and are positioned above the train. They are angled slightly upwards from the perspective of the image, suggesting they are mounted on poles that extend along the length of the tracks. The wires are likely part of the catenary system that provides power to the electric train.","The overhead electric wires are running parallel to the train tracks and are positioned above the train. They are angled slightly upwards from the perspective of the image, indicating that they are likely supported by poles or towers that extend above the train's height. The wires are connected to the train's pantograph, which is the device on the train that makes contact with the wires to draw power for the train's operation. The direction of the wires, in relation to the train, is horizontal and parallel, following the curvature of the tracks as the train moves along the railway."
budget=3072_info_density_delay0_thumbattn,107,0.9803682565689087,0.8863173723220825,0.8054935336112976,0.8439748883247375,"The person in the red jacket is positioned to the right of the large tree. They are closer to the hedge and appear to be walking along the path or grassy area beside it, while the large tree stands prominently on the left side of the image.","The person in the red jacket is positioned to the right of the large tree. They are walking along the hedge, while the large tree is more centrally located in the image."
budget=3072_info_density_delay0_thumbattn,108,0.9187037348747253,0.7989270687103271,0.7909842729568481,0.7949358224868774,"To the right of the image, there is a structure that appears to be an elephant statue. The statue is positioned near the edge of the waterfall, partially obscured by trees and foliage. The elephant is crafted from a material that resembles stone or concrete, and it has prominent features such as large ears and a trunk. The statue seems to be part of the landscaping around the waterfall, adding an artistic or thematic element to the natural setting.","To the right of the image, there is a structure that appears to be an elephant statue. The statue is positioned near the edge of the waterfall, with water flowing close to it. The elephant is depicted in a sitting position, with its trunk raised, and water seems to be flowing from the end of its trunk into the pool below. This artistic installation adds a unique and cultural element to the natural scenery of the waterfall."
budget=3072_info_density_delay0_thumbattn,109,1.0000001192092896,1.0,1.0,1.0,There are three people standing in front of the entrance of the building.,There are three people standing in front of the entrance of the building.
budget=3072_info_density_delay0_thumbattn,110,0.9999999403953552,0.9999997615814209,0.9999998807907104,0.9999998211860657,The left tower is closer to the viewer than the right tower.,The left tower is closer to the viewer than the right tower.
budget=3072_info_density_delay0_thumbattn,111,0.9606432318687439,0.7346620559692383,0.7724689841270447,0.7530912756919861,"The building behind the statue is the District of Columbia Court of Appeals. The inscription on the building reads ""DISTRICT OF COLUMBIA COURT OF APPEALS."" This neoclassical structure features prominent columns and a pediment, which are characteristic architectural elements of such buildings. The statue in front of it is of Abraham Lincoln, as indicated by the name on the pedestal.","The building behind the statue is the ""District of Columbia Court of Appeals."" This is indicated by the inscription on the building's facade, which reads ""DISTRICT OF COLUMBIA COURT OF APPEALS."" The statue in front of the building is of Abraham Lincoln, as indicated by the name ""LINCOLN"" on the pedestal. The Court of Appeals is a significant judicial institution in the District of Columbia, and the presence of Lincoln's statue suggests a location of historical and governmental importance."
budget=3072_info_density_delay0_thumbattn,112,0.9175524711608887,0.6968204975128174,0.88322913646698,0.7790288925170898,"The statue is located on the right side of the image, near the end of the colonnade. It depicts a figure on horseback.","The statue is located on the right side of the image. It appears to be positioned near the end of the colonnade, slightly set back from the columns. The statue depicts a figure with a horse, and it is placed on a pedestal. The backdrop features a large, domed building with a greenish hue and a golden cross at the top, suggesting a significant architectural structure, possibly a cathedral or a church."
budget=3072_info_density_delay0_thumbattn,113,1.0,0.9999998807907104,0.9999998807907104,0.9999998807907104,The object directly to the right of the main entrance of the church is a bell tower.,The object directly to the right of the main entrance of the church is a bell tower.
budget=3072_info_density_delay0_thumbattn,114,0.9538289308547974,0.9459238648414612,0.961683452129364,0.9537385702133179,The child in the foreground is running towards the right side of the image on the bridge.,"The child in the foreground is running forward on the bridge, towards the right side of the image."
budget=3072_info_density_delay0_thumbattn,115,0.9501000642776489,0.7938497066497803,0.7995261549949646,0.7966777682304382,"In the image, the person is located on the right side, while the building is situated more towards the center-left part of the background. The person appears to be standing on the grassy area near the water's edge, whereas the building is set further back, amidst the trees. The person is in the foreground, and the building is in the midground, with the person being closer to the viewer than the building.","In the image, the person is located on the right side, while the building is situated more towards the center-left part of the background. The person appears to be standing on the grassy area near the water, while the building is reflected in the water and surrounded by trees. The person is further away from the building compared to the trees and the water in the foreground."
budget=3072_info_density_delay0_thumbattn,116,0.9778645634651184,0.9796608090400696,0.9924415349960327,0.9860097169876099,"To the right of the main house, there is a smaller building, possibly a shed or a cabin. It is nestled among the trees on the shore.","To the right of the main house, there is a smaller wooden structure, possibly a shed or a cabin. It is nestled among the trees on the shore."
budget=3072_info_density_delay0_thumbattn,117,0.9952564239501953,0.967430055141449,0.9839211106300354,0.9756059050559998,"The clock is located on the wall to the right side of the room, near the windows. It is positioned above a wooden cabinet or shelf.","The clock is located on the wall to the right side of the room, near the windows. It is positioned above a wooden cabinet or mantelpiece."
budget=3072_info_density_delay0_thumbattn,118,0.7903580069541931,0.6661145687103271,0.6848945021629333,0.6753739714622498,"The component labeled ""Sony"" is positioned to the right of the component labeled ""Mavica."" The ""Sony"" component, which appears to be a control panel or a part of a camera system, is situated further to the right side of the image, while the ""Mavica"" component, identified as ""Hi-Band Mavica MVC-5000,"" is on the left side.","The component labeled ""Sony"" is positioned to the right of the component labeled ""Mavica."" The ""Sony"" component is a black, rectangular device with a handle-like extension on its left side, while the ""Mavica"" component is a black, boxy device with a protruding handle on its left side. The ""Sony"" component is slightly larger and more elongated than the ""Mavica"" component."
budget=3072_info_density_delay0_thumbattn,119,1.0,0.9999999403953552,1.0,0.9999999403953552,"The word ""SWING"" is written on the parachute.","The word ""SWING"" is written on the parachute."
budget=3072_info_density_delay0_thumbattn,120,1.0,0.9999999403953552,0.9999999403953552,0.9999999403953552,"The word ""SWIRL"" is written on the parachute.","The word ""SWIRL"" is written on the parachute."
budget=3072_info_density_delay0_thumbattn,121,1.000000238418579,1.0,1.0,1.0,"The word ""SWOOP"" is written on the parachute.","The word ""SWOOP"" is written on the parachute."
budget=3072_info_density_delay0_thumbattn,122,1.0,1.0000001192092896,1.0000001192092896,1.0000001192092896,"The word ""SPRING"" is written on the parachute.","The word ""SPRING"" is written on the parachute."
budget=3072_info_density_delay0_thumbattn,123,1.0,1.0,1.0,1.0,"The word ""Dally"" is visible on the suitcase.","The word ""Dally"" is visible on the suitcase."
budget=3072_info_density_delay0_thumbattn,124,1.0,1.0,0.9999999403953552,0.9999999403953552,"The word ""Dolly"" is visible on the suitcase.","The word ""Dolly"" is visible on the suitcase."
budget=3072_info_density_delay0_thumbattn,125,0.6716974973678589,0.9227454662322998,0.941752552986145,0.9321520924568176,"The word ""NORTH"" is written on the hang glider.","The word ""WISPA"" is written on the hang glider."
budget=3072_info_density_delay0_thumbattn,126,0.6944534182548523,0.9149527549743652,0.9330421686172485,0.9239088892936707,"The word ""NORTH"" is written on the hang glider.","The word ""DORNIER"" is written on the hang glider."
budget=3072_info_density_delay0_thumbattn,127,0.6944534182548523,0.9149527549743652,0.9330421686172485,0.9239088892936707,"The word ""NORTH"" is written on the hang glider.","The word ""DORNIER"" is written on the hang glider."
budget=3072_info_density_delay0_thumbattn,128,0.6944534182548523,0.9149527549743652,0.9330421686172485,0.9239088892936707,"The word ""NORTH"" is written on the hang glider.","The word ""DORNIER"" is written on the hang glider."
budget=3072_info_density_delay0_thumbattn,129,1.0,1.0000001192092896,1.0000001192092896,1.0000001192092896,The license plate number of the car is 217722 ROMA.,The license plate number of the car is 217722 ROMA.
budget=3072_info_density_delay0_thumbattn,130,0.8891199231147766,0.9215251207351685,0.7648653388023376,0.835918664932251,"The bird is positioned to the left of the car, on the cobblestone street. It appears to be near the front left wheel of the car, close to the ground.","The bird is positioned to the left of the car, on the cobblestone street."
budget=3072_info_density_delay0_thumbattn,131,0.9182669520378113,0.9166215062141418,0.9228865504264832,0.9197433590888977,"The red rectangle on the sign reads ""Muzium Tekstil Negara,"" which is Malay for ""National Textile Museum.""","The text inside the red rectangle on the sign reads ""Muzium Tekstil Negara,"" which translates to ""National Textile Museum."""
budget=3072_info_density_delay0_thumbattn,132,0.9999999403953552,0.9999998807907104,0.9999998807907104,0.9999998807907104,"The red rectangle on the sign contains the word ""Bank.""","The red rectangle on the sign contains the word ""Bank."""
budget=3072_info_density_delay0_thumbattn,133,1.0,1.0,1.0,1.0,The taller white building is to the right of the National Textile Museum.,The taller white building is to the right of the National Textile Museum.
budget=3072_info_density_delay0_thumbattn,134,0.6529825925827026,0.8604092597961426,0.8655447363853455,0.8629693388938904,"The word ""Gasthaus"" is written on the building to the left in the image.","The word written on the building to the left in the image is ""LIBRARY."""
budget=3072_info_density_delay0_thumbattn,135,1.0,1.0,1.0,1.0,The car located to the right of the orange car is yellow.,The car located to the right of the orange car is yellow.
budget=3072_info_density_delay0_thumbattn,136,1.0,1.0,1.0,1.0,The object placed directly in front of the bench on the left side of the image is a bicycle.,The object placed directly in front of the bench on the left side of the image is a bicycle.
budget=3072_info_density_delay0_thumbattn,137,0.9985443949699402,0.9703140258789062,0.9698872566223145,0.9701006412506104,There are three people seated at the table on the right side of the image where the woman in a striped shirt is standing.,There are three people seated at the table on the right side of the image where the woman in the striped shirt is standing.
budget=3072_info_density_delay0_thumbattn,138,0.9001798629760742,0.9426132440567017,0.9019472002983093,0.9218319654464722,"Inside the partially built brick structure, you can see a wooden box and a bouquet of flowers.","Inside the partially built brick structure, a bouquet of flowers can be seen."
budget=3072_info_density_delay0_thumbattn,139,0.9941762685775757,0.9365396499633789,0.93244469165802,0.9344876408576965,"In the image, the chairs are located to the left of the bicycles. The chairs are part of an outdoor seating area, while the bicycles are parked near the building entrance on the right side of the seating area.","In the image, the chairs are located to the left of the bicycles. The chairs are part of an outdoor seating area, while the bicycles are parked near the building on the right side of the chairs."
budget=3072_info_density_delay0_thumbattn,140,0.8620593547821045,0.9899718761444092,0.9899718761444092,0.9899718761444092,There are three bicycles visible near the building's entrance on the right side of the image.,There are two bicycles visible near the building's entrance on the right side of the image.
budget=3072_info_density_delay0_thumbattn,141,0.887291669845581,0.7619320154190063,0.8152004480361938,0.7876666188240051,"The car is located behind the statue of the lion on the left side of the image. The lion statue is in the foreground, while the car is further back, partially obscured by the building and other structures.","The car is positioned to the left of the statue of the lion when facing the building. The lion statue is on the left side of the steps leading up to the building, and the car is further back on the same side, partially obscured by the building's structure."
budget=3072_info_density_delay0_thumbattn,142,0.8511356115341187,0.8114292621612549,0.5905287265777588,0.6835758090019226,"The car is positioned to the left of the central tower of the building when facing the building directly. It appears to be on a street or road that runs alongside the building, slightly in front of the lower sections of the structure. The car is at a lower elevation compared to the central tower, which rises prominently above the rest of the building.",The car is to the left of the central tower of the building.
budget=3072_info_density_delay0_thumbattn,143,0.9420037269592285,0.7891941070556641,0.9101089239120483,0.8453496098518372,The object in the red circle is a plastic water bottle. Its primary function is to contain and transport drinking water.,"The object in the red circle is a plastic water bottle. The primary function of a plastic water bottle is to hold and transport drinking water. It is designed to be portable, allowing users to carry water conveniently with them."
budget=3072_info_density_delay0_thumbattn,144,0.9772876501083374,0.8169757127761841,0.8559062480926514,0.8359879851341248,The label in the red circle on the water bottle likely serves to indicate that the bottle is open or has been used. This is a common practice to remind the user or others that the contents have been accessed and may not be sterile anymore. It helps in maintaining hygiene and ensuring that the bottle is properly managed.,"The label in the red circle on the water bottle likely serves to indicate that the bottle is open. This is a common practice to alert consumers that the contents have been accessed and may no longer be at the same level of safety as unopened products. It helps ensure that users are aware of the bottle's status, especially in shared or public settings."
budget=3072_info_density_delay0_thumbattn,145,0.9885101318359375,0.9520457983016968,0.8638885617256165,0.9058272838592529,"The label in the red circle on the water bottle is a ""Recycle"" symbol. This symbol is widely recognized and used to indicate that the bottle is recyclable. The presence of this label suggests an emphasis on environmental consciousness and recycling practices. It's a small but important detail that aligns with efforts to promote sustainability and proper waste management.","The label in the red circle on the water bottle is a ""Recycle"" symbol. This symbol is widely recognized and used to indicate that the bottle is recyclable. The presence of this label suggests an emphasis on environmental responsibility and recycling efforts."
budget=3072_info_density_delay0_thumbattn,146,0.8332981467247009,0.5896130800247192,0.6275126934051514,0.6079728007316589,"The Chinese text in the red rectangle reads ""南福同"" (Nán Fú Tóng). This phrase doesn't directly translate to a meaningful English phrase as it seems to be a proper noun, possibly the name of a place, business, or market. The characters individually translate to:

- 南 (Nán): South
- 福 (Fú): Blessing, fortune
- 同 (Tóng): Together, same

So, ""南福同"" could be interpreted as ""South Blessing Together"" or ""South Fortune Together,"" but it likely retains its original form as a name.","The Chinese text in the red rectangle reads: ���货南福同. 

This phrase doesn't directly translate to a meaningful English phrase due to potential context-specific or colloquial language use. However, breaking it down:

- ��� (tiào) can mean ""jump"" or in some contexts, it can be slang.
- ��� (huò) means ""goods"" or ""merchandise.""
- �� (nán) means ""south.""
- ��� (fú) means ""good fortune"" or ""blessing.""
- �� (tóng) means ""together"" or ""same.""

So, a possible interpretation could be related to a market or trading area involving goods, possibly with a focus on southern goods or a place known for good fortune in trading. However, the exact meaning might vary based on local usage or context within the area depicted."
budget=3072_info_density_delay0_thumbattn,147,0.8635576367378235,0.7842479348182678,0.5441474914550781,0.6424993276596069,"The two numbered locations that belong to the same country are:

- **1** (near the center, in the region of Xinjiang, China)
- **2** (southeast of location 1, in the region of Tibet, China)

Both locations are in China.","The two numbered locations that belong to the same country are 110 and 111, both located in China."
budget=3072_info_density_delay0_thumbattn,148,0.7911140322685242,0.8189430832862854,0.6600874066352844,0.7309842705726624,"The two numbered locations that belong to the same country are:

1. Location 3
2. Location 4

Both are in China.","The two numbered locations that belong to the same country are 110 and 111, both of which are in Russia."
budget=3072_info_density_delay0_thumbattn,149,0.9184941649436951,0.6054329872131348,0.7364684343338013,0.6645529866218567,"The two numbered locations that belong to the same country are:

- Location 1 and Location 2, which are both in China.","The two numbered locations that belong to the same country are both in China. Location 1 (marked with a red circle) is in the western part of China, and location 2 (marked with a red circle) is in the southwestern part of China. Both areas are within the borders of the People's Republic of China."
budget=3072_info_density_delay0_thumbattn,150,0.8570880889892578,0.6616321802139282,0.5679748058319092,0.6112366318702698,"The two numbered locations that belong to the same country are:

- **1** and **2**: Both are in China.
- **3** and **4**: Both are in Russia.

However, since the question asks for only one pair, you can choose either pair. If you need a specific pair, please let me know!","The two numbered locations that belong to the same country are:

1. Location 2
2. Location 4

Both of these locations are in China. Location 2 is in the southwestern part of China, while Location 4 is in the northwestern part of China."
budget=3072_info_density_delay0_thumbattn,151,0.8782813549041748,0.9583954811096191,0.9748111963272095,0.9665336608886719,The two numbered locations that belong to the same country are 2 and 3. Both are located in Japan.,The two numbered locations that belong to the same country are numbers 2 and 4. Both are located in Turkey.
budget=3072_info_density_delay0_thumbattn,152,0.8049736022949219,0.6409628391265869,0.773632287979126,0.7010762691497803,The two numbered locations that belong to the same country are 2 and 3. Both are located in Turkey.,"The two numbered locations that belong to the same country are both in Egypt. Location �� is in the Sinai Peninsula, and location �� is on the mainland of Egypt, both of which are part of Egypt."
budget=3072_info_density_delay0_thumbattn,153,0.9288883209228516,0.9908735156059265,0.9908735156059265,0.9908735156059265,The two numbered locations that belong to the same country are numbers 2 and 3. Both are located in Russia.,The two numbered locations that belong to the same country are numbers 2 and 3. Both are located in Japan.
budget=3072_info_density_delay0_thumbattn,154,0.8346012830734253,0.8217687010765076,0.6270415782928467,0.7113190293312073,"The two numbered locations that belong to the same country are:

- Location 2 (Iceland)
- Location 3 (Greenland)

Both are part of Denmark.",The two numbered locations that belong to the same country are numbers 2 and 3. Both are located in Turkey.
budget=3072_info_density_delay0_thumbattn,155,0.8451470136642456,0.7307325601577759,0.48789578676223755,0.5851190090179443,"The two numbered locations that belong to the same country are:

- Location 3: This is in Central America, specifically in Nicaragua.
- Location 4: This is in North America, specifically in Alaska, USA.

However, upon closer inspection, it appears that Locations 3 and 4 do not belong to the same country. Let's reassess:

- Location 1 and Location 2 are both in Russia. 

So, the correct answer is that Locations 1 and 2 belong to the same country, Russia.","The two numbered locations that belong to the same country are numbers 3 and 4, both of which are in Mexico."
budget=3072_info_density_delay0_thumbattn,156,0.7869773507118225,0.47862592339515686,0.6951716542243958,0.5669242739677429,"The two numbered locations that belong to the same country are:

- Location 1 and Location 2, which are both in Russia.","The two numbered locations that belong to the same country are:

- Location 1: This is in the northern part of South America, specifically in Venezuela.
- Location 4: This is in the northwestern part of North America, specifically in Canada.

However, upon closer inspection, it appears that both locations are actually in different countries. Let's reassess:

- Location 1 is in Venezuela.
- Location 4 is in the United States.

Since they are in different countries, there seems to be a mistake. Let's identify the correct pair:

- Location 1 and Location 3 are both in Venezuela.

So, the correct pair that belongs to the same country is Location 1 and Location 3, both in Venezuela."
budget=3072_info_density_delay0_thumbattn,157,0.8825379610061646,0.6375123262405396,0.8234810829162598,0.718660831451416,The two numbered locations that belong to the same country are 3 and 4. Both are in Russia.,"The two numbered locations that belong to the same country are both in Russia. Location 1 is in the European part of Russia, near the Baltic Sea, and location 2 is in the Asian part of Russia, near the border with China."
budget=3072_info_density_delay0_thumbattn,158,0.7879528403282166,0.6850733757019043,0.6016530990600586,0.6406590938568115,"The two numbered locations that belong to the same country are:

- Location 1: This is in Central America, specifically in Nicaragua.
- Location 4: This is also in Central America, specifically in Costa Rica.

Both locations are in the Central American region, which is part of the Americas.","The two numbered locations that belong to the same country are both in Canada. Location 1 is in the northern part of the country, and location 3 is in the western part. Both are within the borders of Canada."
budget=3072_info_density_delay0_thumbattn,159,1.0000001192092896,1.0,1.0,1.0,The red rectangle highlights the face of George Washington on Mount Rushmore.,The red rectangle highlights the face of George Washington on Mount Rushmore.
budget=3072_info_density_delay0_thumbattn,160,0.9816904664039612,0.9728341102600098,0.972834050655365,0.972834050655365,The red rectangle highlights the face of Abraham Lincoln on Mount Rushmore.,The red rectangle on Mount Rushmore highlights the face of Abraham Lincoln.
budget=3072_info_density_delay0_thumbattn,161,0.827972948551178,0.9530405402183533,0.9702391624450684,0.9615629315376282,The red rectangle on Mount Rushmore highlights the face of Abraham Lincoln.,The red rectangle on Mount Rushmore highlights the face of Thomas Jefferson.
budget=3072_info_density_delay0_thumbattn,162,0.7652848958969116,0.5796968340873718,0.8611398935317993,0.6929308176040649,The red rectangle highlights the face of George Washington on Mount Rushmore.,"The red rectangle highlights the face of **Abraham Lincoln**, the 16th President of the United States. He is positioned third on the right side of the Mount Rushmore sculpture, between George Washington and Thomas Jefferson. Lincoln's face is notable for its solemn expression and detailed carving, reflecting his significance in American history, particularly his leadership during the Civil War and his role in the abolition of slavery."
budget=3072_info_density_delay0_thumbattn,163,1.0000001192092896,1.0,1.0,1.0,The red rectangle highlights the face of George Washington on Mount Rushmore.,The red rectangle highlights the face of George Washington on Mount Rushmore.
budget=3072_info_density_delay0_thumbattn,164,0.9772451519966125,0.9475704431533813,0.9668041467666626,0.9570906758308411,The red rectangle highlights the face of Thomas Jefferson on Mount Rushmore.,The red rectangle on Mount Rushmore highlights the face of Thomas Jefferson.
budget=3072_info_density_delay0_thumbattn,165,0.979606568813324,0.9303911328315735,0.9626790285110474,0.9462596774101257,The red rectangle highlights the face of George Washington on Mount Rushmore.,The red rectangle on Mount Rushmore highlights the face of President George Washington.
budget=3072_info_density_delay0_thumbattn,166,1.0,1.0,1.0,1.0,The red rectangle on Mount Rushmore highlights the face of Thomas Jefferson.,The red rectangle on Mount Rushmore highlights the face of Thomas Jefferson.
budget=3072_info_density_delay0_thumbattn,167,1.0000001192092896,1.0000001192092896,1.0000001192092896,1.0000001192092896,97,97
budget=3072_info_density_delay0_thumbattn,168,0.8836156129837036,0.8910448551177979,0.8910448551177979,0.8910448551177979,57,62
budget=3072_info_density_delay0_thumbattn,169,1.0000001192092896,1.0000001192092896,1.0000001192092896,1.0000001192092896,97,97
budget=3072_info_density_delay0_thumbattn,170,0.44805416464805603,0.6469376087188721,0.5054359436035156,0.5674991607666016,44.5,61
budget=3072_info_density_delay0_thumbattn,171,0.6534994840621948,0.7652409672737122,0.7652409672737122,0.7652409672737122,97,100
budget=3072_info_density_delay0_thumbattn,172,0.38539302349090576,0.6098648905754089,0.4973680078983307,0.5479015111923218,51.5,84
budget=3072_info_density_delay0_thumbattn,173,0.7517149448394775,0.8517475724220276,0.8517475724220276,0.8517475724220276,97,103
budget=3072_info_density_delay0_thumbattn,174,0.8034112453460693,0.9536650776863098,0.9536650776863098,0.9536650776863098,46.5,68.5
budget=3072_info_density_delay0_thumbattn,175,0.8499987721443176,0.8795410394668579,0.8795410394668579,0.8795409798622131,94,97
budget=3072_info_density_delay0_thumbattn,176,0.466317355632782,0.6698195338249207,0.5299326777458191,0.5917209386825562,61.5,40
budget=3072_info_density_delay0_thumbattn,177,0.4312492311000824,0.6988426446914673,0.5826800465583801,0.6354966163635254,"The image does not show a flag, so I can't determine its color.",The flag on the boat is red and white.
budget=3072_info_density_delay0_thumbattn,178,1.000000238418579,1.0,1.0,1.0,The car is red.,The car is red.
budget=3072_info_density_delay0_thumbattn,179,0.9385148286819458,0.9404816627502441,0.8596500754356384,0.8982510566711426,"There is no house visible in the image. The landscape features rocky cliffs, a flat plain with some water pools, and distant mountains.","There is no house in the image. The landscape features rocky terrain, a river, and distant mountains."
budget=3072_info_density_delay0_thumbattn,180,1.0,0.9999999403953552,0.9999999403953552,0.9999999403953552,There are two people in the boat.,There are two people in the boat.
budget=3072_info_density_delay0_thumbattn,181,0.9345736503601074,0.8595727682113647,0.9224613904953003,0.8899073600769043,"There isn't a car visible in the image. The picture shows a coastal landscape with cliffs, water, and some vegetation.","There is no car in the image. The picture shows a coastal landscape with two large rock formations in the water, some vegetation on the shore, and a clear blue sky."
budget=3072_info_density_delay0_thumbattn,182,0.8628086447715759,0.6970899105072021,0.848238468170166,0.7652722597122192,"The person is carrying a golf bag, which is prominently visible in the image. The golf bag contains several golf clubs, and the person is also wearing a glove on one hand, which is typical equipment for a golfer.","The most prominently visible piece of equipment in the person's possession is the golf bag. The bag is large and red with black accents, and it has the word ""TourEdge"" written on it. The person is carrying the bag on their left shoulder, and it contains several golf clubs, including a driver with a black and silver head. The bag also has a towel hanging from it, and the person is wearing a glove on their left hand, which is typical for golfers to improve their grip on the clubs."
budget=3072_info_density_delay0_thumbattn,183,1.0,1.0,1.0,1.0,"The flag on the left is the flag of Germany. It features three horizontal bands of black, red, and yellow.","The flag on the left is the flag of Germany. It features three horizontal bands of black, red, and yellow."
budget=3072_info_density_delay0_thumbattn,184,0.933327853679657,0.8960795402526855,0.8336989879608154,0.8637644648551941,"The flag on the right is the flag of Bavaria, representing the German federal state of Bavaria (Bayern). The flag features a blue and white diagonal division, with a white ""B"" on a blue background in the upper left corner, symbolizing the historical connection to the Babenberg family.","The flag on the right is the flag of Bavaria, representing the German federal state of Bavaria. The flag features a blue and white diagonal division, with a white square in the blue section containing a stylized letter ""B"" in black."
budget=3072_info_density_delay0_thumbattn,185,0.9687530994415283,0.8163014650344849,0.7861793041229248,0.8009573221206665,"The ship in the image displays the flag of the Netherlands. The flag features horizontal stripes of red, white, and blue, which are the colors of the Dutch national flag. This indicates that the naval ship belongs to the Netherlands.","The flag shown in the image is the flag of the Netherlands. The flag features horizontal stripes of red, white, and blue. Therefore, the naval ship depicted in the image belongs to the Netherlands."
budget=3072_info_density_delay0_thumbattn,186,0.7818899750709534,0.653677761554718,0.6230313181877136,0.6379867196083069,"The license plate on the vehicle in the image provides a clue to the country of registration. Let's break down the details:

1. **License Plate Format**: The license plate reads ""FK-879"". This format, with a letter followed by a combination of numbers and letters, is common in several countries.

2. **Region Clue**: The letter ""F"" often indicates a specific region within a country. In many European countries, the first letter of the license plate denotes the region where the vehicle was registered.

3. **Country Identification**: The combination ""FK"" is specific to Faroe Islands. The Faroe Islands is a self-governing territory within the Kingdom of Denmark, and ""FK"" is the code used for vehicles registered there.

Therefore, the license plate ""FK-879"" indicates that the vehicle is registered in the Faroe Islands. This conclusion is supported by the distinctive alphanumeric format used by Faroe Islands for vehicle registration plates.","The license plate on the vehicle in the image provides a clue to its registration country. The license plate reads ""FK-873."" This format is indicative of Icelandic license plates.

Icelandic license plates typically consist of a combination of letters and numbers. The ""FK"" in this case stands for ""Ferðafélag Iceland"" (Icelandic Transport Authority), which is the agency responsible for issuing vehicle registration plates in Iceland. The format usually includes two letters followed by three or four numbers.

Additionally, the setting of the image with volcanic landscapes and the distinctive style of the SUV further supports the idea that this photo was taken in Iceland, a country known for its rugged and volcanic terrain."
budget=3072_info_density_delay0_thumbattn,187,0.955514669418335,0.9523898363113403,0.9685987830162048,0.9604259133338928,"The square white adapter in the image is an Apple USB-C adapter. Apple was founded by Steve Jobs, Steve Wozniak, and Ronald Wayne.","The square white adapter in the image is an Apple USB power adapter. Apple Inc. was founded by Steve Jobs, Steve Wozniak, and Ronald Wayne."
budget=3072_info_density_delay0_thumbattn,188,0.9813536405563354,0.8344596028327942,0.9201768040657043,0.8752245306968689,"The image shows an industrial waterfront scene with silos, conveyor structures, and buildings. There is no blue backpack or airplane visible in the image. Therefore, I can't determine the position of a blue backpack relative to an airplane.","The image shows a waterfront industrial area with silos, conveyor structures, and a large colorful mural on one of the silos. There is no blue backpack or airplane visible in the image. Therefore, I can't determine the position of a blue backpack relative to an airplane as these objects are not present in the scene."
budget=3072_info_density_delay0_thumbattn,189,0.9943785071372986,0.9013335108757019,0.9116361737251282,0.9064555764198303,"To determine the position of the blue backpack relative to the umbrella, let's carefully observe the image.

1. **Identify the Umbrella**: The umbrella is located on the bridge in the foreground, slightly to the left side of the image. It is being held by a person standing on the bridge.

2. **Identify the Blue Backpack**: The blue backpack is situated on the ground near the rocks at the base of the castle, closer to the right side of the image.

3. **Compare Positions**:
   - The umbrella is positioned higher up, as it is on the bridge, while the blue backpack is on the ground level near the rocks.
   - The umbrella is more towards the left side of the image, whereas the blue backpack is more towards the right side.

4. **Relative Position**: The blue backpack is located to the right and below the position of the umbrella when viewed from the perspective of the image.

In summary, the blue backpack is situated to the right and below the umbrella.","To determine the position of the blue backpack relative to the umbrella, let's carefully observe the image.

1. **Identify the Umbrella**: The umbrella is located on the bridge to the left side of the castle. It is being held by a person standing near the railing.

2. **Identify the Blue Backpack**: The blue backpack is situated on the ground near the large rock formation in the foreground, to the right side of the image.

3. **Compare Positions**:
   - The umbrella is positioned higher up, on the bridge, while the blue backpack is on the ground level in the foreground.
   - The umbrella is more towards the left side of the image, whereas the blue backpack is more towards the right side.

4. **Relative Position**: If we consider the horizontal and vertical positioning:
   - Horizontally, the blue backpack is to the right of the umbrella.
   - Vertically, the blue backpack is below the umbrella.

Thus, the blue backpack is positioned to the right and below the umbrella."
budget=3072_info_density_delay0_thumbattn,190,0.9442523717880249,0.9222811460494995,0.9248679876327515,0.9235727787017822,The blue backpack is positioned to the right of the wooden box.,The blue backpack is positioned on top of the wooden box.
budget=3072_info_density_delay0_thumbattn,191,1.0000001192092896,0.9999998807907104,0.9999998807907104,0.9999998807907104,The wooden jewelry box is positioned to the right of the clock.,The wooden jewelry box is positioned to the right of the clock.
budget=3072_info_density_delay0_thumbattn,192,1.0,1.0,1.0,1.0,There are two chairs in the image.,There are two chairs in the image.
budget=3072_info_density_delay0_thumbattn,193,0.8278764486312866,0.7154210805892944,0.9209077954292297,0.8052620887756348,The chairs are facing towards the window.,The chairs in the image are facing towards the large arched window at the far end of the room.
budget=3072_info_density_delay0_thumbattn,194,0.975663423538208,0.9417531490325928,0.9832119941711426,0.9620361328125,The blue backpack is to the left of the warning sign.,The blue backpack is positioned to the left of the warning sign.
budget=3072_info_density_delay0_thumbattn,195,0.8851536512374878,0.6558428406715393,0.7751030325889587,0.7105031609535217,"The black car is positioned to the left of the tram when facing down the street. It is parked along the side of the road, while the tram is traveling down the center of the street.","In the image, the black car is positioned to the right of the tram. The tram is in the center of the street, moving along the tracks, and the black car is adjacent to it on the tram's right side. The tram appears to be a single-car unit, and the car is parked or moving closely parallel to the tram's route. The street is bustling with activity, including numerous pedestrians and various market stalls on both sides."
budget=3072_info_density_delay0_thumbattn,196,1.0000001192092896,0.9999997019767761,0.9999997019767761,0.9999997019767761,There are three people in the image.,There are three people in the image.
budget=3072_info_density_delay0_thumbattn,197,0.8004469275474548,0.9927067160606384,0.9927067160606384,0.9927067160606384,There are five people in the image.,There are four people in the image.
budget=3072_info_density_delay0_thumbattn,198,0.4802497327327728,0.8396177291870117,0.564073383808136,0.6748009324073792,"There are two people in the image. One person is prominently visible sitting in the foreground, wearing a hat and a brown outfit. Another person can be seen in the background, partially obscured and out of focus.",There is one person in the image.
budget=3072_info_density_delay0_thumbattn,199,0.700366199016571,0.7502632737159729,0.5894351005554199,0.6601956486701965,"The boat is located further out in the water, to the left side of the image, while the buildings are situated on the rocky outcrop to the right. So, the boat is to the left and somewhat in front of the buildings.",The boat is to the left of the buildings.
budget=4096_info_density_delay0_thumbattn,0,1.0,1.0,1.0,1.0,The number displayed above the entrance is 27B.,The number displayed above the entrance is 27B.
budget=4096_info_density_delay0_thumbattn,1,1.0000001192092896,1.0000004768371582,1.0000004768371582,1.0000004768371582,The mailbox is blue.,The mailbox is blue.
budget=4096_info_density_delay0_thumbattn,2,1.0,0.9999998807907104,0.9999998807907104,0.9999998807907104,The mailbox is on the right side of the woman.,The mailbox is on the right side of the woman.
budget=4096_info_density_delay0_thumbattn,3,0.8956547975540161,0.8801276683807373,0.931779682636261,0.9052175283432007,"The white board in front of the girl in purple shorts has the text ""ETLE VATE"" written on it.","The white board in front of the girl in purple shorts has the text ""E L E V A T E"" written on it."
budget=4096_info_density_delay0_thumbattn,4,0.6379418969154358,0.8858869671821594,0.873870849609375,0.8798379302024841,"The text on the blue golf ball holder reads ""Multi-use"".","The text on the blue golf ball holder reads ""Callaway."""
budget=4096_info_density_delay0_thumbattn,5,0.672022819519043,0.9799137711524963,0.9799137711524963,0.9799137711524963,The golf ball holder is brown.,The golf ball holder is blue.
budget=4096_info_density_delay0_thumbattn,6,0.9918935298919678,0.9948959350585938,0.9948959350585938,0.9948959350585938,The license plate number of the car is FK873.,The license plate number of the car is FK879.
budget=4096_info_density_delay0_thumbattn,7,0.9999999403953552,0.9999999403953552,0.9999998807907104,0.9999999403953552,The person is sitting on the driver's side of the car.,The person is sitting on the driver's side of the car.
budget=4096_info_density_delay0_thumbattn,8,0.9755865931510925,0.8950071930885315,0.8833107948303223,0.8891205787658691,"The water bottle is placed on a small ledge or table in front of the person, to their right side (on the left side of the image).","The water bottle is placed on a small table or ledge in front of the person, to their right side (viewer's left side)."
budget=4096_info_density_delay0_thumbattn,9,0.7625867128372192,0.9310778975486755,0.9371128678321838,0.9340856671333313,"The brand mentioned on the black rectangular device located at the left of the image is ""SanDisk.""","The brand mentioned on the black rectangular device located at the left of the image is ""INSGENIA."""
budget=4096_info_density_delay0_thumbattn,10,0.8197348117828369,0.94281405210495,0.9107842445373535,0.9265223741531372,"The text written above the logo on the jacket's sleeve is ""epicmix.""","The text written above the logo on the jacket's sleeve is ""AMIX."""
budget=4096_info_density_delay0_thumbattn,11,0.9857268929481506,0.8683769702911377,0.9080793261528015,0.8877844214439392,"The person in the background is wearing gloves that appear to be work gloves. They are likely designed for manual labor or outdoor activities, given their sturdy look.","The person in the background is wearing gloves that appear to be work gloves. They have a design that suggests they might be used for manual labor or outdoor activities, possibly providing protection and grip."
budget=4096_info_density_delay0_thumbattn,12,0.8745895624160767,0.7074573040008545,0.8781079053878784,0.7835992574691772,The person is standing to the right of the recycle bin.,"The person is standing on a platform or deck area, and the recycle bin is located behind them, to the right side in the background."
budget=4096_info_density_delay0_thumbattn,13,0.9770845174789429,0.9897893667221069,0.9693424701690674,0.9794592261314392,"The number written on the sign in the background is ""08-26"".",The number written on the sign in the background is 08-26.
budget=4096_info_density_delay0_thumbattn,14,0.6015287041664124,0.8177632093429565,0.6194901466369629,0.7049505710601807,"The image shows a person standing among ancient stone ruins, taking a photograph. There is a small sign visible on one of the walls in the background. The sign appears to be **yellow**.",The sign in the image is yellow.
budget=4096_info_density_delay0_thumbattn,15,0.9999999403953552,0.9999997615814209,0.9999997615814209,0.9999997615814209,The umbrella in the image is blue.,The umbrella in the image is blue.
budget=4096_info_density_delay0_thumbattn,16,0.9983457326889038,0.9778581857681274,0.9786107540130615,0.9782343506813049,"The image shows the interior of a grand cathedral with Gothic architectural features, including vaulted ceilings, stained glass windows, and ornate decorations. There is a framed poster on the wall to the right side of the image, near the back of the cathedral.

The title of the framed poster is not clearly visible in the image provided. The text on the poster is too small and indistinct to be read accurately from this perspective. Therefore, I'm unable to provide the specific title of the poster.","The image shows the interior of a grand cathedral with Gothic architectural features, including vaulted ceilings, stained glass windows, and ornate arches. There is a framed poster on the wall to the right side of the image, near the back of the cathedral.

The title of the framed poster is not clearly visible in the image provided. The text on the poster is too small and indistinct to be read accurately. Therefore, I'm unable to provide the specific title of the poster from this image."
budget=4096_info_density_delay0_thumbattn,17,1.0,1.0000001192092896,1.0,1.0000001192092896,"The barge on the left side of the image is named ""Petrol Land.""","The barge on the left side of the image is named ""Petrol Land."""
budget=4096_info_density_delay0_thumbattn,18,0.7031087875366211,0.993005096912384,0.993005096912384,0.993005096912384,"The neon ""OPEN"" sign hanging above the items for sale is red.","The neon ""OPEN"" sign hanging above the items for sale is green."
budget=4096_info_density_delay0_thumbattn,19,1.0,0.9999999403953552,1.0,0.9999999403953552,"The road sign directly below the American flag reads ""One Way.""","The road sign directly below the American flag reads ""One Way."""
budget=4096_info_density_delay0_thumbattn,20,1.0,1.0000001192092896,1.0000001192092896,1.0000001192092896,"The number written on the front of the train is ""401 132-5"".","The number written on the front of the train is ""401 132-5""."
budget=4096_info_density_delay0_thumbattn,21,0.9382767081260681,0.843367338180542,0.9168457984924316,0.878572940826416,"In the image, there are three dogs being walked. They are accompanied by a person wearing a red jacket. The setting is a park with a large tree and a hedge in the background under a clear blue sky.","In the image, there are three dogs being walked. They are accompanied by a person wearing a red jacket. The setting appears to be a park or a similar open area with a large tree and a hedge in the background. The autumn foliage adds a beautiful, colorful backdrop to the scene."
budget=4096_info_density_delay0_thumbattn,22,1.0,1.000000238418579,1.000000238418579,1.000000238418579,There isn't a bike visible in the image.,There isn't a bike visible in the image.
budget=4096_info_density_delay0_thumbattn,23,0.7404172420501709,0.6720105409622192,0.45724472403526306,0.5442051291465759,"The image shows a tall, cylindrical building with a distinctive geometric pattern on its facade, situated next to a body of water. The building appears to be part of a modern architectural complex, with other structures nearby.

As for the shape of the signboard attached to the building, there isn't a clear or visible signboard in the image provided. The photograph mainly focuses on the cylindrical building and its surroundings, but does not distinctly feature any signboard that can be described in terms of shape. 

If you are referring to a specific signboard that might be present but not easily discernible in this image, additional details or a different image might be needed to accurately describe its shape.",The signboard attached to the building is shaped like a diamond or a rhombus.
budget=4096_info_density_delay0_thumbattn,24,0.6084498763084412,0.8454721570014954,0.6019229888916016,0.7032068967819214,"The text on the signboard in the image reads ""Museum für Fotografie"" which translates to ""Photography Museum"" in English.","The text on the signboard in the image reads ""MAG."""
budget=4096_info_density_delay0_thumbattn,25,0.991107165813446,0.9852024912834167,0.9770419001579285,0.9811052680015564,"The orange building is located to the left of the cylindrical green building when facing the image. The cylindrical green building stands prominently on the right side, while the orange building is positioned further back and to the left, closer to the riverbank.","The orange building is located to the left of the cylindrical green building in the image. The cylindrical green building stands prominently on the right side, while the orange building is positioned further back and to the left, closer to the riverbank."
budget=4096_info_density_delay0_thumbattn,26,0.628364622592926,0.5841671228408813,0.781294047832489,0.6685013175010681,"The name of the place mentioned on the signboard above the left door is ""Abri de Pataud.""","The signboard above the left door reads ""pinetaud."" This could be the name of the place, possibly indicating a business, residence, or establishment located in this picturesque setting. The surrounding area, with its stone buildings and natural rock formations, adds to the charm and character of the location."
budget=4096_info_density_delay0_thumbattn,27,0.960666298866272,0.9659040570259094,0.8859412670135498,0.9241963028907776,The man wearing a yellow shirt is not carrying a backpack in the image.,The man wearing a yellow shirt is not carrying a backpack.
budget=4096_info_density_delay0_thumbattn,28,0.6050406694412231,0.49192744493484497,0.7501852512359619,0.5942081212997437,The girl wearing a blue top is sitting on the left side of the man wearing a yellow shirt.,"The girl wearing a blue top is sitting on the left side of the man wearing a yellow shirt. 

To break it down logically:
1. The man in the yellow shirt is standing further down the path.
2. The girl in the blue top is sitting on a stone ledge to the left of him as you look at the image.
3. Therefore, from the perspective of the man in the yellow shirt, the girl in the blue top is on his left side."
budget=4096_info_density_delay0_thumbattn,29,1.0,0.9999999403953552,0.9999999403953552,0.9999999403953552,The clock shows a time of approximately 6:10.,The clock shows a time of approximately 6:10.
budget=4096_info_density_delay0_thumbattn,30,1.0,1.0,1.0,1.0,The river is flowing from the bottom right to the top left relative to the clock tower.,The river is flowing from the bottom right to the top left relative to the clock tower.
budget=4096_info_density_delay0_thumbattn,31,0.8724725246429443,0.8027315735816956,0.8673414587974548,0.8337867856025696,"In the middle of the water, there is a small, circular platform with a yellow railing and a bench. It appears to be a spot for relaxing or enjoying the view.","In the middle of the water, there is a small, circular platform with a yellow railing and a decorative light or structure in the center. It appears to be a small island or a part of the water designed for aesthetic or recreational purposes."
budget=4096_info_density_delay0_thumbattn,32,1.0,1.0,1.0,1.0,The speed limit indicated by the sign in the image is 20 km/h.,The speed limit indicated by the sign in the image is 20 km/h.
budget=4096_info_density_delay0_thumbattn,33,1.0000001192092896,0.9999997615814209,0.9999998211860657,0.9999998211860657,The year inscribed on the sundial is 1762.,The year inscribed on the sundial is 1762.
budget=4096_info_density_delay0_thumbattn,34,0.4851715564727783,0.5081777572631836,0.42934736609458923,0.46544837951660156,"The message on the sign reads ""KHU VUC CO BAN NGHEM KHOANG 10 PHUT."" This translates from Vietnamese to ""Please stay for at least 10 minutes.""","In the image, there is no sign visible. The photo features a person standing near a waterfall, surrounded by lush greenery. The focus seems to be on the natural scenery rather than any written messages or signs."
budget=4096_info_density_delay0_thumbattn,35,0.990027904510498,0.981452226638794,0.9814522862434387,0.9814522862434387,The hazard numbers on the left side storage container's label are 1 and 2.,The hazard numbers on the left side storage container's label are 1 and 3.
budget=4096_info_density_delay0_thumbattn,36,0.9999999403953552,1.0,0.9999999403953552,0.9999999403953552,"The ""1"" on the left side hazard label of the storage container is black.","The ""1"" on the left side hazard label of the storage container is black."
budget=4096_info_density_delay0_thumbattn,37,0.5261586308479309,0.9669424295425415,0.9669424295425415,0.9669424295425415,The surveillance camera is black.,The surveillance camera is red.
budget=4096_info_density_delay0_thumbattn,38,0.6132024526596069,0.9240543842315674,0.9431484937667847,0.9335038065910339,"The text on the sign attached to the wall of the building reads ""San Francisco.""","The text on the sign attached to the wall of the building reads ""Sawhorse."""
budget=4096_info_density_delay0_thumbattn,39,0.928984522819519,0.8033140897750854,0.8713288307189941,0.8359403014183044,"There isn't a car clearly visible in the image. The scene shows a town with buildings, a bridge, and a river.","There doesn't appear to be any car prominently visible in the image. The scene shows a picturesque town with buildings, a bridge, and a river, but no car is clearly discernible."
budget=4096_info_density_delay0_thumbattn,40,0.791496992111206,0.8700534105300903,0.7941006422042847,0.8303437829017639,The girl on the raft is wearing a pink shirt.,The girl's shirt is pink.
budget=4096_info_density_delay0_thumbattn,41,0.5599942207336426,0.5840955376625061,0.7529745101928711,0.6578699350357056,The car in the image appears to be white.,"There is no car in the image. The scene depicts a scenic area with a body of water, boats, and a traditional building surrounded by lush greenery and mountains."
budget=4096_info_density_delay0_thumbattn,42,0.6949172019958496,0.7794500589370728,0.8966046571731567,0.8339328765869141,The person in the image is wearing a dark-colored jacket.,"The person in the image is wearing dark clothing, likely black or very dark blue."
budget=4096_info_density_delay0_thumbattn,43,0.6344296932220459,0.6973650455474854,0.6078351736068726,0.6495294570922852,"The image shows a cityscape with a waterfront and a large Ferris wheel. There is a building with a flag on the left side of the image. The flag appears to be dark in color, likely blue or black, but the exact color is difficult to determine due to the distance and lighting.","The flag in the image is not clearly visible, so I can't determine its color."
budget=4096_info_density_delay0_thumbattn,44,0.9999999403953552,1.0000001192092896,1.000000238418579,1.0000001192092896,"The street sign on the pole near the center bottom of the image indicates ""Michigan Ave.""","The street sign on the pole near the center bottom of the image indicates ""Michigan Ave."""
budget=4096_info_density_delay0_thumbattn,45,0.68724125623703,0.98439621925354,0.98439621925354,0.98439621925354,The number written on the boat is 6.,The number written on the boat is 10.
budget=4096_info_density_delay0_thumbattn,46,1.0,1.0000001192092896,1.0000001192092896,1.0000001192092896,The person in the image is wearing a blue shirt.,The person in the image is wearing a blue shirt.
budget=4096_info_density_delay0_thumbattn,47,1.0,1.0,1.0,1.0,The flag appears to be white.,The flag appears to be white.
budget=4096_info_density_delay0_thumbattn,48,0.7703906297683716,0.8454949259757996,0.751875638961792,0.7959417700767517,The figurine on the shelf is wearing a uniform that appears to be gold or brass in color.,The uniform of the figurine on the shelf is red.
budget=4096_info_density_delay0_thumbattn,49,1.0,1.0,1.0,1.0,The visible vehicle in the image is white.,The visible vehicle in the image is white.
budget=4096_info_density_delay0_thumbattn,50,1.0000001192092896,0.9999995827674866,0.9999995827674866,0.9999995827674866,The climber's hat is red.,The climber's hat is red.
budget=4096_info_density_delay0_thumbattn,51,1.0000001192092896,1.0,1.0,1.0,The trailer in the image is orange.,The trailer in the image is orange.
budget=4096_info_density_delay0_thumbattn,52,0.6582653522491455,0.5322376489639282,0.5667473673820496,0.548950731754303,The phone number on the boat is 0753 82 188.,"The image shows a boat on a beautiful beach, but the phone number on the boat is not clearly visible or legible. Therefore, I can't provide the phone number written on the boat."
budget=4096_info_density_delay0_thumbattn,53,1.0000001192092896,1.0,0.9999999403953552,0.9999999403953552,The motorcycle is red.,The motorcycle is red.
budget=4096_info_density_delay0_thumbattn,54,1.0,0.9999999403953552,0.9999999403953552,0.9999999403953552,"The title of the book displayed prominently on the stand is ""Polycarp.""","The title of the book displayed prominently on the stand is ""Polycarp."""
budget=4096_info_density_delay0_thumbattn,55,0.9296116828918457,0.7653652429580688,0.7948315143585205,0.7798200845718384,"The flowers in the image are red. They match the overall color scheme of the room, which features rich red wallpaper and curtains. The red flowers complement the luxurious and elegant decor of the space.","The flowers in the image are red. They are part of the intricate damask pattern on the wallpaper, which features large, ornate floral designs in a deep red color that complements the overall luxurious and regal aesthetic of the room."
budget=4096_info_density_delay0_thumbattn,56,1.0,1.000000238418579,1.0000001192092896,1.0000001192092896,The phone number listed on the building in the foreground is 206-441-5000.,The phone number listed on the building in the foreground is 206-441-5000.
budget=4096_info_density_delay0_thumbattn,57,0.9353973865509033,0.9934760928153992,0.993476152420044,0.9934760928153992,The number written on the blue tag is 23.,The number written on the blue tag is 24.
budget=4096_info_density_delay0_thumbattn,58,1.0,0.9999999403953552,0.9999999403953552,0.9999999403953552,The registration number of the boat is TN-01-00026.,The registration number of the boat is TN-01-00026.
budget=4096_info_density_delay0_thumbattn,59,0.8514447808265686,0.7131772041320801,0.7178267240524292,0.7154944539070129,"The flag flying on the top of the boat appears to have a combination of colors. The main part of the flag is red and yellow, with a black triangle on the hoist side. This suggests it might be the flag of Spain.","The flag flying on the top of the boat appears to have multiple colors. From what can be seen, it includes red, yellow, and black colors. The flag is positioned at the stern of the boat, above the rear deck area."
budget=4096_info_density_delay0_thumbattn,60,1.0,1.0000001192092896,1.0000001192092896,1.0000001192092896,The model number of the train shown in the image is 2001.,The model number of the train shown in the image is 2001.
budget=4096_info_density_delay0_thumbattn,61,0.5202462673187256,0.9917659163475037,0.9917659163475037,0.9917658567428589,The person in the image is wearing a blue shirt.,The person in the image is wearing a yellow shirt.
budget=4096_info_density_delay0_thumbattn,62,0.9082976579666138,0.9354708790779114,0.8513492345809937,0.8914298415184021,"The sign above the parking garage entrance reads ""Public Parking.""","The sign reads ""Public Parking."""
budget=4096_info_density_delay0_thumbattn,63,0.9642617106437683,0.942244291305542,0.9074018001556396,0.9244948625564575,"The image shows a ship docked at a port, and there is a vehicle parked nearby. The license plate of the vehicle is not clearly visible due to the angle and distance. Therefore, I can't determine the license plate number from this image.","The image shows a vehicle parked near a dock with a large ship. The license plate of the vehicle is not clearly visible due to the angle and distance. Therefore, I can't determine the license plate number."
budget=4096_info_density_delay0_thumbattn,64,0.9049646854400635,0.7730736136436462,0.7324205636978149,0.7521982789039612,"In the image, the person is standing on the dock next to the ship, while a car is parked on the right side of the dock, further away from the ship. The person appears to be closer to the ship than the car. Specifically, the person is positioned to the left of the car when facing the image. The person is also near the yellow gangway that leads from the dock to the ship.

So, relative to the car, the person is positioned more towards the left and closer to the ship.","In the image, the person is standing on the dock next to the ship, while a car is parked on the dock further to the right. The person appears to be closer to the ship and is positioned to the left of the car. The person and the car are both on the dock, but the person is nearer to the water and the ship, whereas the car is situated more towards the buildings in the background."
budget=4096_info_density_delay0_thumbattn,65,1.0000001192092896,0.9999998211860657,0.9999998211860657,0.9999998211860657,The image does not show a car.,The image does not show a car.
budget=4096_info_density_delay0_thumbattn,66,0.634239912033081,0.9898169040679932,0.9898169040679932,0.9898169040679932,The person in the image is wearing white pants.,The person in the image is wearing blue pants.
budget=4096_info_density_delay0_thumbattn,67,0.7562875747680664,0.6540645360946655,0.5533748269081116,0.5995213389396667,"The flag in the image appears to have multiple colors. From left to right, the colors seem to be:

1. Yellow
2. Blue
3. Red
4. Yellow
5. Green
6. Black
7. Red

This combination of colors is indicative of the Chilean flag.","The flag in the image features multiple colors. The visible part of the flag shows horizontal stripes in the colors of green, yellow, red, and blue. The flag is located on the right side of the image, atop one of the rocky areas."
budget=4096_info_density_delay0_thumbattn,68,1.0,1.000000238418579,1.000000238418579,1.000000238418579,The trash can in the image is black.,The trash can in the image is black.
budget=4096_info_density_delay0_thumbattn,69,0.8749337196350098,0.6581737995147705,0.7592669129371643,0.7051153779029846,"There isn't a dog clearly visible in the image. If you're referring to a specific part of the image, please let me know!","There isn't a dog clearly visible in the image. If you're referring to a specific dog, it might be difficult to discern from this distance. The image mainly shows a cityscape with buildings, streets, and a few people."
budget=4096_info_density_delay0_thumbattn,70,1.0000001192092896,0.9999999403953552,0.9999999403953552,0.9999999403953552,"The letters on the green trash bin are ""PET"".","The letters on the green trash bin are ""PET""."
budget=4096_info_density_delay0_thumbattn,71,0.6492862105369568,0.5834015011787415,0.5609129071235657,0.5719361901283264,"In the image, there is a black sign with yellow arrows. The arrows indicate directions. Specifically, the arrows on the sign are pointing to the right. This suggests that traffic or pedestrians should proceed in the direction the arrows are facing, which is towards the right side. The positioning of the sign and the arrows is crucial for guiding movement, whether it be vehicular or pedestrian traffic, ensuring an orderly flow in the designated direction.","The black sign in the image shows arrows pointing in the directions of ""ENTRATA"" (entrance) and ""USCITA"" (exit). The entrance arrow points to the left, and the exit arrow points to the right."
budget=4096_info_density_delay0_thumbattn,72,1.0000001192092896,0.9999999403953552,0.9999999403953552,0.9999999403953552,"The text on the black sign reads ""ARCO DE POMPEI.""","The text on the black sign reads ""ARCO DE POMPEI."""
budget=4096_info_density_delay0_thumbattn,73,0.5683637857437134,0.6445795893669128,0.8379640579223633,0.7286592125892639,The number on the rectangular white sign is 3.,"The image shows an ancient Roman triumphal arch. There is a rectangular white sign on the stone pillar to the right of the arch. The number on the sign is ""25."""
budget=4096_info_density_delay0_thumbattn,74,0.9405053853988647,0.8263760805130005,0.9678382873535156,0.8915305137634277,"The text on the white building reads ""DB"".","The text on the white building reads ""DB"" with a yellow triangle logo above it."
budget=4096_info_density_delay0_thumbattn,75,0.9348493814468384,0.8592803478240967,0.7625609636306763,0.8080366849899292,"The building with a red and white striped antenna on its top is the one located towards the right side of the image, slightly to the center. It is a tall skyscraper with a cylindrical shape and a glass facade. The antenna stands out prominently against the clear blue sky. This distinctive feature helps in identifying the building amidst the cluster of modern high-rises.","The building with a red and white striped antenna on its top is the one located second from the right in the image. It is a tall skyscraper with a distinctive antenna, which stands out among the other buildings in the skyline."
budget=4096_info_density_delay0_thumbattn,76,1.0,0.9999998807907104,0.9999998807907104,0.9999998807907104,The ceiling beams in the room are made of wood.,The ceiling beams in the room are made of wood.
budget=4096_info_density_delay0_thumbattn,77,0.9657429456710815,0.7877500057220459,0.8385860919952393,0.8123735189437866,"The small stone cairn is located at the base of the waterfall, near the center of the image, close to where the water collects at the bottom.","The small stone cairn is located at the bottom of the waterfall, near the center of the image. It's situated on the rocky area just beneath the falls, surrounded by lush greenery."
budget=4096_info_density_delay0_thumbattn,78,0.9276119470596313,0.8441365957260132,0.6837711334228516,0.7555381059646606,"In the image, there is a piece of cloth or a garment hanging on the wall inside the house, to the right side of the doorway. It appears to be draped over a hook or a similar fixture on the wall. The wall itself is painted in a greenish hue, and the doorway provides a glimpse into the interior space. The hanging cloth adds a touch of everyday life to the scene, suggesting that this is a lived-in and functional space.","In the image, there is a piece of cloth or a garment hanging on the wall inside the house, to the right side in the background. It is partially visible through the doorway."
budget=4096_info_density_delay0_thumbattn,79,1.0,1.0,1.0,1.0,"The object mounted on the wall in the background appears to be a small plaque or sign. Given the context of the image, which shows an architectural interior with columns and arches, it is likely that the plaque provides information about the historical or architectural significance of the location. It could contain details such as the name of the building, historical dates, or descriptions of the architectural style. However, the text on the plaque is not legible in the image, so the exact content cannot be determined.","The object mounted on the wall in the background appears to be a small plaque or sign. Given the context of the image, which shows an architectural interior with columns and arches, it is likely that the plaque provides information about the historical or architectural significance of the location. It could contain details such as the name of the building, historical dates, or descriptions of the architectural style. However, the text on the plaque is not legible in the image, so the exact content cannot be determined."
budget=4096_info_density_delay0_thumbattn,80,0.6838232278823853,0.7454381585121155,0.6086968779563904,0.6701633930206299,"The image doesn't show a cup, so I can't determine its color.",The cup in the image is white.
budget=4096_info_density_delay0_thumbattn,81,0.7591863870620728,0.8010051250457764,0.45137616991996765,0.5773874521255493,"The primary material of the cup lying on the ground appears to be paper or thin cardboard. This assessment is based on the following observations:

1. **Shape and Structure**: The cup has a typical cylindrical shape with a flat base, which is common for paper cups.
2. **Surface Texture**: The surface looks smooth and uniform, which is characteristic of paper or cardboard materials.
3. **Size and Proportion**: The cup seems relatively small, consistent with disposable paper cups often used for beverages.
4. **Context**: Given the outdoor setting and the presence of a graffiti wall, it's plausible that the cup is a piece of litter, which is commonly made from paper or cardboard.

Paper cups are often used for disposable purposes and are lightweight, making them easy to carry and discard, which aligns with the scenario depicted in the image.",The primary material of the cup lying on the ground appears to be plastic.
budget=4096_info_density_delay0_thumbattn,82,0.9554912447929382,0.7829407453536987,0.8421164155006409,0.8114511370658875,"The object located in the center of the grassy area is a statue. It appears to be a classical statue, possibly depicting historical or mythological figures, given the architectural style of the surrounding buildings. The statue is positioned on a pedestal, making it a focal point in the courtyard.","The object located in the center of the grassy area is a statue. It appears to be a classical statue, possibly made of stone or marble, and is positioned on a pedestal. The statue is surrounded by a well-maintained lawn, and it serves as a focal point in the courtyard. The architecture of the surrounding buildings suggests a historical or institutional setting, such as a university or a palace."
budget=4096_info_density_delay0_thumbattn,83,0.761919379234314,0.6388123631477356,0.45776548981666565,0.5333433747291565,"The sign on the bridge indicates the direction towards Zaragoza. Given the context of the image, which shows a bridge over a body of water with a scenic landscape in the background, it's logical to assume that the sign is providing directions for travelers.

To determine the direction indicated on the sign:

1. **Observation**: The sign is likely placed on the side of the road or bridge, pointing in a specific direction.
2. **Contextual Clues**: Bridges often have directional signs to guide travelers to various destinations. If the sign is pointing towards Zaragoza, it would typically point in the general direction of travel to reach that city.

Considering these points, the direction indicated on the sign pointing towards Zaragoza would be towards the general direction you need to travel to reach Zaragoza from the current location. This is usually forward or to the side, depending on the layout of the road relative to the bridge.

Without the specific visual of the sign, it's reasonable to conclude that the sign points in the direction you would travel to head towards Zaragoza.","The image shows a bridge over a body of water with hills in the background. There isn't a visible sign indicating directions in the image, so I can't determine the direction to Zaragoza."
budget=4096_info_density_delay0_thumbattn,84,0.7387391924858093,0.6252087950706482,0.7499634027481079,0.6819273233413696,The sign pointing towards Alocén indicates the direction to the left.,"The image shows a bridge over a body of water with hills in the background. There isn't a visible sign indicating a direction towards ""Alocén"" in the image you provided."
budget=4096_info_density_delay0_thumbattn,85,0.6529592275619507,0.7102214097976685,0.9199849367141724,0.8016076683998108,There isn't a car visible in the image.,There isn't a car visible in the image. It shows a desert landscape with a tree and some rocks.
budget=4096_info_density_delay0_thumbattn,86,0.5960903763771057,0.727983832359314,0.511430025100708,0.6007884740829468,"The image shows a large, historic building with a green dome and several smaller domes, surrounded by trees and a park area. There is a street in front of the building with some people and vehicles.

There is no speed limit sign clearly visible in the image. Therefore, I can't determine the speed limit from this image.",The speed limit sign in the image indicates a limit of 30.
budget=4096_info_density_delay0_thumbattn,87,0.9527179002761841,0.9068739414215088,0.9770488142967224,0.9406543970108032,The flag is red with a yellow star.,The flag in the image is red with a yellow star.
budget=4096_info_density_delay0_thumbattn,88,1.0,0.9999997615814209,0.9999997615814209,0.9999997615814209,"The name written on the boat is ""Gondola.""","The name written on the boat is ""Gondola."""
budget=4096_info_density_delay0_thumbattn,89,1.0000001192092896,1.0000001192092896,1.0000001192092896,1.0000001192092896,The speed limit sign indicates 30.,The speed limit sign indicates 30.
budget=4096_info_density_delay0_thumbattn,90,0.9999999403953552,0.9999997615814209,0.9999997615814209,0.9999997615814209,"The name written on the front of the boat is ""Freedom.""","The name written on the front of the boat is ""Freedom."""
budget=4096_info_density_delay0_thumbattn,91,0.6928104758262634,0.9106306433677673,0.7527525424957275,0.8241991400718689,"The flag in the image is red, white, and green, which are the colors of the Tunisian flag.",The flag in the image is red and white.
budget=4096_info_density_delay0_thumbattn,92,0.8828818202018738,0.7789368629455566,0.587419867515564,0.6697562336921692,"The Royal Albert Hall is located to the left of the bus in the image. The bus is on the right side of the frame, moving along the road, while the Royal Albert Hall dominates the center and left portion of the image. The Hall's distinctive circular structure and illuminated facade are clearly visible, standing prominently in the scene.",The Royal Albert Hall is located to the left of the bus in the image.
budget=4096_info_density_delay0_thumbattn,93,0.9574260115623474,0.8415064811706543,0.9084062576293945,0.8736775517463684,"The houses are located in the background, towards the right side of the image, nestled among the trees and slightly elevated compared to the tea fields in the foreground.","The houses are located in the background, nestled among the trees and slightly elevated compared to the tea fields in the foreground. They appear to be situated on the right side of the image, further back in the valley."
budget=4096_info_density_delay0_thumbattn,94,0.934069812297821,0.8218560814857483,0.810251772403717,0.8160126805305481,"In the image, the white truck is positioned to the right of the trams. The trams are closer to the left side of the image, near the bridge and the people walking. The truck is situated further to the right, near the edge of the platform area in front of the large building.","The white truck is positioned to the right of the trams in the image. The trams are on the left side, and the truck is near the center-right part of the scene, close to the building labeled ""Amsterdam Centraal."""
budget=4096_info_density_delay0_thumbattn,95,0.8825576901435852,0.7224509119987488,0.7448877096176147,0.7334978580474854,"In the image, the red car is positioned to the left of the black car. The red car is closer to the foreground and is situated near the center-left part of the photo, while the black car is slightly behind and to the right of the red car, closer to the background. Both cars are parked near the building on the left side of the image.","In the image, there is a red car and a black car parked near the castle by the water. The red car is positioned to the left of the black car when viewing the image from a distance. Both cars are situated on the pathway or area near the castle's lower left section, with the red car slightly ahead of the black car in terms of left-to-right positioning."
budget=4096_info_density_delay0_thumbattn,96,0.9732202291488647,0.9287536144256592,0.9214121103286743,0.9250682592391968,The pink banner is to the right of the green trash bin.,The pink banner is positioned to the left of the green trash bin.
budget=4096_info_density_delay0_thumbattn,97,0.9419033527374268,0.825222909450531,0.8303813934326172,0.827794075012207,"In the image, the person wearing a light brown hat is positioned to the left of the person wearing a pink shirt. Both individuals appear to be exploring the ancient stone ruins, with the person in the light brown hat slightly ahead of the person in the pink shirt along the path. The person in the light brown hat seems to be leading or guiding the way, while the person in the pink shirt follows closely behind. This relative positioning suggests they might be traveling together, possibly as tourists or explorers visiting the historical site.","In the image, the person wearing a light brown hat is positioned to the left of the person wearing a pink shirt. They appear to be exploring the ancient stone ruins together, with the individual in the light brown hat slightly ahead or leading the way. The person in the pink shirt follows closely behind, suggesting they might be part of the same group. The ruins and lush greenery provide a picturesque backdrop for their visit."
budget=4096_info_density_delay0_thumbattn,98,1.0000001192092896,1.0,1.0,1.0,The white car is positioned to the left of the large white building.,The white car is positioned to the left of the large white building.
budget=4096_info_density_delay0_thumbattn,99,0.956510066986084,0.8265953063964844,0.8463506102561951,0.8363562822341919,"In the image, the black motorcycle is positioned to the left of the silver car. The silver car is slightly ahead of the motorcycle, and both are situated on the right side of the frame, near the bottom. The motorcycle is closer to the water's edge, while the car is a bit further back, near the buildings.","In the image, the black motorcycle is positioned to the left of the silver car. The motorcycle appears to be closer to the foreground, while the silver car is slightly further back, positioned more towards the right side relative to the motorcycle. Both vehicles are situated near the bottom right section of the image, close to the riverbank."
budget=4096_info_density_delay0_thumbattn,100,0.9999999403953552,0.9999999403953552,0.9999999403953552,0.9999999403953552,"The flag on the left side has three vertical stripes. From left to right, the colors are black, red, and yellow. This is the flag of Germany.","The flag on the left side has three vertical stripes. From left to right, the colors are black, red, and yellow. This is the flag of Germany."
budget=4096_info_density_delay0_thumbattn,101,0.9398631453514099,0.7878491878509521,0.7243368625640869,0.7547592520713806,"The small white building is located along the dock, which is adjacent to the water. It is positioned such that part of it is near the edge of the dock, with the water in the foreground. The building is situated to the right side of the image, closer to the large silos, and it stands on the dock that extends into the water. The building itself is relatively low in height compared to the silos and other structures around it.","The small white building is located on the dock, which is adjacent to the water. It is positioned such that the water is directly in front of it, along the shoreline. The building appears to be part of the industrial complex, situated between the large silos and the water's edge."
budget=4096_info_density_delay0_thumbattn,102,1.0,1.0,1.0,1.0,There are four computers visible on the table.,There are four computers visible on the table.
budget=4096_info_density_delay0_thumbattn,103,0.9484274983406067,0.8648699522018433,0.7640433311462402,0.8113361597061157,"The American flag is positioned on the left side of the image. It is attached to a pole and is located near the front of the scene, slightly behind some of the items and signs in front of the building. The flag is visible among the various objects and appears to be flying or standing upright.","The American flag is positioned on the left side of the image. It is mounted on a pole and is located near the center background, slightly to the left, above the collection of various items and signs."
budget=4096_info_density_delay0_thumbattn,104,0.8522764444351196,0.7009003162384033,0.7676148414611816,0.732742190361023,"The ""OPEN"" sign is located on the right side of the image, hanging near the front of the rustic shop with the wooden bear statue.","The ""OPEN"" sign is located on the building to the right side of the image, hanging near the roofline. It is positioned above the door, slightly to the right, and is visible among the various items and decorations in front of the building."
budget=4096_info_density_delay0_thumbattn,105,1.0000001192092896,0.9999999403953552,0.9999999403953552,0.9999999403953552,The totem pole is positioned to the right of the bear statue.,The totem pole is positioned to the right of the bear statue.
budget=4096_info_density_delay0_thumbattn,106,0.9899886250495911,0.9531773924827576,0.9347823262214661,0.9438902735710144,"The overhead electric wires are running parallel to the train tracks and are positioned above the train. They are angled slightly upwards from the perspective of the image, suggesting they are mounted on poles that extend along the length of the tracks. The wires are likely part of the catenary system that provides power to the electric train.","The overhead electric wires are running parallel to the train and are positioned above the train tracks. They are angled slightly upwards from the perspective of the image, suggesting they are supported by poles along the track. The wires are likely part of the catenary system that provides power to the electric locomotive."
budget=4096_info_density_delay0_thumbattn,107,0.9840384721755981,0.9382839798927307,0.8345350027084351,0.8833736181259155,"The person in the red jacket is positioned to the right of the large tree. They are closer to the hedge and appear to be walking along the path or grassy area beside it, while the large tree stands prominently on the left side of the image.","The person in the red jacket is positioned to the right of the large tree. They are walking along the hedge, while the large tree is on the left side of the image."
budget=4096_info_density_delay0_thumbattn,108,0.9255096316337585,0.8257442116737366,0.8056083917617798,0.8155519962310791,"To the right of the image, there is a structure that appears to be an elephant statue. The statue is positioned near the edge of the waterfall, partially obscured by trees and foliage. The elephant is crafted from a material that resembles stone or concrete, and it has prominent features such as large ears and a trunk. The statue seems to be part of the landscaping around the waterfall, adding an artistic or thematic element to the natural setting.","To the right of the image, there is a structure that appears to be an elephant statue. The statue is positioned near the edge of the waterfall, partially obscured by the surrounding foliage. The elephant is depicted with its trunk raised, and water seems to be flowing from the tip of its trunk into the pool below. This artistic installation blends with the natural scenery, enhancing the aesthetic appeal of the location."
budget=4096_info_density_delay0_thumbattn,109,1.0,1.0,1.0,1.0,There are three people standing in front of the entrance of the building.,There are three people standing in front of the entrance of the building.
budget=4096_info_density_delay0_thumbattn,110,0.8153132796287537,0.4070742726325989,0.6999271512031555,0.5147641897201538,The left tower is closer to the viewer than the right tower.,"In the image, the left tower is closer to the viewer compared to the right tower. Let's break this down in detail:

1. **Position and Perspective**: The left tower is positioned on the left side of the image and occupies a significant portion of the foreground. It appears larger and more detailed, indicating it is nearer to the viewer. The right tower, on the other hand, is situated further along the wall and appears smaller and less detailed due to the perspective.

2. **Size and Detail**: Objects that are closer tend to appear larger and with more detail. The left tower shows clear details such as the texture of the stone and the shape of the windows, while the right tower is smaller and less distinct, suggesting it is further away.

3. **Linear Perspective**: The wall extending from the left tower to the right tower creates a linear perspective that guides the viewer's eye along the wall. This perspective naturally leads to the conclusion that the left tower is in the foreground, making it appear closer.

4. **Shadow and Lighting**: The lighting and shadows also play a role. The left tower is more illuminated and casts a shadow that is prominent in the foreground, while the right tower is partly in the shade and further back in the scene.

Combining these observations, it is clear that the left tower is the one closer to the viewer, while the right tower is set back, creating a sense of depth in the image."
budget=4096_info_density_delay0_thumbattn,111,0.9610210061073303,0.7402306795120239,0.7893480062484741,0.7640007138252258,"The building behind the statue is the District of Columbia Court of Appeals. The inscription on the building reads ""DISTRICT OF COLUMBIA COURT OF APPEALS."" This neoclassical structure features prominent columns and a pediment, which are characteristic architectural elements of such buildings. The statue in front of it is of Abraham Lincoln, as indicated by the name on the pedestal.","The building behind the statue is the ""District of Columbia Court of Appeals."" This is evident from the inscription on the building's pediment, which reads ""DISTRICT OF COLUMBIA COURT OF APPEALS."" The statue in front of the building is of Abraham Lincoln, as indicated by the name ""LINCOLN"" on the pedestal. The Court of Appeals is a significant judicial institution in the District of Columbia, and the presence of Lincoln's statue suggests a place of historical and legal importance."
budget=4096_info_density_delay0_thumbattn,112,1.0000001192092896,1.0000001192092896,1.0000001192092896,1.0000001192092896,"The statue is located on the right side of the image, near the end of the colonnade. It depicts a figure on horseback.","The statue is located on the right side of the image, near the end of the colonnade. It depicts a figure on horseback."
budget=4096_info_density_delay0_thumbattn,113,1.0,0.9999998807907104,0.9999998807907104,0.9999998807907104,The object directly to the right of the main entrance of the church is a bell tower.,The object directly to the right of the main entrance of the church is a bell tower.
budget=4096_info_density_delay0_thumbattn,114,0.9538289308547974,0.9459238648414612,0.961683452129364,0.9537385702133179,The child in the foreground is running towards the right side of the image on the bridge.,"The child in the foreground is running forward on the bridge, towards the right side of the image."
budget=4096_info_density_delay0_thumbattn,115,0.9365513324737549,0.7652410864830017,0.7667872905731201,0.7660133838653564,"In the image, the person is located on the right side, while the building is situated more towards the center-left part of the background. The person appears to be standing on the grassy area near the water's edge, whereas the building is set further back, amidst the trees. The person is in the foreground, and the building is in the midground, with the person being closer to the viewer than the building.","In the image, the person is located on the right side, while the building is situated more towards the center-left part of the background. The person appears to be standing on the grassy area near the water, further away from the building. The building is reflected in the water, which is in the foreground, and the person is positioned to the right of this reflection."
budget=4096_info_density_delay0_thumbattn,116,0.8603790998458862,0.7218242883682251,0.875593900680542,0.7913080453872681,"To the right of the main house, there is a smaller building, possibly a shed or a cabin. It is nestled among the trees on the shore.","To the right of the main house, there is a smaller building, which appears to be a shed or a cabin. It is nestled among the trees and is partially obscured by the foliage. The structure is much simpler in design compared to the main house and seems to blend into the natural surroundings."
budget=4096_info_density_delay0_thumbattn,117,0.9952564239501953,0.9674299955368042,0.9839211702346802,0.9756059050559998,"The clock is located on the wall to the right side of the room, near the windows. It is positioned above a wooden cabinet or shelf.","The clock is located on the wall to the right side of the room, near the windows. It is positioned above a wooden cabinet or mantelpiece."
budget=4096_info_density_delay0_thumbattn,118,0.8057611584663391,0.6695470809936523,0.6789321303367615,0.6742069125175476,"The component labeled ""Sony"" is positioned to the right of the component labeled ""Mavica."" The ""Sony"" component, which appears to be a control panel or a part of a camera system, is situated further to the right side of the image, while the ""Mavica"" component, identified as ""Hi-Band Mavica MVC-5000,"" is on the left side.","The component labeled ""Sony"" is positioned to the right of the component labeled ""Mavica."" The ""Sony"" component is a smaller, rectangular piece with a flip-out viewfinder, while the ""Mavica"" component is a larger, more complex assembly with a lens and various electronic parts. The ""Sony"" component is oriented such that the flip-out viewfinder is facing upwards, while the ""Mavica"" component is oriented with its lens facing upwards."
budget=4096_info_density_delay0_thumbattn,119,1.0,1.0,1.0,1.0,"The word ""SWING"" is written on the parachute.","The word ""SWING"" is written on the parachute."
budget=4096_info_density_delay0_thumbattn,120,1.000000238418579,0.9999998807907104,0.9999998807907104,0.9999998807907104,"The word ""SWIRL"" is written on the parachute.","The word ""SWIRL"" is written on the parachute."
budget=4096_info_density_delay0_thumbattn,121,1.0000001192092896,0.9999998807907104,0.9999998807907104,0.9999998807907104,"The word ""SWOOP"" is written on the parachute.","The word ""SWOOP"" is written on the parachute."
budget=4096_info_density_delay0_thumbattn,122,1.0,1.0000001192092896,1.0000001192092896,1.0000001192092896,"The word ""SPRING"" is written on the parachute.","The word ""SPRING"" is written on the parachute."
budget=4096_info_density_delay0_thumbattn,123,1.0000001192092896,1.0,1.0,1.0,"The word ""Dally"" is visible on the suitcase.","The word ""Dally"" is visible on the suitcase."
budget=4096_info_density_delay0_thumbattn,124,1.0,0.9999999403953552,0.9999999403953552,0.9999999403953552,"The word ""Dolly"" is visible on the suitcase.","The word ""Dolly"" is visible on the suitcase."
budget=4096_info_density_delay0_thumbattn,125,1.0000001192092896,0.9999998807907104,0.9999998807907104,0.9999998807907104,"The word ""NORTH"" is written on the hang glider.","The word ""NORTH"" is written on the hang glider."
budget=4096_info_density_delay0_thumbattn,126,1.0000001192092896,0.9999999403953552,0.9999999403953552,0.9999999403953552,"The word ""NORTH"" is written on the hang glider.","The word ""NORTH"" is written on the hang glider."
budget=4096_info_density_delay0_thumbattn,127,1.0000001192092896,0.9999998807907104,0.9999998807907104,0.9999998807907104,"The word ""NORTH"" is written on the hang glider.","The word ""NORTH"" is written on the hang glider."
budget=4096_info_density_delay0_thumbattn,128,1.0000001192092896,0.9999999403953552,0.9999999403953552,0.9999999403953552,"The word ""NORTH"" is written on the hang glider.","The word ""NORTH"" is written on the hang glider."
budget=4096_info_density_delay0_thumbattn,129,1.0,1.0000001192092896,1.000000238418579,1.0000001192092896,The license plate number of the car is 217722 ROMA.,The license plate number of the car is 217722 ROMA.
budget=4096_info_density_delay0_thumbattn,130,0.8891197443008423,0.9215250611305237,0.7648658752441406,0.8359189629554749,"The bird is positioned to the left of the car, on the cobblestone street. It appears to be near the front left wheel of the car, close to the ground.","The bird is positioned to the left of the car, on the cobblestone street."
budget=4096_info_density_delay0_thumbattn,131,0.9257333278656006,0.9669556617736816,0.9279211759567261,0.9470363855361938,"The red rectangle on the sign reads ""Muzium Tekstil Negara,"" which is Malay for ""National Textile Museum.""","The red rectangle on the sign reads ""Muzium Tekstil Negara,"" which translates to ""National Textile Museum."""
budget=4096_info_density_delay0_thumbattn,132,1.0,0.9999999403953552,0.9999999403953552,0.9999999403953552,"The red rectangle on the sign contains the word ""Bank.""","The red rectangle on the sign contains the word ""Bank."""
budget=4096_info_density_delay0_thumbattn,133,1.0,0.9999998807907104,1.0,0.9999999403953552,The taller white building is to the right of the National Textile Museum.,The taller white building is to the right of the National Textile Museum.
budget=4096_info_density_delay0_thumbattn,134,0.6300160884857178,0.902696967124939,0.9204203486442566,0.9114725589752197,"The word ""Gasthaus"" is written on the building to the left in the image.","The word ""LIBRARY"" is written on the building to the left in the image."
budget=4096_info_density_delay0_thumbattn,135,1.0,1.0,1.0000001192092896,1.0000001192092896,The car located to the right of the orange car is yellow.,The car located to the right of the orange car is yellow.
budget=4096_info_density_delay0_thumbattn,136,1.0,1.0,1.0,1.0,The object placed directly in front of the bench on the left side of the image is a bicycle.,The object placed directly in front of the bench on the left side of the image is a bicycle.
budget=4096_info_density_delay0_thumbattn,137,0.9985443949699402,0.9703156352043152,0.9698873162269592,0.9701014161109924,There are three people seated at the table on the right side of the image where the woman in a striped shirt is standing.,There are three people seated at the table on the right side of the image where the woman in the striped shirt is standing.
budget=4096_info_density_delay0_thumbattn,138,0.9011390805244446,0.9737015962600708,0.9194340109825134,0.9457900524139404,"Inside the partially built brick structure, you can see a wooden box and a bouquet of flowers.","Inside the partially built brick structure, you can see a bouquet of flowers."
budget=4096_info_density_delay0_thumbattn,139,0.9941762685775757,0.9365396499633789,0.93244469165802,0.9344876408576965,"In the image, the chairs are located to the left of the bicycles. The chairs are part of an outdoor seating area, while the bicycles are parked near the building entrance on the right side of the seating area.","In the image, the chairs are located to the left of the bicycles. The chairs are part of an outdoor seating area, while the bicycles are parked near the building on the right side of the chairs."
budget=4096_info_density_delay0_thumbattn,140,1.0,1.0,1.0,1.0,There are three bicycles visible near the building's entrance on the right side of the image.,There are three bicycles visible near the building's entrance on the right side of the image.
budget=4096_info_density_delay0_thumbattn,141,0.8903513550758362,0.7999354004859924,0.7957824468612671,0.7978535294532776,"The car is located behind the statue of the lion on the left side of the image. The lion statue is in the foreground, while the car is further back, partially obscured by the building and other structures.","The car is positioned to the left of the statue of the lion when facing the building. The lion statue is in the foreground on the left side of the image, while the car is further back on the same side."
budget=4096_info_density_delay0_thumbattn,142,0.8615506291389465,0.8241384625434875,0.6047334671020508,0.6975910663604736,"The car is positioned to the left of the central tower of the building when facing the building directly. It appears to be on a street or road that runs alongside the building, slightly in front of the lower sections of the structure. The car is at a lower elevation compared to the central tower, which rises prominently above the rest of the building.",The car is positioned to the left of the central tower of the building.
budget=4096_info_density_delay0_thumbattn,143,1.0,1.0000001192092896,1.0000001192092896,1.0000001192092896,The object in the red circle is a plastic water bottle. Its primary function is to contain and transport drinking water.,The object in the red circle is a plastic water bottle. Its primary function is to contain and transport drinking water.
budget=4096_info_density_delay0_thumbattn,144,0.8714879751205444,0.5009766817092896,0.6285771131515503,0.557569682598114,The label in the red circle on the water bottle likely serves to indicate that the bottle is open or has been used. This is a common practice to remind the user or others that the contents have been accessed and may not be sterile anymore. It helps in maintaining hygiene and ensuring that the bottle is properly managed.,"The label in the red circle on the water bottle likely serves to provide important information about the bottle or its contents. This could include details such as:

1. **Brand Name**: Identifying the manufacturer or brand of the water bottle.
2. **Product Information**: Details about the type of bottle, such as whether it is made of plastic, BPA-free, or has any special features.
3. **Safety Instructions**: Guidelines on how to use the bottle safely, including warnings about potential hazards.
4. **Recycling Information**: Details on how to recycle the bottle, including the type of plastic it is made from (e.g., PET, HDPE).
5. **Expiration Date**: If the bottle has a shelf life, the expiration date might be indicated.
6. **Usage Instructions**: Suggestions on how to use the bottle, such as whether it is suitable for hot or cold liquids.

The specific purpose of the label would depend on the content and context of the text and symbols on it."
budget=4096_info_density_delay0_thumbattn,145,0.9912787675857544,0.9019675254821777,0.8628318309783936,0.8819657564163208,"The label in the red circle on the water bottle is a ""Recycle"" symbol. This symbol is widely recognized and used to indicate that the bottle is recyclable. The presence of this label suggests an emphasis on environmental consciousness and recycling practices. It's a small but important detail that aligns with efforts to promote sustainability and proper waste management.","The label in the red circle on the water bottle is a ""Recycle"" symbol. This symbol is widely recognized and used to indicate that the bottle is recyclable. The presence of this label suggests an emphasis on environmental responsibility and recycling, which is often seen in modern contexts to promote sustainability."
budget=4096_info_density_delay0_thumbattn,146,0.9975653886795044,0.9443237781524658,0.9514780640602112,0.9478874802589417,"The Chinese text in the red rectangle reads ""南福同"" (Nán Fú Tóng). This phrase doesn't directly translate to a meaningful English phrase as it seems to be a proper noun, possibly the name of a place, business, or market. The characters individually translate to:

- 南 (Nán): South
- 福 (Fú): Blessing, fortune
- 同 (Tóng): Together, same

So, ""南福同"" could be interpreted as ""South Blessing Together"" or ""South Fortune Together,"" but it likely retains its original form as a name.","The Chinese text in the red rectangle reads ""南福同"" (Nán Fú Tóng). This phrase doesn't directly translate to a meaningful English phrase as it seems to be a proper noun, possibly the name of a place, business, or market stall. The characters individually translate to:

- �� (Nán): South
- ��� (Fú): Blessing, fortune
- �� (Tóng): Together, same

So, ""南福同"" could be interpreted as ""South Blessing Together"" or ""South Fortune Together,"" but it likely retains its original form as a name."
budget=4096_info_density_delay0_thumbattn,147,0.7730482816696167,0.6429501175880432,0.6295686960220337,0.6361890435218811,"The two numbered locations that belong to the same country are:

- **1** (near the center, in the region of Xinjiang, China)
- **2** (southeast of location 1, in the region of Tibet, China)

Both locations are in China.","The two locations marked with numbers on this map are both in China. The left red circle (number 1) is located in the Xinjiang region in the northwest, while the right red circle (number 2) is in the Gansu province, also in northwest China. Both areas are part of the vast and diverse territory of China."
budget=4096_info_density_delay0_thumbattn,148,0.8364835977554321,0.843694269657135,0.6973972320556641,0.7636017203330994,"The two numbered locations that belong to the same country are:

1. Location 3
2. Location 4

Both are in China.",The two numbered locations that belong to the same country are 11 and 12. Both are located in Pakistan.
budget=4096_info_density_delay0_thumbattn,149,0.8636689186096191,0.6795641779899597,0.794902503490448,0.7327222228050232,"The two numbered locations that belong to the same country are:

- Location 1 and Location 2, which are both in China.","The two numbered locations that belong to the same country are:

1. Location 2, in Central Asia, which is in Kazakhstan.
2. Location 4, also in Central Asia, which is also in Kazakhstan."
budget=4096_info_density_delay0_thumbattn,150,0.7882915735244751,0.6474664211273193,0.5739741325378418,0.6085093021392822,"The two numbered locations that belong to the same country are:

- **1** and **2**: Both are in China.
- **3** and **4**: Both are in Russia.

However, since the question asks for only one pair, you can choose either pair. If you need a specific pair, please let me know!","The two numbered locations that belong to the same country are:

1. Location 2 in Myanmar (Burma)
2. Location 4 in Myanmar (Burma)

Both are within the borders of Myanmar in Southeast Asia."
budget=4096_info_density_delay0_thumbattn,151,0.9786909818649292,0.9678285717964172,0.9844651222229004,0.9760760068893433,The two numbered locations that belong to the same country are 2 and 3. Both are located in Japan.,The two numbered locations that belong to the same country are numbers 2 and 4. Both are located in Japan.
budget=4096_info_density_delay0_thumbattn,152,0.992113471031189,0.974625289440155,0.9913097023963928,0.9828967452049255,The two numbered locations that belong to the same country are 2 and 3. Both are located in Turkey.,The two numbered locations that belong to the same country are numbers 2 and 3. Both are located in Turkey.
budget=4096_info_density_delay0_thumbattn,153,0.9288883209228516,0.9908736348152161,0.9908735156059265,0.9908735752105713,The two numbered locations that belong to the same country are numbers 2 and 3. Both are located in Russia.,The two numbered locations that belong to the same country are numbers 2 and 3. Both are located in Japan.
budget=4096_info_density_delay0_thumbattn,154,0.7888317704200745,0.8062033653259277,0.6049119830131531,0.691200852394104,"The two numbered locations that belong to the same country are:

- Location 2 (Iceland)
- Location 3 (Greenland)

Both are part of Denmark.","The two numbered locations that belong to the same country are numbers 2 and 3, which are both in Turkey."
budget=4096_info_density_delay0_thumbattn,155,0.8411487340927124,0.7350020408630371,0.4819759130477905,0.5821852087974548,"The two numbered locations that belong to the same country are:

- Location 3: This is in Central America, specifically in Nicaragua.
- Location 4: This is in North America, specifically in Alaska, USA.

However, upon closer inspection, it appears that Locations 3 and 4 do not belong to the same country. Let's reassess:

- Location 1 and Location 2 are both in Russia. 

So, the correct answer is that Locations 1 and 2 belong to the same country, Russia.","The two numbered locations that belong to the same country are numbers 2 and 3, both of which are in Russia."
budget=4096_info_density_delay0_thumbattn,156,0.8595242500305176,0.9339308738708496,0.9279968738555908,0.9309543967247009,"The two numbered locations that belong to the same country are:

- Location 1 and Location 2, which are both in Russia.","The two numbered locations that belong to the same country are:

- Location 1 and Location 4, both in Mexico."
budget=4096_info_density_delay0_thumbattn,157,0.8434844017028809,0.5889883637428284,0.804314911365509,0.6800129413604736,The two numbered locations that belong to the same country are 3 and 4. Both are in Russia.,"The two numbered locations that belong to the same country are both in Russia. Location 1 is on the island of Olkhon in Lake Baikal, and location 2 is in the Sakha Republic (Yakutia), near the Verkhoyansk region. Both areas are part of Russia."
budget=4096_info_density_delay0_thumbattn,158,0.8513845801353455,0.7489597797393799,0.5646607875823975,0.6438818573951721,"The two numbered locations that belong to the same country are:

- Location 1: This is in Central America, specifically in Nicaragua.
- Location 4: This is also in Central America, specifically in Costa Rica.

Both locations are in the Central American region, which is part of the Americas.","The two numbered locations that belong to the same country are numbers 3 and 4, both of which are in Mexico."
budget=4096_info_density_delay0_thumbattn,159,1.0000001192092896,1.0000001192092896,1.0000001192092896,1.0000001192092896,The red rectangle highlights the face of George Washington on Mount Rushmore.,The red rectangle highlights the face of George Washington on Mount Rushmore.
budget=4096_info_density_delay0_thumbattn,160,0.9816904664039612,0.9728341102600098,0.9728341102600098,0.9728341102600098,The red rectangle highlights the face of Abraham Lincoln on Mount Rushmore.,The red rectangle on Mount Rushmore highlights the face of Abraham Lincoln.
budget=4096_info_density_delay0_thumbattn,161,1.0000001192092896,1.000000238418579,1.000000238418579,1.000000238418579,The red rectangle on Mount Rushmore highlights the face of Abraham Lincoln.,The red rectangle on Mount Rushmore highlights the face of Abraham Lincoln.
budget=4096_info_density_delay0_thumbattn,162,0.8545973896980286,0.9527608156204224,0.9527608156204224,0.9527608156204224,The red rectangle highlights the face of George Washington on Mount Rushmore.,The red rectangle on Mount Rushmore highlights the face of Abraham Lincoln.
budget=4096_info_density_delay0_thumbattn,163,1.0000001192092896,1.0000001192092896,1.0000001192092896,1.0000001192092896,The red rectangle highlights the face of George Washington on Mount Rushmore.,The red rectangle highlights the face of George Washington on Mount Rushmore.
budget=4096_info_density_delay0_thumbattn,164,1.0,1.0000001192092896,1.0000001192092896,1.0000001192092896,The red rectangle highlights the face of Thomas Jefferson on Mount Rushmore.,The red rectangle highlights the face of Thomas Jefferson on Mount Rushmore.
budget=4096_info_density_delay0_thumbattn,165,0.8807297945022583,0.9792441129684448,0.9792441129684448,0.9792441129684448,The red rectangle highlights the face of George Washington on Mount Rushmore.,The red rectangle highlights the face of Abraham Lincoln on Mount Rushmore.
budget=4096_info_density_delay0_thumbattn,166,1.0,1.0000001192092896,1.0,1.0000001192092896,The red rectangle on Mount Rushmore highlights the face of Thomas Jefferson.,The red rectangle on Mount Rushmore highlights the face of Thomas Jefferson.
budget=4096_info_density_delay0_thumbattn,167,0.9999999403953552,0.9999999403953552,0.9999999403953552,0.9999999403953552,97,97
budget=4096_info_density_delay0_thumbattn,168,0.4809422194957733,0.517571210861206,0.6585137844085693,0.5795971751213074,57,41.5
budget=4096_info_density_delay0_thumbattn,169,0.9999999403953552,0.9999999403953552,0.9999999403953552,0.9999999403953552,97,97
budget=4096_info_density_delay0_thumbattn,170,0.4264478385448456,0.6089577674865723,0.4807639718055725,0.537320613861084,44.5,31
budget=4096_info_density_delay0_thumbattn,171,0.9999999403953552,0.9999999403953552,0.9999999403953552,0.9999999403953552,97,97
budget=4096_info_density_delay0_thumbattn,172,0.9208099842071533,0.9604625105857849,0.9604625105857849,0.9604625105857849,51.5,54.5
budget=4096_info_density_delay0_thumbattn,173,0.7045742273330688,0.8281034231185913,0.8281034231185913,0.8281033635139465,97,105
budget=4096_info_density_delay0_thumbattn,174,0.4983670115470886,0.682805597782135,0.5152605772018433,0.5873177647590637,46.5,62
budget=4096_info_density_delay0_thumbattn,175,0.6307940483093262,0.77166348695755,0.77166348695755,0.77166348695755,94,169
budget=4096_info_density_delay0_thumbattn,176,0.8536999225616455,0.9590156078338623,0.9590156078338623,0.9590156078338623,61.5,47.5
budget=4096_info_density_delay0_thumbattn,177,0.5889550447463989,0.6803115606307983,0.573158860206604,0.6221552491188049,"The image does not show a flag, so I can't determine its color.",The flag is red and white.
budget=4096_info_density_delay0_thumbattn,178,1.000000238418579,1.0,1.0,1.0,The car is red.,The car is red.
budget=4096_info_density_delay0_thumbattn,179,0.9196017384529114,0.9187310934066772,0.8753237724304199,0.8965023159980774,"There is no house visible in the image. The landscape features rocky cliffs, a flat plain with some water pools, and distant mountains.","There is no house in the image. The landscape features rocky cliffs, a black sand beach, and distant mountains."
budget=4096_info_density_delay0_thumbattn,180,1.0,0.9999998807907104,0.9999998807907104,0.9999998807907104,There are two people in the boat.,There are two people in the boat.
budget=4096_info_density_delay0_thumbattn,181,0.9337320327758789,0.8530113101005554,0.9390118718147278,0.893947958946228,"There isn't a car visible in the image. The picture shows a coastal landscape with cliffs, water, and some vegetation.","There isn't a car in the image. The picture shows a coastal landscape with two large rock formations in the water, some vegetation in the foreground, and a clear blue sky."
budget=4096_info_density_delay0_thumbattn,182,0.9948873519897461,0.9633593559265137,0.967110276222229,0.96523118019104,"The person is carrying a golf bag, which is prominently visible in the image. The golf bag contains several golf clubs, and the person is also wearing a glove on one hand, which is typical equipment for a golfer.","The person is carrying a golf bag, which is prominently visible in their possession. The golf bag contains several golf clubs, and the person is also wearing a glove on one hand, which is typical equipment for a golfer."
budget=4096_info_density_delay0_thumbattn,183,1.0,1.0,1.0,1.0,"The flag on the left is the flag of Germany. It features three horizontal bands of black, red, and yellow.","The flag on the left is the flag of Germany. It features three horizontal bands of black, red, and yellow."
budget=4096_info_density_delay0_thumbattn,184,0.9333277940750122,0.8960793018341064,0.8336989879608154,0.8637643456459045,"The flag on the right is the flag of Bavaria, representing the German federal state of Bavaria (Bayern). The flag features a blue and white diagonal division, with a white ""B"" on a blue background in the upper left corner, symbolizing the historical connection to the Babenberg family.","The flag on the right is the flag of Bavaria, representing the German federal state of Bavaria. The flag features a blue and white diagonal division, with a white square in the blue section containing a stylized letter ""B"" in black."
budget=4096_info_density_delay0_thumbattn,185,0.9300585985183716,0.7091234922409058,0.8578281402587891,0.7764197587966919,"The ship in the image displays the flag of the Netherlands. The flag features horizontal stripes of red, white, and blue, which are the colors of the Dutch national flag. This indicates that the naval ship belongs to the Netherlands.","The ship in the image displays the flag of the Netherlands. The flag features horizontal stripes of red, white, and blue, which are the colors of the Dutch national flag. Naval ships often fly their country's flag prominently, especially when docked or participating in international events. The Netherlands has a strong maritime tradition, and its navy plays a crucial role in regional and global security."
budget=4096_info_density_delay0_thumbattn,186,0.8735415935516357,0.7096522450447083,0.7087247371673584,0.7091882228851318,"The license plate on the vehicle in the image provides a clue to the country of registration. Let's break down the details:

1. **License Plate Format**: The license plate reads ""FK-879"". This format, with a letter followed by a combination of numbers and letters, is common in several countries.

2. **Region Clue**: The letter ""F"" often indicates a specific region within a country. In many European countries, the first letter of the license plate denotes the region where the vehicle was registered.

3. **Country Identification**: The combination ""FK"" is specific to Faroe Islands. The Faroe Islands is a self-governing territory within the Kingdom of Denmark, and ""FK"" is the code used for vehicles registered there.

Therefore, the license plate ""FK-879"" indicates that the vehicle is registered in the Faroe Islands. This conclusion is supported by the distinctive alphanumeric format used by Faroe Islands for vehicle registration plates.","The license plate on the vehicle in the image provides a clue to its registration. The license plate reads ""FK-873."" The format and the letters and numbers can help determine the country.

1. **Format Analysis**: The format ""FK-873"" is reminiscent of Icelandic license plates. In Iceland, license plates typically start with two letters followed by three numbers.

2. **Region Code**: The combination ""FK"" is specific to Iceland. Each region or municipality in Iceland has its unique code. ""FK"" corresponds to the region of ��órsmörk in the South West Region (Vesturlands).

3. **Country Confirmation**: Given the distinctive combination and the format, it is logical to conclude that the vehicle is registered in Iceland.

4. **Environmental Context**: The landscape in the image, featuring volcanic terrain and mountains, also aligns with Iceland's geography, further supporting this conclusion.

Therefore, the license plate is registered in Iceland."
budget=4096_info_density_delay0_thumbattn,187,0.955514669418335,0.9523898363113403,0.9685987830162048,0.9604259133338928,"The square white adapter in the image is an Apple USB-C adapter. Apple was founded by Steve Jobs, Steve Wozniak, and Ronald Wayne.","The square white adapter in the image is an Apple USB power adapter. Apple Inc. was founded by Steve Jobs, Steve Wozniak, and Ronald Wayne."
budget=4096_info_density_delay0_thumbattn,188,0.9947960376739502,0.9490667581558228,0.978546142578125,0.9635810256004333,"The image shows an industrial waterfront scene with silos, conveyor structures, and buildings. There is no blue backpack or airplane visible in the image. Therefore, I can't determine the position of a blue backpack relative to an airplane.","The image shows an industrial waterfront scene with large silos, conveyor structures, and a body of water. There is no blue backpack or airplane visible in the image. Therefore, I can't determine the position of a blue backpack relative to an airplane."
budget=4096_info_density_delay0_thumbattn,189,0.722543478012085,0.6423941254615784,0.3511025309562683,0.45404520630836487,"To determine the position of the blue backpack relative to the umbrella, let's carefully observe the image.

1. **Identify the Umbrella**: The umbrella is located on the bridge in the foreground, slightly to the left side of the image. It is being held by a person standing on the bridge.

2. **Identify the Blue Backpack**: The blue backpack is situated on the ground near the rocks at the base of the castle, closer to the right side of the image.

3. **Compare Positions**:
   - The umbrella is positioned higher up, as it is on the bridge, while the blue backpack is on the ground level near the rocks.
   - The umbrella is more towards the left side of the image, whereas the blue backpack is more towards the right side.

4. **Relative Position**: The blue backpack is located to the right and below the position of the umbrella when viewed from the perspective of the image.

In summary, the blue backpack is situated to the right and below the umbrella.",The blue backpack is to the right of the umbrella.
budget=4096_info_density_delay0_thumbattn,190,1.0,0.9999997615814209,0.9999997615814209,0.9999997615814209,The blue backpack is positioned to the right of the wooden box.,The blue backpack is positioned to the right of the wooden box.
budget=4096_info_density_delay0_thumbattn,191,1.000000238418579,1.0,0.9999999403953552,0.9999999403953552,The wooden jewelry box is positioned to the right of the clock.,The wooden jewelry box is positioned to the right of the clock.
budget=4096_info_density_delay0_thumbattn,192,1.0,1.0,1.0,1.0,There are two chairs in the image.,There are two chairs in the image.
budget=4096_info_density_delay0_thumbattn,193,0.7558645606040955,0.7904601097106934,0.934277355670929,0.8563726544380188,The chairs are facing towards the window.,"The chairs are facing away from the viewer, positioned against the wall near the window."
budget=4096_info_density_delay0_thumbattn,194,0.9756634831428528,0.941753625869751,0.9832121133804321,0.9620363712310791,The blue backpack is to the left of the warning sign.,The blue backpack is positioned to the left of the warning sign.
budget=4096_info_density_delay0_thumbattn,195,0.7418297529220581,0.585067868232727,0.7770130634307861,0.6675159335136414,"The black car is positioned to the left of the tram when facing down the street. It is parked along the side of the road, while the tram is traveling down the center of the street.","In the image, the black car is positioned to the right of the tram. The tram is in the center of the street, moving along the tracks, and the black car is adjacent to it on the tram's right side. The car appears to be stopped or moving very slowly, allowing the tram to pass by. The scene is bustling with activity, as there are numerous people walking along the sidewalks and various market stalls lining the street. The tram is a prominent feature, with its distinct design and the number ""23"" displayed on the front. The market area is vibrant, with red and blue umbrellas providing shade for the vendors and shoppers. The overall atmosphere is lively and busy, typical of a bustling urban market street."
budget=4096_info_density_delay0_thumbattn,196,1.0000001192092896,0.9999997615814209,0.9999997615814209,0.9999997615814209,There are three people in the image.,There are three people in the image.
budget=4096_info_density_delay0_thumbattn,197,0.8004469275474548,0.9927067756652832,0.9927067756652832,0.9927067756652832,There are five people in the image.,There are four people in the image.
budget=4096_info_density_delay0_thumbattn,198,0.8134293556213379,0.917775571346283,0.8623775839805603,0.8892146348953247,"There are two people in the image. One person is prominently visible sitting in the foreground, wearing a hat and a brown outfit. Another person can be seen in the background, partially obscured and out of focus.","There are two people in the image. One person is prominently featured in the foreground, sitting and smiling, while the other person is partially visible in the background."
budget=4096_info_density_delay0_thumbattn,199,0.9102344512939453,0.7086367607116699,0.7453083992004395,0.7265101075172424,"The boat is located further out in the water, to the left side of the image, while the buildings are situated on the rocky outcrop to the right. So, the boat is to the left and somewhat in front of the buildings.","The boat is in the water near the shore, while the buildings are situated on the land further inland, to the right side of the image. The boat appears to be closer to the left side of the image, with the buildings positioned more towards the right, on a raised area."
budget=5120_info_density_delay0_thumbattn,0,1.0,1.0,1.0,1.0,The number displayed above the entrance is 27B.,The number displayed above the entrance is 27B.
budget=5120_info_density_delay0_thumbattn,1,1.0000001192092896,1.0000004768371582,1.0000004768371582,1.0000004768371582,The mailbox is blue.,The mailbox is blue.
budget=5120_info_density_delay0_thumbattn,2,1.0,0.9999998807907104,0.9999998807907104,0.9999998807907104,The mailbox is on the right side of the woman.,The mailbox is on the right side of the woman.
budget=5120_info_density_delay0_thumbattn,3,1.0000001192092896,0.9999998807907104,0.9999998211860657,0.9999998211860657,"The white board in front of the girl in purple shorts has the text ""ETLE VATE"" written on it.","The white board in front of the girl in purple shorts has the text ""ETLE VATE"" written on it."
budget=5120_info_density_delay0_thumbattn,4,0.9908837676048279,0.9651100635528564,0.9827992916107178,0.9738743901252747,"The text on the blue golf ball holder reads ""Multi-use"".","The text written on the blue golf ball holder is ""Multi-use""."
budget=5120_info_density_delay0_thumbattn,5,1.0000001192092896,1.0000001192092896,1.0000001192092896,1.0000001192092896,The golf ball holder is brown.,The golf ball holder is brown.
budget=5120_info_density_delay0_thumbattn,6,0.956861138343811,0.9253906011581421,0.9637193083763123,0.9441661834716797,The license plate number of the car is FK873.,The license plate number of the car is FK18 T73.
budget=5120_info_density_delay0_thumbattn,7,0.9999999403953552,0.9999999403953552,0.9999998807907104,0.9999999403953552,The person is sitting on the driver's side of the car.,The person is sitting on the driver's side of the car.
budget=5120_info_density_delay0_thumbattn,8,0.9746999144554138,0.9003966450691223,0.8868591785430908,0.8935766816139221,"The water bottle is placed on a small ledge or table in front of the person, to their right side (on the left side of the image).","The water bottle is placed on a small ledge or table in front of the person, to their right side (viewer's left side)."
budget=5120_info_density_delay0_thumbattn,9,0.7892309427261353,0.9222773313522339,0.9312667846679688,0.9267502427101135,"The brand mentioned on the black rectangular device located at the left of the image is ""SanDisk.""","The brand mentioned on the black rectangular device located at the left of the image is ""INSIGNIA."""
budget=5120_info_density_delay0_thumbattn,10,1.0000001192092896,1.0,1.0,1.0,"The text written above the logo on the jacket's sleeve is ""epicmix.""","The text written above the logo on the jacket's sleeve is ""epicmix."""
budget=5120_info_density_delay0_thumbattn,11,0.9410923719406128,0.7506649494171143,0.8639981150627136,0.8033540844917297,"The person in the background is wearing gloves that appear to be work gloves. They are likely designed for manual labor or outdoor activities, given their sturdy look.","The person in the background appears to be wearing gloves that look like they could be work or outdoor gloves. They might be designed for activities that require grip and protection, such as gardening, construction, or other manual tasks. The exact type isn't clear, but they seem practical and sturdy."
budget=5120_info_density_delay0_thumbattn,12,1.0000001192092896,1.000000238418579,1.000000238418579,1.000000238418579,The person is standing to the right of the recycle bin.,The person is standing to the right of the recycle bin.
budget=5120_info_density_delay0_thumbattn,13,0.9770845174789429,0.9897893667221069,0.9693424701690674,0.9794592261314392,"The number written on the sign in the background is ""08-26"".",The number written on the sign in the background is 08-26.
budget=5120_info_density_delay0_thumbattn,14,0.6015287041664124,0.8177633285522461,0.6194902658462524,0.7049506902694702,"The image shows a person standing among ancient stone ruins, taking a photograph. There is a small sign visible on one of the walls in the background. The sign appears to be **yellow**.",The sign in the image is yellow.
budget=5120_info_density_delay0_thumbattn,15,0.9999999403953552,0.9999997615814209,0.9999997615814209,0.9999997615814209,The umbrella in the image is blue.,The umbrella in the image is blue.
budget=5120_info_density_delay0_thumbattn,16,0.9985344409942627,0.980933427810669,0.9773268699645996,0.9791268706321716,"The image shows the interior of a grand cathedral with Gothic architectural features, including vaulted ceilings, stained glass windows, and ornate decorations. There is a framed poster on the wall to the right side of the image, near the back of the cathedral.

The title of the framed poster is not clearly visible in the image provided. The text on the poster is too small and indistinct to be read accurately from this perspective. Therefore, I'm unable to provide the specific title of the poster.","The image shows the interior of a grand cathedral with Gothic architectural features, including vaulted ceilings, stained glass windows, and ornate decorations. There is a framed poster on the wall to the right side of the image, near the back of the cathedral.

The title of the framed poster is not clearly visible in the image provided. The text on the poster is too small and indistinct to be read accurately. Therefore, I'm unable to provide the specific title of the poster from this image."
budget=5120_info_density_delay0_thumbattn,17,0.9029606580734253,0.9531593918800354,0.9531593322753906,0.9531593918800354,"The barge on the left side of the image is named ""Petrol Land.""","The barge on the left side of the image is named ""Petrolina."""
budget=5120_info_density_delay0_thumbattn,18,0.7031087279319763,0.993005096912384,0.993005096912384,0.993005096912384,"The neon ""OPEN"" sign hanging above the items for sale is red.","The neon ""OPEN"" sign hanging above the items for sale is green."
budget=5120_info_density_delay0_thumbattn,19,1.0000001192092896,0.9999999403953552,1.0,0.9999999403953552,"The road sign directly below the American flag reads ""One Way.""","The road sign directly below the American flag reads ""One Way."""
budget=5120_info_density_delay0_thumbattn,20,1.0,1.0000001192092896,1.0000001192092896,1.0000001192092896,"The number written on the front of the train is ""401 132-5"".","The number written on the front of the train is ""401 132-5""."
budget=5120_info_density_delay0_thumbattn,21,0.9382767081260681,0.8433675169944763,0.9168457984924316,0.878572940826416,"In the image, there are three dogs being walked. They are accompanied by a person wearing a red jacket. The setting is a park with a large tree and a hedge in the background under a clear blue sky.","In the image, there are three dogs being walked. They are accompanied by a person wearing a red jacket. The setting appears to be a park or a similar open area with a large tree and a hedge in the background. The autumn foliage adds a beautiful, colorful backdrop to the scene."
budget=5120_info_density_delay0_thumbattn,22,1.0,1.0000001192092896,1.0000001192092896,1.0000001192092896,There isn't a bike visible in the image.,There isn't a bike visible in the image.
budget=5120_info_density_delay0_thumbattn,23,0.9743140935897827,0.8314628601074219,0.7877662181854248,0.8090249300003052,"The image shows a tall, cylindrical building with a distinctive geometric pattern on its facade, situated next to a body of water. The building appears to be part of a modern architectural complex, with other structures nearby.

As for the shape of the signboard attached to the building, there isn't a clear or visible signboard in the image provided. The photograph mainly focuses on the cylindrical building and its surroundings, but does not distinctly feature any signboard that can be described in terms of shape. 

If you are referring to a specific signboard that might be present but not easily discernible in this image, additional details or a different image might be needed to accurately describe its shape.","The image shows a tall, cylindrical building with a distinctive geometric pattern on its facade, situated next to a body of water. The building appears to be part of a modern architectural complex, with other structures nearby.

As for the shape of the signboard attached to the building, there isn't a clearly visible signboard in this image. If you're referring to a specific part of the building or another signboard that might be present but not easily discernible, could you provide more details? This would help me give a more accurate description."
budget=5120_info_density_delay0_thumbattn,24,0.6084498763084412,0.8454721570014954,0.6019229888916016,0.7032068967819214,"The text on the signboard in the image reads ""Museum für Fotografie"" which translates to ""Photography Museum"" in English.","The text on the signboard in the image reads ""MAG."""
budget=5120_info_density_delay0_thumbattn,25,0.9788405299186707,0.9791579842567444,0.984528660774231,0.9818359613418579,"The orange building is located to the left of the cylindrical green building when facing the image. The cylindrical green building stands prominently on the right side, while the orange building is positioned further back and to the left, closer to the riverbank.","The orange building is located to the left of the cylindrical green building when facing the image. The cylindrical green building stands prominently on the right side, while the orange building is positioned further back and slightly to the left, closer to the water's edge."
budget=5120_info_density_delay0_thumbattn,26,0.6283648014068604,0.5841672420501709,0.7812941670417786,0.6685014367103577,"The name of the place mentioned on the signboard above the left door is ""Abri de Pataud.""","The signboard above the left door reads ""pinetaud."" This could be the name of the place, possibly indicating a business, residence, or establishment located in this picturesque setting. The surrounding area, with its stone buildings and natural rock formations, adds to the charm and character of the location."
budget=5120_info_density_delay0_thumbattn,27,0.9999999403953552,1.000000238418579,1.0000001192092896,1.0000001192092896,The man wearing a yellow shirt is not carrying a backpack in the image.,The man wearing a yellow shirt is not carrying a backpack in the image.
budget=5120_info_density_delay0_thumbattn,28,0.7169374227523804,0.5049554109573364,0.7368168830871582,0.5992397665977478,The girl wearing a blue top is sitting on the left side of the man wearing a yellow shirt.,"The girl wearing a blue top is sitting on the left side of the man wearing a yellow shirt. 

To break it down logically:
1. The man in the yellow shirt is positioned slightly to the right of the girl in the blue top.
2. Observing their relative positions, it's clear the girl in the blue top is seated to the left of the man in the yellow shirt."
budget=5120_info_density_delay0_thumbattn,29,1.0,1.0,1.0,1.0,The clock shows a time of approximately 6:10.,The clock shows a time of approximately 6:10.
budget=5120_info_density_delay0_thumbattn,30,1.0,1.0,1.0,1.0,The river is flowing from the bottom right to the top left relative to the clock tower.,The river is flowing from the bottom right to the top left relative to the clock tower.
budget=5120_info_density_delay0_thumbattn,31,0.8240732550621033,0.7038410902023315,0.8104047775268555,0.7533732652664185,"In the middle of the water, there is a small, circular platform with a yellow railing and a bench. It appears to be a spot for relaxing or enjoying the view.","In the middle of the water, there is a small, circular platform with a yellow railing. At the center of this platform, there appears to be a small, decorative structure or light fixture. The platform is surrounded by the water and is connected to the nearby wooden walkway via a short bridge or passage. This setup provides a focal point in the scene and adds an element of interest to the tranquil water setting."
budget=5120_info_density_delay0_thumbattn,32,0.9999999403953552,1.0,1.0,1.0,The speed limit indicated by the sign in the image is 20 km/h.,The speed limit indicated by the sign in the image is 20 km/h.
budget=5120_info_density_delay0_thumbattn,33,1.0000001192092896,0.9999998211860657,0.9999998807907104,0.9999998211860657,The year inscribed on the sundial is 1762.,The year inscribed on the sundial is 1762.
budget=5120_info_density_delay0_thumbattn,34,0.8289326429367065,0.8083282709121704,0.8228930234909058,0.8155456185340881,"The message on the sign reads ""KHU VUC CO BAN NGHEM KHOANG 10 PHUT."" This translates from Vietnamese to ""Please stay for at least 10 minutes.""","The message on the sign reads ""KHU VUC CO BAN NGHIEM KHONG LAY BAO"". This translates from Vietnamese to ""This area is under protection. Do not pick or take."""
budget=5120_info_density_delay0_thumbattn,35,1.000000238418579,0.9999998211860657,0.9999998807907104,0.9999998211860657,The hazard numbers on the left side storage container's label are 1 and 2.,The hazard numbers on the left side storage container's label are 1 and 2.
budget=5120_info_density_delay0_thumbattn,36,1.0,1.0,0.9999999403953552,0.9999999403953552,"The ""1"" on the left side hazard label of the storage container is black.","The ""1"" on the left side hazard label of the storage container is black."
budget=5120_info_density_delay0_thumbattn,37,0.5389934182167053,0.9634612798690796,0.9634613394737244,0.9634613394737244,The surveillance camera is black.,The surveillance camera is green.
budget=5120_info_density_delay0_thumbattn,38,0.5910896062850952,0.797167181968689,0.8822819590568542,0.8375678062438965,"The text on the sign attached to the wall of the building reads ""San Francisco.""","The text on the sign attached to the wall of the building reads ""No Stopping Anytime."""
budget=5120_info_density_delay0_thumbattn,39,0.9289847016334534,0.8033140897750854,0.8713287115097046,0.8359402418136597,"There isn't a car clearly visible in the image. The scene shows a town with buildings, a bridge, and a river.","There doesn't appear to be any car prominently visible in the image. The scene shows a picturesque town with buildings, a bridge, and a river, but no car is clearly discernible."
budget=5120_info_density_delay0_thumbattn,40,0.791496992111206,0.8700557947158813,0.7941005825996399,0.8303447961807251,The girl on the raft is wearing a pink shirt.,The girl's shirt is pink.
budget=5120_info_density_delay0_thumbattn,41,0.6547940969467163,0.5773119926452637,0.7496685981750488,0.6522969007492065,The car in the image appears to be white.,"There isn't a car visible in the image. The scene shows a body of water with boats, a dock, and a traditional building surrounded by trees and mountains."
budget=5120_info_density_delay0_thumbattn,42,1.0,0.9999998807907104,0.9999998807907104,0.9999998807907104,The person in the image is wearing a dark-colored jacket.,The person in the image is wearing a dark-colored jacket.
budget=5120_info_density_delay0_thumbattn,43,0.6344296932220459,0.6973648071289062,0.607833743095398,0.6495285630226135,"The image shows a cityscape with a waterfront and a large Ferris wheel. There is a building with a flag on the left side of the image. The flag appears to be dark in color, likely blue or black, but the exact color is difficult to determine due to the distance and lighting.","The flag in the image is not clearly visible, so I can't determine its color."
budget=5120_info_density_delay0_thumbattn,44,0.9999999403953552,1.0000001192092896,1.000000238418579,1.0000001192092896,"The street sign on the pole near the center bottom of the image indicates ""Michigan Ave.""","The street sign on the pole near the center bottom of the image indicates ""Michigan Ave."""
budget=5120_info_density_delay0_thumbattn,45,0.6851617097854614,0.9801036715507507,0.9801037311553955,0.9801036715507507,The number written on the boat is 6.,The number written on the boat is 34.
budget=5120_info_density_delay0_thumbattn,46,1.0,1.0000001192092896,1.0000001192092896,1.0000001192092896,The person in the image is wearing a blue shirt.,The person in the image is wearing a blue shirt.
budget=5120_info_density_delay0_thumbattn,47,1.0,0.9999998807907104,0.9999998807907104,0.9999998807907104,The flag appears to be white.,The flag appears to be white.
budget=5120_info_density_delay0_thumbattn,48,0.8478673100471497,0.9364092350006104,0.8740257024765015,0.9041426777839661,The figurine on the shelf is wearing a uniform that appears to be gold or brass in color.,The figurine on the shelf is wearing a uniform that appears to be white.
budget=5120_info_density_delay0_thumbattn,49,1.0,1.0,1.0,1.0,The visible vehicle in the image is white.,The visible vehicle in the image is white.
budget=5120_info_density_delay0_thumbattn,50,1.0000001192092896,0.9999996423721313,0.9999996423721313,0.9999996423721313,The climber's hat is red.,The climber's hat is red.
budget=5120_info_density_delay0_thumbattn,51,1.0000001192092896,0.9999999403953552,0.9999999403953552,0.9999999403953552,The trailer in the image is orange.,The trailer in the image is orange.
budget=5120_info_density_delay0_thumbattn,52,0.9999999403953552,1.000000238418579,1.000000238418579,1.000000238418579,The phone number on the boat is 0753 82 188.,The phone number on the boat is 0753 82 188.
budget=5120_info_density_delay0_thumbattn,53,1.0000001192092896,0.9999998807907104,0.9999998807907104,0.9999998807907104,The motorcycle is red.,The motorcycle is red.
budget=5120_info_density_delay0_thumbattn,54,1.0,0.9999999403953552,0.9999999403953552,0.9999999403953552,"The title of the book displayed prominently on the stand is ""Polycarp.""","The title of the book displayed prominently on the stand is ""Polycarp."""
budget=5120_info_density_delay0_thumbattn,55,0.9192979335784912,0.7533430457115173,0.7767231464385986,0.7648544311523438,"The flowers in the image are red. They match the overall color scheme of the room, which features rich red wallpaper and curtains. The red flowers complement the luxurious and elegant decor of the space.","The flowers in the image are red. They are part of the intricate damask pattern on the wallpaper, which features large, ornate floral designs in a deep red color that complements the overall color scheme of the room."
budget=5120_info_density_delay0_thumbattn,56,1.0,1.000000238418579,1.0000001192092896,1.0000001192092896,The phone number listed on the building in the foreground is 206-441-5000.,The phone number listed on the building in the foreground is 206-441-5000.
budget=5120_info_density_delay0_thumbattn,57,0.9999999403953552,0.9999997615814209,0.9999997615814209,0.9999997615814209,The number written on the blue tag is 23.,The number written on the blue tag is 23.
budget=5120_info_density_delay0_thumbattn,58,1.0,0.9999998807907104,0.9999999403953552,0.9999999403953552,The registration number of the boat is TN-01-00026.,The registration number of the boat is TN-01-00026.
budget=5120_info_density_delay0_thumbattn,59,0.8143143653869629,0.893926739692688,0.7204934358596802,0.7978943586349487,"The flag flying on the top of the boat appears to have a combination of colors. The main part of the flag is red and yellow, with a black triangle on the hoist side. This suggests it might be the flag of Spain.","The flag flying on the top of the boat appears to be red, yellow, and black."
budget=5120_info_density_delay0_thumbattn,60,1.0,1.0000001192092896,1.0000001192092896,1.0000001192092896,The model number of the train shown in the image is 2001.,The model number of the train shown in the image is 2001.
budget=5120_info_density_delay0_thumbattn,61,1.0,1.0000001192092896,1.0,1.0000001192092896,The person in the image is wearing a blue shirt.,The person in the image is wearing a blue shirt.
budget=5120_info_density_delay0_thumbattn,62,1.0000001192092896,1.0000001192092896,1.0000001192092896,1.0000001192092896,"The sign above the parking garage entrance reads ""Public Parking.""","The sign above the parking garage entrance reads ""Public Parking."""
budget=5120_info_density_delay0_thumbattn,63,0.9243861436843872,0.8692877888679504,0.8639171123504639,0.866594135761261,"The image shows a ship docked at a port, and there is a vehicle parked nearby. The license plate of the vehicle is not clearly visible due to the angle and distance. Therefore, I can't determine the license plate number from this image.","The image shows a ship docked at a port with a person working alongside it. There is a vehicle parked nearby, but the license plate is not clearly visible or legible in the image. Therefore, I can't provide the license plate number."
budget=5120_info_density_delay0_thumbattn,64,0.9029359817504883,0.7821803092956543,0.7471274137496948,0.7642521858215332,"In the image, the person is standing on the dock next to the ship, while a car is parked on the right side of the dock, further away from the ship. The person appears to be closer to the ship than the car. Specifically, the person is positioned to the left of the car when facing the image. The person is also near the yellow gangway that leads from the dock to the ship.

So, relative to the car, the person is positioned more towards the left and closer to the ship.","In the image, the person is standing on the dock next to the ship, while a car is parked on the dock further to the right. The person appears to be closer to the ship and is positioned to the left of the car. The person is also near the yellow hose on the dock, while the car is situated near the building on the right side of the image. The person is facing the ship, whereas the car is parked perpendicular to the dock, facing the buildings."
budget=5120_info_density_delay0_thumbattn,65,1.0000001192092896,0.9999998211860657,0.9999998807907104,0.9999998211860657,The image does not show a car.,The image does not show a car.
budget=5120_info_density_delay0_thumbattn,66,0.744126558303833,0.9431811571121216,0.9701465964317322,0.9564738869667053,The person in the image is wearing white pants.,The person in the image is wearing dark-colored pants.
budget=5120_info_density_delay0_thumbattn,67,0.9389933943748474,0.7002832889556885,0.5832653641700745,0.6364402174949646,"The flag in the image appears to have multiple colors. From left to right, the colors seem to be:

1. Yellow
2. Blue
3. Red
4. Yellow
5. Green
6. Black
7. Red

This combination of colors is indicative of the Chilean flag.","The flag in the image appears to have multiple colors. It looks like it might be the Chilean flag, which typically features the colors red, blue, and white, with a yellow sun in the blue section."
budget=5120_info_density_delay0_thumbattn,68,1.0,1.000000238418579,1.000000238418579,1.000000238418579,The trash can in the image is black.,The trash can in the image is black.
budget=5120_info_density_delay0_thumbattn,69,1.0,0.9999998211860657,0.9999997615814209,0.9999998211860657,"There isn't a dog clearly visible in the image. If you're referring to a specific part of the image, please let me know!","There isn't a dog clearly visible in the image. If you're referring to a specific part of the image, please let me know!"
budget=5120_info_density_delay0_thumbattn,70,1.0000001192092896,0.9999999403953552,0.9999999403953552,0.9999999403953552,"The letters on the green trash bin are ""PET"".","The letters on the green trash bin are ""PET""."
budget=5120_info_density_delay0_thumbattn,71,0.7107179164886475,0.6510952711105347,0.5457453727722168,0.5937836766242981,"In the image, there is a black sign with yellow arrows. The arrows indicate directions. Specifically, the arrows on the sign are pointing to the right. This suggests that traffic or pedestrians should proceed in the direction the arrows are facing, which is towards the right side. The positioning of the sign and the arrows is crucial for guiding movement, whether it be vehicular or pedestrian traffic, ensuring an orderly flow in the designated direction.","The black sign in the image shows a red circle with a horizontal white bar, indicating ""no entry"" or ""do not enter."" There are no directional arrows on the sign."
budget=5120_info_density_delay0_thumbattn,72,1.0000001192092896,0.9999999403953552,0.9999999403953552,0.9999999403953552,"The text on the black sign reads ""ARCO DE POMPEI.""","The text on the black sign reads ""ARCO DE POMPEI."""
budget=5120_info_density_delay0_thumbattn,73,0.596874475479126,0.6034587025642395,0.8186154365539551,0.6947607398033142,The number on the rectangular white sign is 3.,"The image shows an ancient stone archway, and to the left of the arch, there is a rectangular white sign mounted on a stone pillar. The sign has black text on it, and the number on the sign is **13**."
budget=5120_info_density_delay0_thumbattn,74,1.0,1.000000238418579,1.000000238418579,1.000000238418579,"The text on the white building reads ""DB"".","The text on the white building reads ""DB""."
budget=5120_info_density_delay0_thumbattn,75,0.9042137861251831,0.7465391159057617,0.7657342553138733,0.756014883518219,"The building with a red and white striped antenna on its top is the one located towards the right side of the image, slightly to the center. It is a tall skyscraper with a cylindrical shape and a glass facade. The antenna stands out prominently against the clear blue sky. This distinctive feature helps in identifying the building amidst the cluster of modern high-rises.","The building with a red and white striped antenna on its top is the one located towards the right side of the image, slightly behind the cluster of taller buildings. It is a distinctive feature that stands out against the skyline. This antenna is often used for aviation safety, providing visual signals to pilots. The building itself appears to be part of a dense urban area, characterized by modern high-rise structures."
budget=5120_info_density_delay0_thumbattn,76,1.0,0.9999998807907104,0.9999998807907104,0.9999998807907104,The ceiling beams in the room are made of wood.,The ceiling beams in the room are made of wood.
budget=5120_info_density_delay0_thumbattn,77,0.9632107019424438,0.7919411063194275,0.857388973236084,0.8233664631843567,"The small stone cairn is located at the base of the waterfall, near the center of the image, close to where the water collects at the bottom.","The small stone cairn is located at the bottom of the waterfall, near the center of the image. It's situated on the rocky area just beneath the falls, surrounded by moss-covered rocks and logs."
budget=5120_info_density_delay0_thumbattn,78,0.9268341660499573,0.7517434358596802,0.7838528156280518,0.767462432384491,"In the image, there is a piece of cloth or a garment hanging on the wall inside the house, to the right side of the doorway. It appears to be draped over a hook or a similar fixture on the wall. The wall itself is painted in a greenish hue, and the doorway provides a glimpse into the interior space. The hanging cloth adds a touch of everyday life to the scene, suggesting that this is a lived-in and functional space.","In the image, there is a piece of cloth hanging on the wall inside the house, to the left side of the doorway. The wall itself appears aged and weathered, with patches of discoloration and wear, indicative of a structure that has seen many years. The cloth seems to be casually draped, suggesting it might be used for everyday purposes, perhaps as a garment or a towel. This small detail adds a touch of lived-in authenticity to the scene, hinting at the daily life and routines of the inhabitants."
budget=5120_info_density_delay0_thumbattn,79,1.0,1.0,1.0,1.0,"The object mounted on the wall in the background appears to be a small plaque or sign. Given the context of the image, which shows an architectural interior with columns and arches, it is likely that the plaque provides information about the historical or architectural significance of the location. It could contain details such as the name of the building, historical dates, or descriptions of the architectural style. However, the text on the plaque is not legible in the image, so the exact content cannot be determined.","The object mounted on the wall in the background appears to be a small plaque or sign. Given the context of the image, which shows an architectural interior with columns and arches, it is likely that the plaque provides information about the historical or architectural significance of the location. It could contain details such as the name of the building, historical dates, or descriptions of the architectural style. However, the text on the plaque is not legible in the image, so the exact content cannot be determined."
budget=5120_info_density_delay0_thumbattn,80,0.6838232278823853,0.7454381585121155,0.6086968779563904,0.6701633930206299,"The image doesn't show a cup, so I can't determine its color.",The cup in the image is white.
budget=5120_info_density_delay0_thumbattn,81,0.7591865062713623,0.8010051250457764,0.45137619972229004,0.5773875117301941,"The primary material of the cup lying on the ground appears to be paper or thin cardboard. This assessment is based on the following observations:

1. **Shape and Structure**: The cup has a typical cylindrical shape with a flat base, which is common for paper cups.
2. **Surface Texture**: The surface looks smooth and uniform, which is characteristic of paper or cardboard materials.
3. **Size and Proportion**: The cup seems relatively small, consistent with disposable paper cups often used for beverages.
4. **Context**: Given the outdoor setting and the presence of a graffiti wall, it's plausible that the cup is a piece of litter, which is commonly made from paper or cardboard.

Paper cups are often used for disposable purposes and are lightweight, making them easy to carry and discard, which aligns with the scenario depicted in the image.",The primary material of the cup lying on the ground appears to be plastic.
budget=5120_info_density_delay0_thumbattn,82,0.9846271276473999,0.9184257984161377,0.9014170169830322,0.9098418951034546,"The object located in the center of the grassy area is a statue. It appears to be a classical statue, possibly depicting historical or mythological figures, given the architectural style of the surrounding buildings. The statue is positioned on a pedestal, making it a focal point in the courtyard.","The object located in the center of the grassy area is a statue. It appears to be a classical statue, possibly depicting a historical or mythological figure. The statue is positioned on a pedestal and is surrounded by the expansive lawn, making it a focal point in the courtyard."
budget=5120_info_density_delay0_thumbattn,83,0.7619192600250244,0.6388123035430908,0.4577655494213104,0.5333433747291565,"The sign on the bridge indicates the direction towards Zaragoza. Given the context of the image, which shows a bridge over a body of water with a scenic landscape in the background, it's logical to assume that the sign is providing directions for travelers.

To determine the direction indicated on the sign:

1. **Observation**: The sign is likely placed on the side of the road or bridge, pointing in a specific direction.
2. **Contextual Clues**: Bridges often have directional signs to guide travelers to various destinations. If the sign is pointing towards Zaragoza, it would typically point in the general direction of travel to reach that city.

Considering these points, the direction indicated on the sign pointing towards Zaragoza would be towards the general direction you need to travel to reach Zaragoza from the current location. This is usually forward or to the side, depending on the layout of the road relative to the bridge.

Without the specific visual of the sign, it's reasonable to conclude that the sign points in the direction you would travel to head towards Zaragoza.","The image shows a bridge over a body of water with hills in the background. There isn't a visible sign indicating directions in the image, so I can't determine the direction to Zaragoza."
budget=5120_info_density_delay0_thumbattn,84,1.0,1.0000001192092896,1.0000001192092896,1.0000001192092896,The sign pointing towards Alocén indicates the direction to the left.,The sign pointing towards Alocén indicates the direction to the left.
budget=5120_info_density_delay0_thumbattn,85,0.6093145608901978,0.6975416541099548,0.9185872673988342,0.7929477691650391,There isn't a car visible in the image.,There isn't a car visible in the image. It shows a desert landscape with a distinctive tree and some rocks.
budget=5120_info_density_delay0_thumbattn,86,0.8497968912124634,0.7345728278160095,0.6572505831718445,0.6937639117240906,"The image shows a large, historic building with a green dome and several smaller domes, surrounded by trees and a park area. There is a street in front of the building with some people and vehicles.

There is no speed limit sign clearly visible in the image. Therefore, I can't determine the speed limit from this image.","The image shows a street scene with a large historic building, and there is a speed limit sign visible on the right side of the image near the road. The speed limit indicated on the sign is 30."
budget=5120_info_density_delay0_thumbattn,87,1.0,0.9999998807907104,0.9999998211860657,0.9999998211860657,The flag is red with a yellow star.,The flag is red with a yellow star.
budget=5120_info_density_delay0_thumbattn,88,1.0,0.9999997615814209,0.9999997615814209,0.9999997615814209,"The name written on the boat is ""Gondola.""","The name written on the boat is ""Gondola."""
budget=5120_info_density_delay0_thumbattn,89,1.0000001192092896,1.0,1.0,1.0,The speed limit sign indicates 30.,The speed limit sign indicates 30.
budget=5120_info_density_delay0_thumbattn,90,0.9999999403953552,0.9999997615814209,0.9999997615814209,0.9999997615814209,"The name written on the front of the boat is ""Freedom.""","The name written on the front of the boat is ""Freedom."""
budget=5120_info_density_delay0_thumbattn,91,0.6928104758262634,0.9106306433677673,0.7527525424957275,0.8241991400718689,"The flag in the image is red, white, and green, which are the colors of the Tunisian flag.",The flag in the image is red and white.
budget=5120_info_density_delay0_thumbattn,92,0.9868521094322205,0.8351465463638306,0.8705438375473022,0.8524779081344604,"The Royal Albert Hall is located to the left of the bus in the image. The bus is on the right side of the frame, moving along the road, while the Royal Albert Hall dominates the center and left portion of the image. The Hall's distinctive circular structure and illuminated facade are clearly visible, standing prominently in the scene.","The Royal Albert Hall is located to the left of the bus in the image. The bus is on the right side of the frame, moving along the road, while the Royal Albert Hall is prominently positioned in the center, occupying a significant portion of the image. The Hall's distinctive circular structure and illuminated facade make it a focal point, with the bus passing by in the foreground on the right side."
budget=5120_info_density_delay0_thumbattn,93,0.9710084795951843,0.8229581713676453,0.8756646513938904,0.8484936952590942,"The houses are located in the background, towards the right side of the image, nestled among the trees and slightly elevated compared to the tea fields in the foreground.","The houses are located in the background, nestled among the trees and slightly elevated compared to the tea fields. They are situated towards the right side of the image, beyond the expanse of the tea fields."
budget=5120_info_density_delay0_thumbattn,94,0.934069812297821,0.8218559622764587,0.8102517127990723,0.8160125613212585,"In the image, the white truck is positioned to the right of the trams. The trams are closer to the left side of the image, near the bridge and the people walking. The truck is situated further to the right, near the edge of the platform area in front of the large building.","The white truck is positioned to the right of the trams in the image. The trams are on the left side, and the truck is near the center-right part of the scene, close to the building labeled ""Amsterdam Centraal."""
budget=5120_info_density_delay0_thumbattn,95,0.9329485297203064,0.8073818683624268,0.7245710492134094,0.7637382745742798,"In the image, the red car is positioned to the left of the black car. The red car is closer to the foreground and is situated near the center-left part of the photo, while the black car is slightly behind and to the right of the red car, closer to the background. Both cars are parked near the building on the left side of the image.","In the image, the red car is positioned to the left of the black car. The cars are parked along the road near the building, with the red car slightly ahead of the black car when facing the building."
budget=5120_info_density_delay0_thumbattn,96,0.5703449249267578,0.45398226380348206,0.6306760907173157,0.5279372334480286,The pink banner is to the right of the green trash bin.,"The image shows a panoramic view of the Acropolis in Athens, Greece, with various ancient structures and modern buildings in the background. There is no pink banner or green trash bin visible in this image. The scene primarily features historical ruins, trees, and the cityscape of Athens.

If you have another image with a pink banner and a green trash bin, please provide it, and I'd be happy to help with the relative positions of those objects."
budget=5120_info_density_delay0_thumbattn,97,0.9403730034828186,0.8315993547439575,0.8316819667816162,0.8316406607627869,"In the image, the person wearing a light brown hat is positioned to the left of the person wearing a pink shirt. Both individuals appear to be exploring the ancient stone ruins, with the person in the light brown hat slightly ahead of the person in the pink shirt along the path. The person in the light brown hat seems to be leading or guiding the way, while the person in the pink shirt follows closely behind. This relative positioning suggests they might be traveling together, possibly as tourists or explorers visiting the historical site.","In the image, the person wearing a light brown hat is positioned to the left of the person wearing a pink shirt. They appear to be exploring the ancient stone ruins together, with the individual in the light brown hat slightly ahead or leading the way. The person in the pink shirt follows closely behind, indicating they might be part of the same group. The ruins and lush greenery provide a picturesque backdrop for their visit."
budget=5120_info_density_delay0_thumbattn,98,1.000000238418579,1.0,1.0,1.0,The white car is positioned to the left of the large white building.,The white car is positioned to the left of the large white building.
budget=5120_info_density_delay0_thumbattn,99,0.956510066986084,0.8265954852104187,0.8463507294654846,0.8363564610481262,"In the image, the black motorcycle is positioned to the left of the silver car. The silver car is slightly ahead of the motorcycle, and both are situated on the right side of the frame, near the bottom. The motorcycle is closer to the water's edge, while the car is a bit further back, near the buildings.","In the image, the black motorcycle is positioned to the left of the silver car. The motorcycle appears to be closer to the foreground, while the silver car is slightly further back, positioned more towards the right side relative to the motorcycle. Both vehicles are situated near the bottom right section of the image, close to the riverbank."
budget=5120_info_density_delay0_thumbattn,100,1.0,1.0,1.0,1.0,"The flag on the left side has three vertical stripes. From left to right, the colors are black, red, and yellow. This is the flag of Germany.","The flag on the left side has three vertical stripes. From left to right, the colors are black, red, and yellow. This is the flag of Germany."
budget=5120_info_density_delay0_thumbattn,101,0.9142314195632935,0.8065750598907471,0.7340459227561951,0.7686032056808472,"The small white building is located along the dock, which is adjacent to the water. It is positioned such that part of it is near the edge of the dock, with the water in the foreground. The building is situated to the right side of the image, closer to the large silos, and it stands on the dock that extends into the water. The building itself is relatively low in height compared to the silos and other structures around it.","The small white building is located on the dock, which is adjacent to the water. It is positioned such that the water is directly in front of it, along the shoreline. The building is closer to the viewer than the water's edge, as it is situated on the dock that extends into the water."
budget=5120_info_density_delay0_thumbattn,102,1.0,1.0000001192092896,1.0,1.0000001192092896,There are four computers visible on the table.,There are four computers visible on the table.
budget=5120_info_density_delay0_thumbattn,103,0.9657861590385437,0.8412662744522095,0.845487654209137,0.8433716297149658,"The American flag is positioned on the left side of the image. It is attached to a pole and is located near the front of the scene, slightly behind some of the items and signs in front of the building. The flag is visible among the various objects and appears to be flying or standing upright.","The American flag is positioned on the left side of the image. It is attached to a pole and is located near the center-left area, slightly behind some of the other items and signs. The flag is visible among the various objects and structures in the scene, which appears to be a rustic outdoor setting with a mix of items and decorations."
budget=5120_info_density_delay0_thumbattn,104,0.8399381637573242,0.8442028760910034,0.8219714164733887,0.8329388499259949,"The ""OPEN"" sign is located on the right side of the image, hanging near the front of the rustic shop with the wooden bear statue.","The ""OPEN"" sign is located on the building to the right side of the image, near the roofline, just below some foliage."
budget=5120_info_density_delay0_thumbattn,105,1.0,0.9999999403953552,0.9999999403953552,0.9999999403953552,The totem pole is positioned to the right of the bear statue.,The totem pole is positioned to the right of the bear statue.
budget=5120_info_density_delay0_thumbattn,106,0.9927289485931396,0.9871457815170288,0.9908876419067383,0.989013135433197,"The overhead electric wires are running parallel to the train tracks and are positioned above the train. They are angled slightly upwards from the perspective of the image, suggesting they are mounted on poles that extend along the length of the tracks. The wires are likely part of the catenary system that provides power to the electric train.","The overhead electric wires are running parallel to the train tracks and are positioned above the train. They are angled slightly upwards from the perspective of the image, suggesting they are mounted on poles that extend along the length of the tracks. The wires are likely part of the catenary system that provides power to the electric locomotive."
budget=5120_info_density_delay0_thumbattn,107,0.9905957579612732,0.9340239763259888,0.921464204788208,0.9277015924453735,"The person in the red jacket is positioned to the right of the large tree. They are closer to the hedge and appear to be walking along the path or grassy area beside it, while the large tree stands prominently on the left side of the image.","The person in the red jacket is positioned to the right of the large tree. They are closer to the hedge and appear to be walking along the path or grassy area beside it, while the large tree is more centrally located in the image."
budget=5120_info_density_delay0_thumbattn,108,0.9247798919677734,0.8319869637489319,0.8024659156799316,0.8169598579406738,"To the right of the image, there is a structure that appears to be an elephant statue. The statue is positioned near the edge of the waterfall, partially obscured by trees and foliage. The elephant is crafted from a material that resembles stone or concrete, and it has prominent features such as large ears and a trunk. The statue seems to be part of the landscaping around the waterfall, adding an artistic or thematic element to the natural setting.","To the right of the image, there is a structure that appears to be an elephant statue. The statue is positioned near the edge of the waterfall, partially obscured by trees and foliage. The elephant is depicted with its trunk raised, and water seems to be flowing from the tip of its trunk into the pool below. This artistic installation blends with the natural surroundings, creating a harmonious scene."
budget=5120_info_density_delay0_thumbattn,109,1.0000001192092896,1.0,1.0,1.0,There are three people standing in front of the entrance of the building.,There are three people standing in front of the entrance of the building.
budget=5120_info_density_delay0_thumbattn,110,0.8273594975471497,0.41839346289634705,0.712485671043396,0.5271992683410645,The left tower is closer to the viewer than the right tower.,"In the image, the left tower is closer to the viewer compared to the right tower. Let's break down the reasoning:

1. **Position and Perspective**: The left tower is positioned on the left side of the image and appears larger and more detailed. The right tower, situated further to the right, appears smaller and less detailed, indicating it is further away.

2. **Visual Overlap**: The left tower overlaps with the wall, suggesting it is in the foreground. The right tower is aligned with the wall but does not overlap as prominently, indicating it is set back and thus further away.

3. **Size and Detail**: Objects that are closer tend to appear larger and with more detail. The left tower shows more architectural details and appears larger, reinforcing that it is nearer.

4. **Linear Perspective**: The wall extends from the left tower towards the right tower. The perspective creates a sense of depth, with the left side being closer and the right side receding into the background.

Combining these observations, it is clear that the left tower is the one closer to the viewer."
budget=5120_info_density_delay0_thumbattn,111,0.9461075663566589,0.7312871813774109,0.8190784454345703,0.7726971507072449,"The building behind the statue is the District of Columbia Court of Appeals. The inscription on the building reads ""DISTRICT OF COLUMBIA COURT OF APPEALS."" This neoclassical structure features prominent columns and a pediment, which are characteristic architectural elements of such buildings. The statue in front of it is of Abraham Lincoln, as indicated by the name on the pedestal.","The building behind the statue is the ""District of Columbia Court of Appeals."" This is evident from the inscription on the building's pediment, which clearly reads ""DISTRICT OF COLUMBIA COURT OF APPEALS."" The architectural style, featuring large columns and a classical facade, is typical of many government buildings in the United States, emphasizing grandeur and stability. The statue in front of the building is of Abraham Lincoln, a significant historical figure in American history, often depicted in prominent locations such as courts and government buildings to symbolize justice and leadership."
budget=5120_info_density_delay0_thumbattn,112,1.0000001192092896,1.0000001192092896,1.0000001192092896,1.0000001192092896,"The statue is located on the right side of the image, near the end of the colonnade. It depicts a figure on horseback.","The statue is located on the right side of the image, near the end of the colonnade. It depicts a figure on horseback."
budget=5120_info_density_delay0_thumbattn,113,1.0,0.9999999403953552,0.9999998807907104,0.9999999403953552,The object directly to the right of the main entrance of the church is a bell tower.,The object directly to the right of the main entrance of the church is a bell tower.
budget=5120_info_density_delay0_thumbattn,114,0.9538289308547974,0.945923924446106,0.961683452129364,0.9537386298179626,The child in the foreground is running towards the right side of the image on the bridge.,"The child in the foreground is running forward on the bridge, towards the right side of the image."
budget=5120_info_density_delay0_thumbattn,115,0.9455980062484741,0.756441593170166,0.7913665175437927,0.7735100388526917,"In the image, the person is located on the right side, while the building is situated more towards the center-left part of the background. The person appears to be standing on the grassy area near the water's edge, whereas the building is set further back, amidst the trees. The person is in the foreground, and the building is in the midground, with the person being closer to the viewer than the building.","In the image, the person is located on the right side, while the building is situated more towards the center-left part of the background. The person appears to be standing on the grassy area near the water, further away from the building. The building is reflected in the water, which is in the foreground, and the person is standing on the grassy area beyond the water. The positioning suggests that the person is in the mid-ground, and the building is in the background."
budget=5120_info_density_delay0_thumbattn,116,0.8529331684112549,0.7264800071716309,0.8629773259162903,0.788867712020874,"To the right of the main house, there is a smaller building, possibly a shed or a cabin. It is nestled among the trees on the shore.","To the right of the main house, there is a smaller building, which appears to be a shed or a cabin. It is situated among the trees and is partially obscured by the foliage. The structure is much simpler in design compared to the main house and blends into the natural surroundings."
budget=5120_info_density_delay0_thumbattn,117,0.9983205795288086,0.9795708060264587,0.990820050239563,0.9851633310317993,"The clock is located on the wall to the right side of the room, near the windows. It is positioned above a wooden cabinet or shelf.","The clock is located on the wall to the right side of the room, near the window. It is positioned above a wooden cabinet or shelf."
budget=5120_info_density_delay0_thumbattn,118,0.8647397756576538,0.774441123008728,0.7127768993377686,0.7423306107521057,"The component labeled ""Sony"" is positioned to the right of the component labeled ""Mavica."" The ""Sony"" component, which appears to be a control panel or a part of a camera system, is situated further to the right side of the image, while the ""Mavica"" component, identified as ""Hi-Band Mavica MVC-5000,"" is on the left side.","The component labeled ""Sony"" is positioned to the right of the component labeled ""Mavica."" The ""Sony"" component is a handle-like structure, while the ""Mavica"" component is a black plastic part with a rectangular shape and a cutout near its base."
budget=5120_info_density_delay0_thumbattn,119,1.0,1.0000001192092896,1.0000001192092896,1.0000001192092896,"The word ""SWING"" is written on the parachute.","The word ""SWING"" is written on the parachute."
budget=5120_info_density_delay0_thumbattn,120,1.000000238418579,0.9999998807907104,0.9999998807907104,0.9999998807907104,"The word ""SWIRL"" is written on the parachute.","The word ""SWIRL"" is written on the parachute."
budget=5120_info_density_delay0_thumbattn,121,1.0000001192092896,0.9999999403953552,1.0,0.9999999403953552,"The word ""SWOOP"" is written on the parachute.","The word ""SWOOP"" is written on the parachute."
budget=5120_info_density_delay0_thumbattn,122,1.0,1.0000001192092896,1.0000001192092896,1.0000001192092896,"The word ""SPRING"" is written on the parachute.","The word ""SPRING"" is written on the parachute."
budget=5120_info_density_delay0_thumbattn,123,1.0,1.0000001192092896,1.0,1.0000001192092896,"The word ""Dally"" is visible on the suitcase.","The word ""Dally"" is visible on the suitcase."
budget=5120_info_density_delay0_thumbattn,124,1.0,1.0,1.0,1.0,"The word ""Dolly"" is visible on the suitcase.","The word ""Dolly"" is visible on the suitcase."
budget=5120_info_density_delay0_thumbattn,125,1.0000001192092896,0.9999999403953552,0.9999998807907104,0.9999999403953552,"The word ""NORTH"" is written on the hang glider.","The word ""NORTH"" is written on the hang glider."
budget=5120_info_density_delay0_thumbattn,126,1.0000001192092896,0.9999998807907104,0.9999999403953552,0.9999999403953552,"The word ""NORTH"" is written on the hang glider.","The word ""NORTH"" is written on the hang glider."
budget=5120_info_density_delay0_thumbattn,127,1.0000001192092896,0.9999999403953552,0.9999998807907104,0.9999999403953552,"The word ""NORTH"" is written on the hang glider.","The word ""NORTH"" is written on the hang glider."
budget=5120_info_density_delay0_thumbattn,128,1.0000001192092896,0.9999999403953552,0.9999999403953552,0.9999999403953552,"The word ""NORTH"" is written on the hang glider.","The word ""NORTH"" is written on the hang glider."
budget=5120_info_density_delay0_thumbattn,129,1.0,1.000000238418579,1.000000238418579,1.000000238418579,The license plate number of the car is 217722 ROMA.,The license plate number of the car is 217722 ROMA.
budget=5120_info_density_delay0_thumbattn,130,0.9080644249916077,0.8218406438827515,0.7790613770484924,0.7998794317245483,"The bird is positioned to the left of the car, on the cobblestone street. It appears to be near the front left wheel of the car, close to the ground.","The bird is positioned on the cobblestone street in front of the car, to the left side of the vehicle when facing it."
budget=5120_info_density_delay0_thumbattn,131,0.9182669520378113,0.9166215062141418,0.9228865504264832,0.9197433590888977,"The red rectangle on the sign reads ""Muzium Tekstil Negara,"" which is Malay for ""National Textile Museum.""","The text inside the red rectangle on the sign reads ""Muzium Tekstil Negara,"" which translates to ""National Textile Museum."""
budget=5120_info_density_delay0_thumbattn,132,1.0,0.9999999403953552,0.9999999403953552,0.9999999403953552,"The red rectangle on the sign contains the word ""Bank.""","The red rectangle on the sign contains the word ""Bank."""
budget=5120_info_density_delay0_thumbattn,133,1.0,1.0,1.0,1.0,The taller white building is to the right of the National Textile Museum.,The taller white building is to the right of the National Textile Museum.
budget=5120_info_density_delay0_thumbattn,134,1.0,1.0,1.0,1.0,"The word ""Gasthaus"" is written on the building to the left in the image.","The word ""Gasthaus"" is written on the building to the left in the image."
budget=5120_info_density_delay0_thumbattn,135,1.0,1.0000001192092896,1.0000001192092896,1.0000001192092896,The car located to the right of the orange car is yellow.,The car located to the right of the orange car is yellow.
budget=5120_info_density_delay0_thumbattn,136,1.0,1.0,1.0,1.0,The object placed directly in front of the bench on the left side of the image is a bicycle.,The object placed directly in front of the bench on the left side of the image is a bicycle.
budget=5120_info_density_delay0_thumbattn,137,0.9985443949699402,0.9703140258789062,0.9698872566223145,0.9701006412506104,There are three people seated at the table on the right side of the image where the woman in a striped shirt is standing.,There are three people seated at the table on the right side of the image where the woman in the striped shirt is standing.
budget=5120_info_density_delay0_thumbattn,138,0.9001798629760742,0.9426132440567017,0.9019472002983093,0.9218319654464722,"Inside the partially built brick structure, you can see a wooden box and a bouquet of flowers.","Inside the partially built brick structure, a bouquet of flowers can be seen."
budget=5120_info_density_delay0_thumbattn,139,0.9203598499298096,0.6998509764671326,0.852596640586853,0.7687094807624817,"In the image, the chairs are located to the left of the bicycles. The chairs are part of an outdoor seating area, while the bicycles are parked near the building entrance on the right side of the seating area.","In the image, the chairs are located to the left of the bicycles. The chairs are part of an outdoor seating area, likely for a café or restaurant, and are positioned on a paved area. The bicycles, on the other hand, are parked in a row to the right of the chairs, closer to the building entrance. This arrangement suggests that the seating area is meant for people who might cycle to the location, providing a convenient spot to rest or enjoy a meal."
budget=5120_info_density_delay0_thumbattn,140,1.0,1.0,1.0,1.0,There are three bicycles visible near the building's entrance on the right side of the image.,There are three bicycles visible near the building's entrance on the right side of the image.
budget=5120_info_density_delay0_thumbattn,141,0.8872083425521851,0.8112420439720154,0.7944629192352295,0.8027648329734802,"The car is located behind the statue of the lion on the left side of the image. The lion statue is in the foreground, while the car is further back, partially obscured by the building and other structures.","The car is positioned to the left of the statue of the lion when facing the building. The lion statue is in the foreground on the right side of the image, while the car is further back and to the left."
budget=5120_info_density_delay0_thumbattn,142,0.8968856334686279,0.8295568823814392,0.6343976855278015,0.7189689874649048,"The car is positioned to the left of the central tower of the building when facing the building directly. It appears to be on a street or road that runs alongside the building, slightly in front of the lower sections of the structure. The car is at a lower elevation compared to the central tower, which rises prominently above the rest of the building.",The car is positioned to the left of the central tower of the building when facing it.
budget=5120_info_density_delay0_thumbattn,143,0.9548946619033813,0.8996455073356628,0.9044322967529297,0.9020324945449829,The object in the red circle is a plastic water bottle. Its primary function is to contain and transport drinking water.,The primary function of the object in the red circle—a plastic water bottle—is to hold and transport drinking water.
budget=5120_info_density_delay0_thumbattn,144,0.9772877097129822,0.8169757127761841,0.8559062480926514,0.8359879851341248,The label in the red circle on the water bottle likely serves to indicate that the bottle is open or has been used. This is a common practice to remind the user or others that the contents have been accessed and may not be sterile anymore. It helps in maintaining hygiene and ensuring that the bottle is properly managed.,"The label in the red circle on the water bottle likely serves to indicate that the bottle is open. This is a common practice to alert consumers that the contents have been accessed and may no longer be at the same level of safety as unopened products. It helps ensure that users are aware of the bottle's status, especially in shared or public settings."
budget=5120_info_density_delay0_thumbattn,145,0.9899420738220215,0.9261585474014282,0.8792876601219177,0.902114748954773,"The label in the red circle on the water bottle is a ""Recycle"" symbol. This symbol is widely recognized and used to indicate that the bottle is recyclable. The presence of this label suggests an emphasis on environmental consciousness and recycling practices. It's a small but important detail that aligns with efforts to promote sustainability and proper waste management.","The label in the red circle on the water bottle is a ""Recycle"" symbol. This symbol is widely recognized and used to indicate that the bottle is recyclable. The presence of this label suggests an emphasis on environmental responsibility and recycling, which is a common practice to reduce waste and promote sustainability."
budget=5120_info_density_delay0_thumbattn,146,0.7156239748001099,0.5696229934692383,0.4800519347190857,0.5210157632827759,"The Chinese text in the red rectangle reads ""南福同"" (Nán Fú Tóng). This phrase doesn't directly translate to a meaningful English phrase as it seems to be a proper noun, possibly the name of a place, business, or market. The characters individually translate to:

- 南 (Nán): South
- 福 (Fú): Blessing, fortune
- 同 (Tóng): Together, same

So, ""南福同"" could be interpreted as ""South Blessing Together"" or ""South Fortune Together,"" but it likely retains its original form as a name.","The Chinese text in the red rectangle reads ""南福花市,"" which translates to ""Nam Fok Flower Market"" in English. This indicates that the area is a bustling market specializing in flowers and related goods. The scene captures a vibrant street market with numerous stalls, people, and a tram, characteristic of a lively urban area."
budget=5120_info_density_delay0_thumbattn,147,0.7229143381118774,0.7067027688026428,0.6964621543884277,0.7015451192855835,"The two numbered locations that belong to the same country are:

- **1** (near the center, in the region of Xinjiang, China)
- **2** (southeast of location 1, in the region of Tibet, China)

Both locations are in China.","The two numbered locations on the map are both in China. 

1. The red circle (number 1) is located in the Xinjiang region in northwest China.
2. The red circle (number 2) is located in the Sichuan province in southwest China.

Both are within the territory of China."
budget=5120_info_density_delay0_thumbattn,148,0.9250146150588989,0.7135851383209229,0.8729106783866882,0.7852476239204407,"The two numbered locations that belong to the same country are:

1. Location 3
2. Location 4

Both are in China.","The two numbered locations that belong to the same country are:

1. Location 1 (upper left part of the map)
2. Location 2 (near the center of the map)

Both of these locations are in China."
budget=5120_info_density_delay0_thumbattn,149,0.7789774537086487,0.4881107211112976,0.6557942628860474,0.5596622824668884,"The two numbered locations that belong to the same country are:

- Location 1 and Location 2, which are both in China.","Let's examine the map and the numbered locations to determine which two belong to the same country.

1. **Location 2**:
   - This is in Central Asia, on the western part of China, near the edge of the Taklamakan Desert.

2. **Location 4**:
   - This is in East Asia, on the eastern coast of China, near the Sea of Japan.

Both Location 2 and Location 4 are within the borders of China. 

Therefore, **numbered locations 2 and 4 belong to the same country, which is China**."
budget=5120_info_density_delay0_thumbattn,150,0.8468189239501953,0.6548057794570923,0.5659494996070862,0.607143759727478,"The two numbered locations that belong to the same country are:

- **1** and **2**: Both are in China.
- **3** and **4**: Both are in Russia.

However, since the question asks for only one pair, you can choose either pair. If you need a specific pair, please let me know!","The two numbered locations that belong to the same country are:

1. Location 2
2. Location 4

Both of these locations are in China. Location 2 is in the southwestern part of China, while Location 4 is in the north-central part of the country."
budget=5120_info_density_delay0_thumbattn,151,0.9044675827026367,0.9391738772392273,0.9686418175697327,0.9536802768707275,The two numbered locations that belong to the same country are 2 and 3. Both are located in Japan.,The two numbered locations that belong to the same country are numbers 2 and 3. Both are located in the United Kingdom.
budget=5120_info_density_delay0_thumbattn,152,0.8720940947532654,0.9577646255493164,0.9738537073135376,0.9657421708106995,The two numbered locations that belong to the same country are 2 and 3. Both are located in Turkey.,The two numbered locations that belong to the same country are numbers 2 and 4. Both are located in Japan.
budget=5120_info_density_delay0_thumbattn,153,0.9104154109954834,0.9825540781021118,0.982554018497467,0.982554018497467,The two numbered locations that belong to the same country are numbers 2 and 3. Both are located in Russia.,The two numbered locations that belong to the same country are numbers 2 and 4. Both are located in Japan.
budget=5120_info_density_delay0_thumbattn,154,0.7888317704200745,0.8062033653259277,0.6049119830131531,0.691200852394104,"The two numbered locations that belong to the same country are:

- Location 2 (Iceland)
- Location 3 (Greenland)

Both are part of Denmark.","The two numbered locations that belong to the same country are numbers 2 and 3, which are both in Turkey."
budget=5120_info_density_delay0_thumbattn,155,0.8740196228027344,0.7137298583984375,0.51418536901474,0.5977439284324646,"The two numbered locations that belong to the same country are:

- Location 3: This is in Central America, specifically in Nicaragua.
- Location 4: This is in North America, specifically in Alaska, USA.

However, upon closer inspection, it appears that Locations 3 and 4 do not belong to the same country. Let's reassess:

- Location 1 and Location 2 are both in Russia. 

So, the correct answer is that Locations 1 and 2 belong to the same country, Russia.","The two numbered locations that belong to the same country are:

- Location 1 and Location 3, both of which are in Mexico."
budget=5120_info_density_delay0_thumbattn,156,1.000000238418579,0.9999999403953552,0.9999999403953552,0.9999999403953552,"The two numbered locations that belong to the same country are:

- Location 1 and Location 2, which are both in Russia.","The two numbered locations that belong to the same country are:

- Location 1 and Location 2, which are both in Russia."
budget=5120_info_density_delay0_thumbattn,157,0.9017750024795532,0.6536674499511719,0.8142073750495911,0.7251583933830261,The two numbered locations that belong to the same country are 3 and 4. Both are in Russia.,"The two numbered locations that belong to the same country are both in Russia. Location 1 is in the Far East near the Kamchatka Peninsula, and location 3 is in the European part near the Baltic Sea. Both areas are part of Russia."
budget=5120_info_density_delay0_thumbattn,158,0.9595507979393005,0.8905431032180786,0.893768846988678,0.8921530246734619,"The two numbered locations that belong to the same country are:

- Location 1: This is in Central America, specifically in Nicaragua.
- Location 4: This is also in Central America, specifically in Costa Rica.

Both locations are in the Central American region, which is part of the Americas.","The two numbered locations that belong to the same country are:

- Location 1: This is in Central America, specifically in Guatemala.
- Location 4: This is also in Central America, specifically in Belize.

Both locations are in the Caribbean region and share the same country borders."
budget=5120_info_density_delay0_thumbattn,159,1.0000001192092896,1.0,1.0,1.0,The red rectangle highlights the face of George Washington on Mount Rushmore.,The red rectangle highlights the face of George Washington on Mount Rushmore.
budget=5120_info_density_delay0_thumbattn,160,0.9816904664039612,0.9728341102600098,0.9728341102600098,0.9728341102600098,The red rectangle highlights the face of Abraham Lincoln on Mount Rushmore.,The red rectangle on Mount Rushmore highlights the face of Abraham Lincoln.
budget=5120_info_density_delay0_thumbattn,161,1.0000001192092896,1.000000238418579,1.000000238418579,1.000000238418579,The red rectangle on Mount Rushmore highlights the face of Abraham Lincoln.,The red rectangle on Mount Rushmore highlights the face of Abraham Lincoln.
budget=5120_info_density_delay0_thumbattn,162,0.8545972108840942,0.9527608156204224,0.9527608156204224,0.9527608156204224,The red rectangle highlights the face of George Washington on Mount Rushmore.,The red rectangle on Mount Rushmore highlights the face of Abraham Lincoln.
budget=5120_info_density_delay0_thumbattn,163,1.0000001192092896,1.0,1.0,1.0,The red rectangle highlights the face of George Washington on Mount Rushmore.,The red rectangle highlights the face of George Washington on Mount Rushmore.
budget=5120_info_density_delay0_thumbattn,164,1.0,1.0000001192092896,1.0000001192092896,1.0000001192092896,The red rectangle highlights the face of Thomas Jefferson on Mount Rushmore.,The red rectangle highlights the face of Thomas Jefferson on Mount Rushmore.
budget=5120_info_density_delay0_thumbattn,165,0.8545972108840942,0.9527607560157776,0.9527608156204224,0.9527607560157776,The red rectangle highlights the face of George Washington on Mount Rushmore.,The red rectangle on Mount Rushmore highlights the face of Abraham Lincoln.
budget=5120_info_density_delay0_thumbattn,166,1.0,1.0000001192092896,1.0,1.0000001192092896,The red rectangle on Mount Rushmore highlights the face of Thomas Jefferson.,The red rectangle on Mount Rushmore highlights the face of Thomas Jefferson.
budget=5120_info_density_delay0_thumbattn,167,0.9999999403953552,0.9999998211860657,0.9999998211860657,0.9999998211860657,97,97
budget=5120_info_density_delay0_thumbattn,168,0.5775696039199829,0.5149163007736206,0.6506344079971313,0.5748738050460815,57,69.5
budget=5120_info_density_delay0_thumbattn,169,0.9999999403953552,0.9999998211860657,0.9999998211860657,0.9999998211860657,97,97
budget=5120_info_density_delay0_thumbattn,170,0.7572998404502869,0.9320593476295471,0.9320593476295471,0.9320592880249023,44.5,30.5
budget=5120_info_density_delay0_thumbattn,171,0.5052710175514221,0.7926654815673828,0.7926654815673828,0.7926654815673828,97,169
budget=5120_info_density_delay0_thumbattn,172,0.7476342916488647,0.9306275844573975,0.9306275844573975,0.9306275844573975,51.5,79.5
budget=5120_info_density_delay0_thumbattn,173,0.9999999403953552,0.9999998211860657,0.9999998211860657,0.9999998211860657,97,97
budget=5120_info_density_delay0_thumbattn,174,0.5897203683853149,0.8671860098838806,0.8671860098838806,0.8671860098838806,46.5,10.5
budget=5120_info_density_delay0_thumbattn,175,0.6307940483093262,0.7716635465621948,0.7716635465621948,0.7716635465621948,94,169
budget=5120_info_density_delay0_thumbattn,176,0.7591216564178467,0.9124672412872314,0.9124672412872314,0.9124672412872314,61.5,85.5
budget=5120_info_density_delay0_thumbattn,177,0.6202594041824341,0.5622859001159668,0.5663697719573975,0.56432044506073,"The image does not show a flag, so I can't determine its color.","The flag is red, white, and blue."
budget=5120_info_density_delay0_thumbattn,178,1.000000238418579,0.9999998807907104,0.9999999403953552,0.9999999403953552,The car is red.,The car is red.
budget=5120_info_density_delay0_thumbattn,179,0.9821994304656982,0.9716393947601318,0.9515458345413208,0.9614876508712769,"There is no house visible in the image. The landscape features rocky cliffs, a flat plain with some water pools, and distant mountains.","There is no house in the image. The landscape features rocky cliffs, a flat plain with patches of water, and distant mountains."
budget=5120_info_density_delay0_thumbattn,180,1.0,0.9999999403953552,0.9999999403953552,0.9999999403953552,There are two people in the boat.,There are two people in the boat.
budget=5120_info_density_delay0_thumbattn,181,0.972190797328949,0.973163366317749,0.9696785807609558,0.9714178442955017,"There isn't a car visible in the image. The picture shows a coastal landscape with cliffs, water, and some vegetation.","There isn't a car in the image. The picture shows a coastal landscape with rock formations, water, and some vegetation."
budget=5120_info_density_delay0_thumbattn,182,0.8319197297096252,0.7101535201072693,0.7917520999908447,0.7487361431121826,"The person is carrying a golf bag, which is prominently visible in the image. The golf bag contains several golf clubs, and the person is also wearing a glove on one hand, which is typical equipment for a golfer.","The most prominent piece of equipment visible in the person's possession is a golf bag. The bag is large and appears to be made of durable fabric, with multiple pockets and straps. It is designed to carry various golf clubs, and the person is holding it over their shoulder. The bag also has a towel attached to it, which is commonly used for wiping off sweat or cleaning clubs during a game."
budget=5120_info_density_delay0_thumbattn,183,1.0,1.0,1.0,1.0,"The flag on the left is the flag of Germany. It features three horizontal bands of black, red, and yellow.","The flag on the left is the flag of Germany. It features three horizontal bands of black, red, and yellow."
budget=5120_info_density_delay0_thumbattn,184,0.9226362109184265,0.8121404647827148,0.9009623527526855,0.8542487621307373,"The flag on the right is the flag of Bavaria, representing the German federal state of Bavaria (Bayern). The flag features a blue and white diagonal division, with a white ""B"" on a blue background in the upper left corner, symbolizing the historical connection to the Babenberg family.","The flag on the right is the flag of Bavaria, representing the German federal state of Bavaria (Bayern). The flag features a blue and white diagonal division, with a white ""B"" on a blue background in the upper left corner. The ""B"" stands for ""Bayerisch,"" which means ""Bavarian."" Bavaria is known for its rich history, culture, and architectural landmarks."
budget=5120_info_density_delay0_thumbattn,185,0.9728789925575256,0.7130637168884277,0.916893482208252,0.8022339344024658,"The ship in the image displays the flag of the Netherlands. The flag features horizontal stripes of red, white, and blue, which are the colors of the Dutch national flag. This indicates that the naval ship belongs to the Netherlands.","The ship in the image displays the flag of the Netherlands. The flag features horizontal stripes of red, white, and blue, which are the colors of the Dutch national flag. This indicates that the naval ship belongs to the Royal Netherlands Navy. The Netherlands, officially known as the Kingdom of the Netherlands, has a long history of maritime activity, and its navy plays a crucial role in maintaining national security and participating in international operations. The presence of this flag confirms the ship's affiliation with the Dutch naval forces."
budget=5120_info_density_delay0_thumbattn,186,0.9819793701171875,0.7672844529151917,0.7574862837791443,0.7623538970947266,"The license plate on the vehicle in the image provides a clue to the country of registration. Let's break down the details:

1. **License Plate Format**: The license plate reads ""FK-879"". This format, with a letter followed by a combination of numbers and letters, is common in several countries.

2. **Region Clue**: The letter ""F"" often indicates a specific region within a country. In many European countries, the first letter of the license plate denotes the region where the vehicle was registered.

3. **Country Identification**: The combination ""FK"" is specific to Faroe Islands. The Faroe Islands is a self-governing territory within the Kingdom of Denmark, and ""FK"" is the code used for vehicles registered there.

Therefore, the license plate ""FK-879"" indicates that the vehicle is registered in the Faroe Islands. This conclusion is supported by the distinctive alphanumeric format used by Faroe Islands for vehicle registration plates.","The license plate on the vehicle in the image provides a clue to its registration. The license plate reads ""FK-873."" The format and the letters and numbers can help determine the country.

1. **License Plate Format**: Many countries have specific formats for their license plates. The combination of letters and numbers can often indicate the country's registration system.
   
2. **Region Indication**: The ""FK"" part of the license plate is particularly telling. In many countries, the initial letters on a license plate indicate the region or the city where the vehicle was registered. ""FK"" corresponds to Faroe Islands, an autonomous territory within the Kingdom of Denmark.

3. **Combining Information**: Given the ""FK"" prefix, it is highly likely that the vehicle is registered in the Faroe Islands. The Faroe Islands use a combination of letters and numbers for their license plates, and ""FK"" is their specific code.

Therefore, the license plate is registered in the Faroe Islands."
budget=5120_info_density_delay0_thumbattn,187,0.9555147886276245,0.9523898959159851,0.9685987830162048,0.9604259729385376,"The square white adapter in the image is an Apple USB-C adapter. Apple was founded by Steve Jobs, Steve Wozniak, and Ronald Wayne.","The square white adapter in the image is an Apple USB power adapter. Apple Inc. was founded by Steve Jobs, Steve Wozniak, and Ronald Wayne."
budget=5120_info_density_delay0_thumbattn,188,0.9852291941642761,0.9399165511131287,0.9530986547470093,0.9464617371559143,"The image shows an industrial waterfront scene with silos, conveyor structures, and buildings. There is no blue backpack or airplane visible in the image. Therefore, I can't determine the position of a blue backpack relative to an airplane.","The image shows an industrial waterfront scene with buildings, cranes, and a body of water. There is no blue backpack or airplane visible in the image. Therefore, I can't determine the position of a blue backpack relative to an airplane."
budget=5120_info_density_delay0_thumbattn,189,0.9837390780448914,0.8734394907951355,0.8756018280982971,0.8745193481445312,"To determine the position of the blue backpack relative to the umbrella, let's carefully observe the image.

1. **Identify the Umbrella**: The umbrella is located on the bridge in the foreground, slightly to the left side of the image. It is being held by a person standing on the bridge.

2. **Identify the Blue Backpack**: The blue backpack is situated on the ground near the rocks at the base of the castle, closer to the right side of the image.

3. **Compare Positions**:
   - The umbrella is positioned higher up, as it is on the bridge, while the blue backpack is on the ground level near the rocks.
   - The umbrella is more towards the left side of the image, whereas the blue backpack is more towards the right side.

4. **Relative Position**: The blue backpack is located to the right and below the position of the umbrella when viewed from the perspective of the image.

In summary, the blue backpack is situated to the right and below the umbrella.","To determine the position of the blue backpack relative to the umbrella, let's carefully observe the image.

1. **Identify the Umbrella**: The umbrella is located on the bridge, slightly to the left side of the image. It is being held by a person standing on the bridge.

2. **Identify the Blue Backpack**: The blue backpack is situated on the ground near the large rock formation at the bottom right of the image. It is positioned close to the railing.

3. **Compare Positions**:
   - The umbrella is on the bridge, which is higher up in the image.
   - The blue backpack is on the ground level, to the right side of the image.

4. **Relative Position**:
   - The blue backpack is positioned to the right and below the umbrella. If you follow the horizontal line from the umbrella down to the ground level, you will find the blue backpack situated further to the right.

Thus, the blue backpack is to the right and below the umbrella."
budget=5120_info_density_delay0_thumbattn,190,0.9999998807907104,0.9999997615814209,0.9999997615814209,0.9999997615814209,The blue backpack is positioned to the right of the wooden box.,The blue backpack is positioned to the right of the wooden box.
budget=5120_info_density_delay0_thumbattn,191,1.0000001192092896,1.0,0.9999999403953552,0.9999999403953552,The wooden jewelry box is positioned to the right of the clock.,The wooden jewelry box is positioned to the right of the clock.
budget=5120_info_density_delay0_thumbattn,192,1.0,1.0000001192092896,1.0000001192092896,1.0000001192092896,There are two chairs in the image.,There are two chairs in the image.
budget=5120_info_density_delay0_thumbattn,193,1.0000001192092896,1.0,1.0,1.0,The chairs are facing towards the window.,The chairs are facing towards the window.
budget=5120_info_density_delay0_thumbattn,194,0.975663423538208,0.9417536854743958,0.9832121133804321,0.9620363712310791,The blue backpack is to the left of the warning sign.,The blue backpack is positioned to the left of the warning sign.
budget=5120_info_density_delay0_thumbattn,195,0.9774499535560608,0.9403992891311646,0.939170241355896,0.9397844076156616,"The black car is positioned to the left of the tram when facing down the street. It is parked along the side of the road, while the tram is traveling down the center of the street.","The black car is positioned to the left of the tram when facing the image. It is parked along the street, while the tram is traveling down the center of the road."
budget=5120_info_density_delay0_thumbattn,196,1.0000001192092896,0.9999997615814209,0.9999997615814209,0.9999997615814209,There are three people in the image.,There are three people in the image.
budget=5120_info_density_delay0_thumbattn,197,0.8004469275474548,0.9927067160606384,0.9927067160606384,0.9927067160606384,There are five people in the image.,There are four people in the image.
budget=5120_info_density_delay0_thumbattn,198,0.8134293556213379,0.9177756309509277,0.8623775839805603,0.8892146348953247,"There are two people in the image. One person is prominently visible sitting in the foreground, wearing a hat and a brown outfit. Another person can be seen in the background, partially obscured and out of focus.","There are two people in the image. One person is prominently featured in the foreground, sitting and smiling, while the other person is partially visible in the background."
budget=5120_info_density_delay0_thumbattn,199,0.8288822770118713,0.6405085921287537,0.5517399311065674,0.5928196310997009,"The boat is located further out in the water, to the left side of the image, while the buildings are situated on the rocky outcrop to the right. So, the boat is to the left and somewhat in front of the buildings.","The boat is not visible in the image, so I can't determine its position relative to the buildings."
